drug_A,drug_B,CID_A,CID_B,ddinter_ids_A,ddinter_ids_B,enzymes,mechanism
Methotrexate,Trimethoprim,4112,5578,DDInter1174,DDInter1874,ABCB1 (P-gp),"transporter induction, transporter inhibition"
Cyclophosphamide,Thalidomide,2907,5426,DDInter456,DDInter1789,"CYP2C19, CYP3A5","CYP induction, CYP inhibition"
Carboplatin,Sorafenib,38904,216239,DDInter298,DDInter1702,ABCC2 (MRP2),transporter inhibition
Celecoxib,Tamoxifen,2662,5376,DDInter336,DDInter1744,CYP3A4,"CYP induction, CYP inhibition"
Thalidomide,Vincristine,5426,5978,DDInter1789,DDInter1937;DDInter1938,CYP3A5,CYP induction
Tamoxifen,Thalidomide,5376,5426,DDInter1744,DDInter1789,"CYP2C19, CYP3A5","CYP induction, CYP inhibition"
Cyclophosphamide,Thiotepa,2907,5453,DDInter456,DDInter1797,"CYP2B6, CYP3A4","CYP induction, CYP inhibition"
Bupropion,Leflunomide,444,3899,DDInter252,DDInter1033,CYP2C9,CYP inhibition
Leflunomide,Rofecoxib,3899,5090,DDInter1033,DDInter1613,CYP1A2,CYP inhibition
Erythromycin,Leflunomide,3255,3899,DDInter670,DDInter1033,CYP1A2,CYP inhibition
Fluconazole,Arsenic Trioxide,3365,14888,DDInter743,DDInter120,"ABCB1 (P-gp), CYP3A4","CYP inhibition, transporter inhibition"
Aspirin,Leflunomide,2244,3899,DDInter20,DDInter1033,CYP2C9,CYP inhibition
Bupropion,Tamoxifen,444,5376,DDInter252,DDInter1744,CYP3A4,"CYP induction, CYP inhibition"
Celecoxib,Ketorolac,2662,3826,DDInter336,DDInter1010;DDInter1011,PTGS2,CYP inhibition
Citalopram,Tamoxifen,2771,5376,DDInter388,DDInter1744,CYP3A4,"CYP induction, CYP inhibition"
Ketoprofen,Leflunomide,3825,3899,DDInter1009,DDInter1033,CYP2C9,CYP inhibition
Celecoxib,Leflunomide,2662,3899,DDInter336,DDInter1033,CYP2C9,CYP inhibition
Etodolac,Leflunomide,3308,3899,DDInter699,DDInter1033,CYP2C9,CYP inhibition
Fentanyl,Dasatinib,3345,3062316,DDInter722,DDInter484,"ABCB1 (P-gp), CYP3A4","CYP inhibition, transporter inhibition"
Citalopram,Sorafenib,2771,216239,DDInter388,DDInter1702,CYP3A4,CYP inhibition
Leflunomide,Pioglitazone,3899,4829,DDInter1033,DDInter1472,CYP2C9,CYP inhibition
Arthrotec,Leflunomide,3032,3899,DDInter537;DDInter538;DDInter539,DDInter1033,CYP2C9,CYP inhibition
Carbamazepine,Bortezomib,2554,93860,DDInter293,DDInter222,CYP1A2,"CYP induction, CYP inhibition"
Vincristine,Voriconazole,5978,71616,DDInter1937;DDInter1938,DDInter1946,CYP3A4,CYP inhibition
Ibuprofen,Leflunomide,3672,3899,DDInter900,DDInter1033,CYP2C9,CYP inhibition
Fenofibrate,Leflunomide,3339,3899,DDInter718,DDInter1033,CYP2C9,CYP inhibition
Itrizole,Vincristine,3793,5978,DDInter995,DDInter1937;DDInter1938,"ABCB1 (P-gp), CYP3A4","CYP inhibition, transporter induction, transporter inhibition"
Fluoxetine,Tamoxifen,3386,5376,DDInter758,DDInter1744,"ABCB1 (P-gp), CYP3A4","CYP induction, CYP inhibition, transporter induction, transporter inhibition"
Ondansetron,Arsenic Trioxide,4595,14888,DDInter1342,DDInter120,CYP3A4,CYP inhibition
Paroxetine,Tamoxifen,4691,5376,DDInter1397,DDInter1744,"ABCB1 (P-gp), CYP2C9","CYP inhibition, transporter induction, transporter inhibition"
Leflunomide,Lovastatin,3899,3962,DDInter1033,DDInter1098,CYP2C9,"CYP induction, CYP inhibition"
Fluconazole,Leflunomide,3365,3899,DDInter743,DDInter1033,CYP2C9,CYP inhibition
Phenytoin,Leflunomide,1775,3899,DDInter1460,DDInter1033,CYP2C9,"CYP induction, CYP inhibition"
Indomethacin,Leflunomide,3715,3899,DDInter921,DDInter1033,CYP2C9,CYP inhibition
Acetaminophen,Leflunomide,1983,3899,DDInter14,DDInter1033,CYP2C9,CYP inhibition
Busulfan,Metronidazole,2478,4173,DDInter255,DDInter1202,CYP3A4,CYP inhibition
Bicalutamide,Citalopram,2375,2771,DDInter204,DDInter388,CYP2D6,CYP inhibition
Lansoprazole,Erlotinib,3883,176870,DDInter1022,DDInter667,"ABCG2 (BCRP), CYP1A2, CYP2C8","CYP induction, CYP inhibition, transporter inhibition"
Ifosfamide,Thalidomide,3690,5426,DDInter906,DDInter1789,"CYP2C19, CYP3A5","CYP induction, CYP inhibition"
Medroxyprogesterone,Bosentan,10631,104865,DDInter1137,DDInter223,"CYP2C9, CYP3A4","CYP induction, CYP inhibition"
Leflunomide,Oxaprozin,3899,4614,DDInter1033,DDInter1358,CYP2C9,CYP inhibition
Arsenic Trioxide,Palonosetron,14888,148211,DDInter120,DDInter1382,CYP3A4,CYP inhibition
Leflunomide,Thalidomide,3899,5426,DDInter1033,DDInter1789,CYP2C9,CYP inhibition
Atorvastatin EP Impurity B,Leflunomide,2250,3899,DDInter133,DDInter1033,CYP2C9,"CYP induction, CYP inhibition"
Carbamazepine,Leflunomide,2554,3899,DDInter293,DDInter1033,"CYP1A2, CYP2C9","CYP induction, CYP inhibition"
Ifosfamide,Thiotepa,3690,5453,DDInter906,DDInter1797,"CYP2B6, CYP3A4","CYP induction, CYP inhibition"
Hydroxychloroquine,Tamoxifen,3652,5376,DDInter893,DDInter1744,CYP2D6,CYP inhibition
Azathioprine,6-Mercaptopurine,2265,667490,DDInter150,DDInter1156,HPRT1,CYP inhibition
Leflunomide,Bosentan,3899,104865,DDInter1033,DDInter223,CYP2C9,"CYP induction, CYP inhibition"
Valproic Acid,Leflunomide,3121,3899,DDInter1913,DDInter1033,CYP2C9,CYP inhibition
Anzemet,Mitoxantrone,3148,4212,DDInter581,DDInter1234,CYP3A4,CYP inhibition
Cimetidine,Tamoxifen,2756,5376,DDInter380,DDInter1744,"ABCB1 (P-gp), CYP3A4","CYP induction, CYP inhibition, transporter induction, transporter inhibition"
Fentanyl,Imatinib,3345,5291,DDInter722,DDInter909,"ABCB1 (P-gp), CYP3A4","CYP inhibition, transporter inhibition"
Leflunomide,Valdecoxib,3899,119607,DDInter1033,DDInter1910,CYP2C9,CYP inhibition
Thalidomide,Capecitabine,5426,60953,DDInter1789,DDInter285,CYP2C9,CYP inhibition
Leflunomide,Simvastatin,3899,54454,DDInter1033,DDInter1675,CYP2C9,"CYP induction, CYP inhibition"
Isoniazid,Leflunomide,3767,3899,DDInter986,DDInter1033,CYP2C9,CYP inhibition
Ciprofloxacin,Arsenic Trioxide,2764,14888,DDInter384,DDInter120,"ABCB1 (P-gp), CYP3A4","CYP inhibition, transporter inhibition"
Prochlorperazine,Arsenic Trioxide,4917,14888,DDInter1527,DDInter120,CYP3A4,CYP inhibition
Clotrimazole,Leflunomide,2812,3899,DDInter416,DDInter1033,CYP2C9,CYP inhibition
5-Fluorouracil,Thalidomide,3385,5426,DDInter757,DDInter1789,CYP2C9,CYP inhibition
Carbamazepine,Imatinib,2554,5291,DDInter293,DDInter909,"ABCB1 (P-gp), CYP1A2, CYP3A4","CYP induction, CYP inhibition, transporter induction, transporter inhibition"
Citalopram,Arsenic Trioxide,2771,14888,DDInter388,DDInter120,CYP3A4,CYP inhibition
Lansoprazole,Dasatinib,3883,3062316,DDInter1022,DDInter484,"ABCB1 (P-gp), CYP1A2, CYP3A4","CYP induction, CYP inhibition, transporter inhibition"
Anzemet,Arsenic Trioxide,3148,14888,DDInter581,DDInter120,CYP3A4,CYP inhibition
Anzemet,Tamoxifen,3148,5376,DDInter581,DDInter1744,CYP3A4,"CYP induction, CYP inhibition"
Cyclophosphamide,Leflunomide,2907,3899,DDInter456,DDInter1033,CYP2C9,"CYP induction, CYP inhibition"
Ritonavir,Vincristine,5076,5978,DDInter1607,DDInter1937;DDInter1938,"ABCB1 (P-gp), CYP3A4","CYP induction, CYP inhibition, transporter induction, transporter inhibition"
Arthrotec,Dasatinib,3032,3062316,DDInter537;DDInter538;DDInter539,DDInter484,"ABCB1 (P-gp), CYP1A2","CYP inhibition, transporter inhibition"
Ritonavir,Vinblastine,5076,13342,DDInter1607,DDInter1936,"ABCB1 (P-gp), CYP3A4","CYP induction, CYP inhibition, transporter induction, transporter inhibition"
Itrizole,Dasatinib,3793,3062316,DDInter995,DDInter484,"ABCB1 (P-gp), CYP1A1, CYP3A4","CYP induction, CYP inhibition, transporter inhibition"
Pantoprazole,Dasatinib,4679,3062316,DDInter1388,DDInter484,"ABCB1 (P-gp), CYP1A2","CYP induction, transporter inhibition"
Pantoprazole,Erlotinib,4679,176870,DDInter1388,DDInter667,"ABCG2 (BCRP), CYP1A2","CYP induction, transporter inhibition"
Indomethacin,Methotrexate,3715,4112,DDInter921,DDInter1174,ABCC2 (MRP2),transporter inhibition
Lansoprazole,Methotrexate,3883,4112,DDInter1022,DDInter1174,ABCB1 (P-gp),transporter inhibition
Ketoprofen,Methotrexate,3825,4112,DDInter1009,DDInter1174,SLCO1B1 (OATP1B1),transporter inhibition
Methotrexate,Pantoprazole,4112,4679,DDInter1174,DDInter1388,ABCB1 (P-gp),transporter inhibition
Diflunisal,Methotrexate,3059,4112,DDInter551,DDInter1174,SLCO1B1 (OATP1B1),transporter inhibition
Ofloxacin,Arsenic Trioxide,4583,14888,DDInter1325,DDInter120,ABCC2 (MRP2),"transporter induction, transporter inhibition"
Simvastatin,Lenalidomide,54454,216326,DDInter1675,DDInter1035,ABCB1 (P-gp),transporter inhibition
Ibuprofen,Dasatinib,3672,3062316,DDInter900,DDInter484,ABCB1 (P-gp),transporter inhibition
Arthrotec,Methotrexate,3032,4112,DDInter537;DDInter538;DDInter539,DDInter1174,ABCC1,transporter inhibition
Etodolac,Methotrexate,3308,4112,DDInter699,DDInter1174,SLCO1B1 (OATP1B1),transporter inhibition
Ibuprofen,Methotrexate,3672,4112,DDInter900,DDInter1174,ABCC1,transporter inhibition
Aspirin,Methotrexate,2244,4112,DDInter20,DDInter1174,SLCO1B1 (OATP1B1),transporter inhibition
Lovastatin,Lenalidomide,3962,216326,DDInter1098,DDInter1035,ABCB1 (P-gp),transporter inhibition
Flurbiprofen,Methotrexate,3394,4112,DDInter763;DDInter764,DDInter1174,SLCO1B1 (OATP1B1),transporter inhibition
Aspirin,Dasatinib,2244,3062316,DDInter20,DDInter484,ABCB1 (P-gp),transporter inhibition
Atorvastatin EP Impurity B,Lenalidomide,2250,216326,DDInter133,DDInter1035,ABCB1 (P-gp),transporter inhibition
Furosemide,Arsenic Trioxide,3440,14888,DDInter790,DDInter120,ABCC2 (MRP2),"transporter induction, transporter inhibition"
Amoxicillin,Methotrexate,2171,4112,DDInter83,DDInter1174,SLCO1B1 (OATP1B1),transporter inhibition
Clopidogrel,Dasatinib,2806,3062316,DDInter413,DDInter484,ABCB1 (P-gp),transporter inhibition
Tamoxifen,Lenalidomide,5376,216326,DDInter1744,DDInter1035,ABCB1 (P-gp),"transporter induction, transporter inhibition"
5-Fluorouracil,Capecitabine,3385,60953,DDInter757,DDInter285,CYP2C9,CYP inhibition
Methotrexate,Vincristine,4112,5978,DDInter1174,DDInter1937;DDInter1938,ABCB1 (P-gp),"transporter induction, transporter inhibition"
Cyclophosphamide,Imatinib,2907,5291,DDInter456,DDInter909,"ABCB1 (P-gp), CYP3A4","CYP induction, CYP inhibition, transporter inhibition"
Methotrexate,Imatinib,4112,5291,DDInter1174,DDInter909,ABCB1 (P-gp),transporter inhibition
Imatinib,Vincristine,5291,5978,DDInter909,DDInter1937;DDInter1938,"ABCB1 (P-gp), CYP3A4","CYP inhibition, transporter induction, transporter inhibition"
Imatinib,Dasatinib,5291,3062316,DDInter909,DDInter484,"ABCB1 (P-gp), CYP3A4","CYP inhibition, transporter inhibition"
Cyclophosphamide,5-Fluorouracil,2907,3385,DDInter456,DDInter757,CYP2C9,"CYP induction, CYP inhibition"
Thalidomide,Bortezomib,5426,93860,DDInter1789,DDInter222,CYP1A2,CYP inhibition
Vincristine,Bortezomib,5978,93860,DDInter1937;DDInter1938,DDInter222,CYP3A4,CYP inhibition
Hydroxyurea,Imatinib,3657,5291,DDInter894,DDInter909,CYP2D6,CYP inhibition
Celecoxib,Arthrotec,2662,3032,DDInter336,DDInter537;DDInter538;DDInter539,"ABCC4 (MRP4), CYP2C9","CYP inhibition, transporter inhibition"
Cyclophosphamide,Ifosfamide,2907,3690,DDInter456,DDInter906,CYP3A4,"CYP induction, CYP inhibition"
Imatinib,Temozolomide,5291,5394,DDInter909,DDInter1762,CYP3A4,"CYP induction, CYP inhibition"
Ifosfamide,Vinblastine,3690,13342,DDInter906,DDInter1936,CYP3A4,"CYP induction, CYP inhibition"
Cyclophosphamide,Vinblastine,2907,13342,DDInter456,DDInter1936,"ABCB1 (P-gp), CYP3A4","CYP induction, CYP inhibition, transporter induction, transporter inhibition"
Doxorubicin,Methotrexate,1690,4112,DDInter596;DDInter597,DDInter1174,ABCC1,transporter inhibition
Bicalutamide,CID 152945,2375,152945,DDInter204,DDInter611,CYP3A4,CYP inhibition
Erlotinib,Sorafenib,176870,216239,DDInter667,DDInter1702,"ABCB1 (P-gp), CYP1A2","CYP inhibition, transporter inhibition"
Cyclophosphamide,Mitoxantrone,2907,4212,DDInter456,DDInter1234,"ABCB1 (P-gp), CYP3A4","CYP induction, CYP inhibition, transporter induction, transporter inhibition"
Anastrozole,Tamoxifen,2187,5376,DDInter95,DDInter1744,CYP3A4,"CYP induction, CYP inhibition"
Busulfan,Cyclophosphamide,2478,2907,DDInter255,DDInter456,CYP3A4,"CYP induction, CYP inhibition"
Methotrexate,Mitoxantrone,4112,4212,DDInter1174,DDInter1234,ABCB1 (P-gp),"transporter induction, transporter inhibition"
Cyclophosphamide,Tamoxifen,2907,5376,DDInter456,DDInter1744,"ABCB1 (P-gp), CYP3A4","CYP induction, CYP inhibition, transporter induction, transporter inhibition"
Vinblastine,Carboplatin,13342,38904,DDInter1936,DDInter298,ABCC2 (MRP2),"transporter induction, transporter inhibition"
Acetaminophen,Methotrexate,1983,4112,DDInter14,DDInter1174,SLCO1B1 (OATP1B1),transporter inhibition
Methotrexate,Vinblastine,4112,13342,DDInter1174,DDInter1936,ABCB1 (P-gp),"transporter induction, transporter inhibition"
Methotrexate,Carboplatin,4112,38904,DDInter1174,DDInter298,ABCC2 (MRP2),transporter inhibition
Celecoxib,Indomethacin,2662,3715,DDInter336,DDInter921,"ABCC4 (MRP4), PTGS2","CYP inhibition, transporter inhibition"
Celecoxib,Tramadol,2662,5523,DDInter336,DDInter1841,CYP3A4,CYP inhibition
Fluoxetine,Imatinib,3386,5291,DDInter758,DDInter909,"ABCB1 (P-gp), CYP3A4","CYP inhibition, transporter inhibition"
Metoprolol,Imatinib,4171,5291,DDInter1200,DDInter909,"ABCB1 (P-gp), CYP2D6","CYP inhibition, transporter inhibition"
Celecoxib,Fluconazole,2662,3365,DDInter336,DDInter743,CYP3A4,CYP inhibition
Celecoxib,Loratadine,2662,3957,DDInter336,DDInter1091,CYP3A4,"CYP induction, CYP inhibition"
Dapsone,Bortezomib,2955,93860,DDInter475;DDInter476,DDInter222,"CYP2C9, CYP3A4","CYP induction, CYP inhibition"
Itrizole,Imatinib,3793,5291,DDInter995,DDInter909,"ABCB1 (P-gp), CYP3A4","CYP inhibition, transporter inhibition"
Celecoxib,Risperidone,2662,5073,DDInter336,DDInter1605,CYP3A4,CYP inhibition
Carvedilol,Celecoxib,2585,2662,DDInter305,DDInter336,CYP2D6,CYP inhibition
Promethazine,Tamoxifen,4927,5376,DDInter1533,DDInter1744,"ABCB1 (P-gp), CYP2C9","CYP inhibition, transporter induction, transporter inhibition"
Celecoxib,Ibuprofen,2662,3672,DDInter336,DDInter900,"ABCC4 (MRP4), CYP2C9","CYP inhibition, transporter inhibition"
Celecoxib,Citalopram,2662,2771,DDInter336,DDInter388,CYP2D6,CYP inhibition
Amlodipine,Imatinib,2162,5291,DDInter79,DDInter909,"ABCB1 (P-gp), CYP3A4","CYP inhibition, transporter inhibition"
Donepezil,Tamoxifen,3152,5376,DDInter583,DDInter1744,CYP3A4,"CYP induction, CYP inhibition"
Ciprofloxacin,Thalidomide,2764,5426,DDInter384,DDInter1789,"CYP1A2, CYP3A5","CYP induction, CYP inhibition"
Celecoxib,Glibenclamide,2662,3488,DDInter336,DDInter831,CYP3A4,CYP inhibition
Lovastatin,Bortezomib,3962,93860,DDInter1098,DDInter222,"CYP2C9, CYP3A4","CYP induction, CYP inhibition"
Celecoxib,Propranolol,2662,4946,DDInter336,DDInter1539,CYP2D6,CYP inhibition
Ondansetron,Tamoxifen,4595,5376,DDInter1342,DDInter1744,CYP3A4,"CYP induction, CYP inhibition"
Carvedilol,Imatinib,2585,5291,DDInter305,DDInter909,"ABCB1 (P-gp), CYP3A4","CYP inhibition, transporter inhibition"
Ifosfamide,Imatinib,3690,5291,DDInter906,DDInter909,CYP3A4,"CYP induction, CYP inhibition"
Leflunomide,Metronidazole,3899,4173,DDInter1033,DDInter1202,CYP2C9,CYP inhibition
Celecoxib,Venlafaxine,2662,5656,DDInter336,DDInter1927,CYP3A4,CYP inhibition
Celecoxib,Metoprolol,2662,4171,DDInter336,DDInter1200,CYP2D6,CYP inhibition
Celecoxib,Timolol,2662,5478,DDInter336,DDInter1809;DDInter1810,CYP2D6,CYP inhibition
Ofloxacin,Thalidomide,4583,5426,DDInter1325,DDInter1789,CYP1A2,CYP inhibition
Modafinil,Medroxyprogesterone,4236,10631,DDInter1236,DDInter1137,"CYP2C9, CYP3A4","CYP induction, CYP inhibition"
Metronidazole,Bortezomib,4173,93860,DDInter1202,DDInter222,CYP3A4,CYP inhibition
Glimepiride,Imatinib,3476,5291,DDInter825,DDInter909,CYP2C9,CYP inhibition
Temazepam,Thalidomide,5391,5426,DDInter1761,DDInter1789,CYP2C19,CYP inhibition
Celecoxib,Ketoprofen,2662,3825,DDInter336,DDInter1009,"ABCC4 (MRP4), CYP2C9","CYP inhibition, transporter inhibition"
Amlodipine,Thalidomide,2162,5426,DDInter79,DDInter1789,"CYP1A2, CYP3A5","CYP induction, CYP inhibition"
Amitriptyline,Thalidomide,2160,5426,DDInter78,DDInter1789,"CYP2C19, CYP3A5","CYP induction, CYP inhibition"
Ciprofloxacin,Tamoxifen,2764,5376,DDInter384,DDInter1744,"ABCB1 (P-gp), CYP3A4","CYP induction, CYP inhibition, transporter induction, transporter inhibition"
Citalopram,Thalidomide,2771,5426,DDInter388,DDInter1789,CYP2C19,CYP inhibition
Thalidomide,Timolol,5426,5478,DDInter1789,DDInter1809;DDInter1810,CYP2C19,CYP inhibition
Voriconazole,Bortezomib,71616,93860,DDInter1946,DDInter222,CYP3A4,CYP inhibition
Metronidazole,Thalidomide,4173,5426,DDInter1202,DDInter1789,CYP2C9,CYP inhibition
Valproic Acid,Medroxyprogesterone,3121,10631,DDInter1913,DDInter1137,"CYP2C9, CYP3A4","CYP induction, CYP inhibition"
Clopidogrel,Bortezomib,2806,93860,DDInter413,DDInter222,CYP1A2,CYP inhibition
Celecoxib,Prochlorperazine,2662,4917,DDInter336,DDInter1527,CYP2D6,CYP inhibition
Celecoxib,Haloperidol,2662,3559,DDInter336,DDInter853,"CYP2D6, CYP3A4","CYP induction, CYP inhibition"
Celecoxib,Metronidazole,2662,4173,DDInter336,DDInter1202,CYP3A4,CYP inhibition
5-Fluorouracil,Metronidazole,3385,4173,DDInter757,DDInter1202,CYP2C9,CYP inhibition
Celecoxib,Gemfibrozil,2662,3463,DDInter336,DDInter812,CYP3A4,"CYP induction, CYP inhibition"
Carbamazepine,Medroxyprogesterone,2554,10631,DDInter293,DDInter1137,"CYP2C9, CYP3A4","CYP induction, CYP inhibition"
Paroxetine,Thalidomide,4691,5426,DDInter1397,DDInter1789,CYP2C9,CYP inhibition
Phenytoin,Cyclophosphamide,1775,2907,DDInter1460,DDInter456,"ABCB1 (P-gp), CYP3A4","CYP induction, CYP inhibition, transporter inhibition"
Thalidomide,Venlafaxine,5426,5656,DDInter1789,DDInter1927,CYP2C19,CYP inhibition
Lovastatin,Thalidomide,3962,5426,DDInter1098,DDInter1789,"CYP2C19, CYP3A5","CYP induction, CYP inhibition"
Prochlorperazine,Imatinib,4917,5291,DDInter1527,DDInter909,CYP3A4,CYP inhibition
Loperamide,Tamoxifen,3954,5376,DDInter1088,DDInter1744,"ABCB1 (P-gp), CYP3A4","CYP induction, CYP inhibition, transporter induction, transporter inhibition"
Imatinib,Thalidomide,5291,5426,DDInter909,DDInter1789,"CYP2C19, CYP3A5","CYP induction, CYP inhibition"
Salbutamol,Tamoxifen,2083,5376,DDInter1632,DDInter1744,CYP3A4,"CYP induction, CYP inhibition"
Quetiapine,Tamoxifen,5002,5376,DDInter1553,DDInter1744,"ABCB1 (P-gp), CYP3A4","CYP induction, CYP inhibition, transporter induction, transporter inhibition"
Celecoxib,Promethazine,2662,4927,DDInter336,DDInter1533,CYP2C9,CYP inhibition
Clonazepam,Ifosfamide,2802,3690,DDInter411,DDInter906,CYP3A4,"CYP induction, CYP inhibition"
Fluoxetine,Thalidomide,3386,5426,DDInter758,DDInter1789,"CYP2C19, CYP3A5","CYP induction, CYP inhibition"
Cyclophosphamide,Glibenclamide,2907,3488,DDInter456,DDInter831,"ABCB1 (P-gp), CYP3A4","CYP induction, CYP inhibition, transporter inhibition"
Imatinib,Zolpidem,5291,5732,DDInter909,DDInter1970,CYP3A4,CYP inhibition
Thalidomide,Simvastatin,5426,54454,DDInter1789,DDInter1675,CYP2C9,"CYP induction, CYP inhibition"
Metronidazole,Vincristine,4173,5978,DDInter1202,DDInter1937;DDInter1938,CYP3A4,CYP inhibition
Celecoxib,Ciprofloxacin,2662,2764,DDInter336,DDInter384,CYP3A4,CYP inhibition
Glimepiride,Bortezomib,3476,93860,DDInter825,DDInter222,CYP2C9,CYP inhibition
Glipizide,Medroxyprogesterone,3478,10631,DDInter826,DDInter1137,"CYP2C9, CYP3A4","CYP induction, CYP inhibition"
Clotrimazole,Bortezomib,2812,93860,DDInter416,DDInter222,"CYP1A2, CYP3A4","CYP induction, CYP inhibition"
Celecoxib,Nortriptyline,2662,4543,DDInter336,DDInter1316,CYP2D6,CYP inhibition
Pioglitazone,Bortezomib,4829,93860,DDInter1472,DDInter222,CYP3A4,"CYP induction, CYP inhibition"
Ifosfamide,Zolpidem,3690,5732,DDInter906,DDInter1970,CYP3A4,"CYP induction, CYP inhibition"
Acetaminophen,Busulfan,1983,2478,DDInter14,DDInter255,CYP3A4,"CYP induction, CYP inhibition"
Glibenclamide,Leflunomide,3488,3899,DDInter831,DDInter1033,"ABCG2 (BCRP), CYP2C9","CYP inhibition, transporter inhibition"
Mitoxantrone,Thiotepa,4212,5453,DDInter1234,DDInter1797,CYP3A4,CYP inhibition
Celecoxib,Clopidogrel,2662,2806,DDInter336,DDInter413,CYP2C9,CYP inhibition
Glibenclamide,Medroxyprogesterone,3488,10631,DDInter831,DDInter1137,"CYP2C9, CYP3A4","CYP induction, CYP inhibition"
Risperidone,Tamoxifen,5073,5376,DDInter1605,DDInter1744,"ABCB1 (P-gp), CYP3A4","CYP induction, CYP inhibition, transporter induction, transporter inhibition"
Celecoxib,Irbesartan,2662,3749,DDInter336,DDInter972,CYP3A4,CYP inhibition
Busulfan,Itrizole,2478,3793,DDInter255,DDInter995,CYP3A4,CYP inhibition
Itrizole,Mitoxantrone,3793,4212,DDInter995,DDInter1234,"ABCB1 (P-gp), CYP3A4","CYP inhibition, transporter induction, transporter inhibition"
Clonazepam,Thalidomide,2802,5426,DDInter411,DDInter1789,CYP2E1,CYP inhibition
Fenofibrate,Tamoxifen,3339,5376,DDInter718,DDInter1744,CYP3A4,"CYP induction, CYP inhibition"
Celecoxib,Fluoxetine,2662,3386,DDInter336,DDInter758,CYP3A4,CYP inhibition
Cyclophosphamide,Metronidazole,2907,4173,DDInter456,DDInter1202,CYP3A4,"CYP induction, CYP inhibition"
Celecoxib,Losartan,2662,3961,DDInter336,DDInter1095,CYP3A4,CYP inhibition
Celecoxib,Diflunisal,2662,3059,DDInter336,DDInter551,PTGS2,CYP inhibition
Bicalutamide,Prochlorperazine,2375,4917,DDInter204,DDInter1527,CYP3A4,CYP inhibition
Celecoxib,Mirtazapine,2662,4205,DDInter336,DDInter1230,"CYP2D6, CYP3A4","CYP induction, CYP inhibition"
Busulfan,Imatinib,2478,5291,DDInter255,DDInter909,CYP3A4,CYP inhibition
Celecoxib,Labetalol,2662,3869,DDInter336,DDInter1013,CYP2D6,CYP inhibition
Fluconazole,Medroxyprogesterone,3365,10631,DDInter743,DDInter1137,"CYP2C9, CYP3A4","CYP induction, CYP inhibition"
Thalidomide,Zolpidem,5426,5732,DDInter1789,DDInter1970,"CYP2C19, CYP3A5","CYP induction, CYP inhibition"
Celecoxib,Ticlopidine,2662,5472,DDInter336,DDInter1804,CYP3A4,CYP inhibition
Carbamazepine,Tamoxifen,2554,5376,DDInter293,DDInter1744,"ABCB1 (P-gp), CYP3A4","CYP induction, CYP inhibition, transporter induction, transporter inhibition"
Acetaminophen,Imatinib,1983,5291,DDInter14,DDInter909,"ABCB1 (P-gp), CYP3A4","CYP induction, CYP inhibition, transporter inhibition"
Metoprolol,Thalidomide,4171,5426,DDInter1200,DDInter1789,CYP2C19,CYP inhibition
Quetiapine,Thalidomide,5002,5426,DDInter1553,DDInter1789,"CYP2C19, CYP3A5","CYP induction, CYP inhibition"
Tamoxifen,Venlafaxine,5376,5656,DDInter1744,DDInter1927,"ABCB1 (P-gp), ABCG2 (BCRP), CYP3A4","CYP induction, CYP inhibition, transporter induction, transporter inhibition"
Erythromycin,Gefitinib,3255,123631,DDInter670,DDInter810,"ABCB1 (P-gp), CYP3A4","CYP inhibition, transporter induction, transporter inhibition"
Celecoxib,Chloroquine,2662,2719,DDInter336,DDInter359,CYP2D6,CYP inhibition
Ondansetron,Imatinib,4595,5291,DDInter1342,DDInter909,CYP3A4,CYP inhibition
Celecoxib,Doxepin,2662,3158,DDInter336,DDInter593;DDInter594,CYP2D6,CYP inhibition
Fluconazole,Vincristine,3365,5978,DDInter743,DDInter1937;DDInter1938,"ABCB1 (P-gp), CYP3A4","CYP inhibition, transporter induction, transporter inhibition"
Timolol,Gefitinib,5478,123631,DDInter1809;DDInter1810,DDInter810,"ABCB1 (P-gp), CYP2C19","CYP inhibition, transporter inhibition"
Celecoxib,Fluvoxamine,2662,3404,DDInter336,DDInter770,CYP3A4,CYP inhibition
Meclizine,Thalidomide,4034,5426,DDInter1134,DDInter1789,CYP1A2,CYP inhibition
Verapamil,Gefitinib,2520,123631,DDInter1928,DDInter810,"ABCB1 (P-gp), CYP2C9","CYP inhibition, transporter induction, transporter inhibition"
Celecoxib,Imipramine,2662,3696,DDInter336,DDInter912,CYP2D6,CYP inhibition
Doxazosin,Thalidomide,3157,5426,DDInter592,DDInter1789,CYP2C19,CYP inhibition
Celecoxib,Flurbiprofen,2662,3394,DDInter336,DDInter763;DDInter764,"ABCC4 (MRP4), PTGS2","CYP inhibition, transporter inhibition"
Amitriptyline,Celecoxib,2160,2662,DDInter78,DDInter336,CYP2D6,CYP inhibition
Phenytoin,Vincristine,1775,5978,DDInter1460,DDInter1937;DDInter1938,"ABCB1 (P-gp), CYP3A4","CYP induction, CYP inhibition, transporter induction, transporter inhibition"
Celecoxib,Trazodone,2662,5533,DDInter336,DDInter1851,CYP2D6,CYP inhibition
Celecoxib,Nabumetone,2662,4409,DDInter336,DDInter1254,PTGS2,CYP inhibition
Itrizole,Medroxyprogesterone,3793,10631,DDInter995,DDInter1137,CYP3A4,"CYP induction, CYP inhibition"
Nifedipine,Thalidomide,4485,5426,DDInter1291,DDInter1789,"CYP1A2, CYP3A5","CYP induction, CYP inhibition"
Verapamil,Imatinib,2520,5291,DDInter1928,DDInter909,"ABCB1 (P-gp), CYP3A4","CYP inhibition, transporter induction, transporter inhibition"
Imatinib,Capecitabine,5291,60953,DDInter909,DDInter285,CYP2C9,CYP inhibition
Celecoxib,Ondansetron,2662,4595,DDInter336,DDInter1342,CYP2D6,CYP inhibition
Cyclobenzaprine,Imatinib,2895,5291,DDInter454,DDInter909,CYP3A4,CYP inhibition
Carbamazepine,Thalidomide,2554,5426,DDInter293,DDInter1789,"CYP2C19, CYP3A5","CYP induction, CYP inhibition"
Prochlorperazine,Tamoxifen,4917,5376,DDInter1527,DDInter1744,CYP3A4,"CYP induction, CYP inhibition"
Leflunomide,Torasemide,3899,41781,DDInter1033,DDInter1836,CYP2C9,CYP inhibition
Celecoxib,Isoniazid,2662,3767,DDInter336,DDInter986,CYP3A4,CYP inhibition
Itrizole,Bortezomib,3793,93860,DDInter995,DDInter222,"CYP1A1, CYP3A4","CYP induction, CYP inhibition"
Carbamazepine,Cyclophosphamide,2554,2907,DDInter293,DDInter456,"ABCB1 (P-gp), CYP3A4","CYP induction, CYP inhibition, transporter induction, transporter inhibition"
Celecoxib,5-Aminosalicylic Acid,2662,4075,DDInter336,DDInter1158,PTGS2,CYP inhibition
Diazepam,Thalidomide,3016,5426,DDInter534,DDInter1789,"CYP2C19, CYP3A5","CYP induction, CYP inhibition"
Glipizide,Leflunomide,3478,3899,DDInter826,DDInter1033,CYP2C9,CYP inhibition
Capecitabine,Sorafenib,60953,216239,DDInter285,DDInter1702,CYP2C9,CYP inhibition
Citalopram,Ifosfamide,2771,3690,DDInter388,DDInter906,CYP3A4,"CYP induction, CYP inhibition"
Atorvastatin EP Impurity B,Imatinib,2250,5291,DDInter133,DDInter909,"ABCB1 (P-gp), CYP3A4","CYP induction, CYP inhibition, transporter inhibition"
Mirtazapine,Tamoxifen,4205,5376,DDInter1230,DDInter1744,CYP3A4,"CYP induction, CYP inhibition"
Nefazodone,Medroxyprogesterone,4449,10631,DDInter1274,DDInter1137,CYP3A4,"CYP induction, CYP inhibition"
Celecoxib,Etodolac,2662,3308,DDInter336,DDInter699,CYP2C9,CYP inhibition
Celecoxib,Darifenacin,2662,72054,DDInter336,DDInter480,CYP2D6,CYP inhibition
Celecoxib,Paroxetine,2662,4691,DDInter336,DDInter1397,CYP2C9,CYP inhibition
Quetiapine,Imatinib,5002,5291,DDInter1553,DDInter909,"ABCB1 (P-gp), CYP3A4","CYP inhibition, transporter inhibition"
Loperamide,Sorafenib,3954,216239,DDInter1088,DDInter1702,"ABCB1 (P-gp), CYP3A4","CYP inhibition, transporter inhibition"
Diazepam,Imatinib,3016,5291,DDInter534,DDInter909,"ABCB1 (P-gp), CYP3A4","CYP inhibition, transporter inhibition"
Nortriptyline,Thalidomide,4543,5426,DDInter1316,DDInter1789,"CYP2C19, CYP3A5","CYP induction, CYP inhibition"
Atorvastatin EP Impurity B,Thalidomide,2250,5426,DDInter133,DDInter1789,"CYP2C19, CYP3A5","CYP induction, CYP inhibition"
Fluconazole,Thalidomide,3365,5426,DDInter743,DDInter1789,"CYP2C19, CYP3A5","CYP induction, CYP inhibition"
Ondansetron,Dasatinib,4595,3062316,DDInter1342,DDInter484,CYP1A2,CYP inhibition
Simvastatin,Bortezomib,54454,93860,DDInter1675,DDInter222,CYP3A4,"CYP induction, CYP inhibition"
Ondansetron,Thalidomide,4595,5426,DDInter1342,DDInter1789,"CYP1A2, CYP3A5","CYP induction, CYP inhibition"
Promethazine,Imatinib,4927,5291,DDInter1533,DDInter909,"ABCB1 (P-gp), CYP2C9","CYP inhibition, transporter inhibition"
Celecoxib,Oxaprozin,2662,4614,DDInter336,DDInter1358,PTGS2,CYP inhibition
Nifedipine,Imatinib,4485,5291,DDInter1291,DDInter909,"ABCB1 (P-gp), CYP3A4","CYP induction, CYP inhibition, transporter induction, transporter inhibition"
Bumetanide,Celecoxib,2471,2662,DDInter248,DDInter336,PTGS2,"CYP induction, CYP inhibition"
Atorvastatin EP Impurity B,Bortezomib,2250,93860,DDInter133,DDInter222,CYP3A4,"CYP induction, CYP inhibition"
Tamoxifen,Tramadol,5376,5523,DDInter1744,DDInter1841,CYP3A4,"CYP induction, CYP inhibition"
Prilosec,Gefitinib,4594,123631,DDInter1340,DDInter810,CYP2C19,CYP inhibition
Loratadine,Imatinib,3957,5291,DDInter1091,DDInter909,"ABCB1 (P-gp), CYP3A4","CYP induction, CYP inhibition, transporter inhibition"
Glimepiride,Leflunomide,3476,3899,DDInter825,DDInter1033,CYP2C9,CYP inhibition
Promethazine,Thalidomide,4927,5426,DDInter1533,DDInter1789,CYP2C9,CYP inhibition
Erythromycin,Medroxyprogesterone,3255,10631,DDInter670,DDInter1137,CYP3A4,"CYP induction, CYP inhibition"
Imatinib,Tamoxifen,5291,5376,DDInter909,DDInter1744,"ABCB1 (P-gp), CYP3A4","CYP induction, CYP inhibition, transporter induction, transporter inhibition"
Leflunomide,Losartan,3899,3961,DDInter1033,DDInter1095,CYP1A2,CYP inhibition
Celecoxib,Valproic Acid,2662,3121,DDInter336,DDInter1913,CYP3A4,CYP inhibition
Celecoxib,Mefenamic Acid,2662,4044,DDInter336,DDInter1139,CYP2C9,CYP inhibition
Cyclophosphamide,Hydroxyurea,2907,3657,DDInter456,DDInter894,CYP2D6,CYP inhibition
Ofloxacin,Tamoxifen,4583,5376,DDInter1325,DDInter1744,"ABCC2 (MRP2), CYP1A2","CYP inhibition, transporter inhibition"
Busulfan,Mitoxantrone,2478,4212,DDInter255,DDInter1234,CYP3A4,CYP inhibition
Celecoxib,Trimipramine,2662,5584,DDInter336,DDInter1876,CYP2D6,CYP inhibition
Ciprofloxacin,Dasatinib,2764,3062316,DDInter384,DDInter484,"ABCB1 (P-gp), CYP1A2","CYP inhibition, transporter inhibition"
Clotrimazole,Gefitinib,2812,123631,DDInter416,DDInter810,"ABCB1 (P-gp), CYP2C9, CYP3A4","CYP induction, CYP inhibition, transporter induction, transporter inhibition"
1-(2-Methyl-3-sulfanylpropanoyl)proline,Celecoxib,2550,2662,DDInter292,DDInter336,CYP2D6,CYP inhibition
Thalidomide,Arsenic Trioxide,5426,14888,DDInter1789,DDInter120,CYP1A1,CYP inhibition
Lansoprazole,Imatinib,3883,5291,DDInter1022,DDInter909,"ABCB1 (P-gp), CYP1A2, CYP3A4","CYP induction, CYP inhibition, transporter inhibition"
Celecoxib,Aripiprazole,2662,60795,DDInter336,DDInter118,CYP2D6,"CYP induction, CYP inhibition"
Celecoxib,Cimetidine,2662,2756,DDInter336,DDInter380,CYP3A4,CYP inhibition
Prochlorperazine,Sorafenib,4917,216239,DDInter1527,DDInter1702,CYP3A4,CYP inhibition
Ciprofloxacin,Gefitinib,2764,123631,DDInter384,DDInter810,"ABCB1 (P-gp), CYP3A4","CYP inhibition, transporter inhibition"
Venlafaxine,Sorafenib,5656,216239,DDInter1927,DDInter1702,"ABCB1 (P-gp), ABCG2 (BCRP), CYP3A4","CYP inhibition, transporter induction, transporter inhibition"
Pantoprazole,Gefitinib,4679,123631,DDInter1388,DDInter810,"ABCB1 (P-gp), CYP2C9, CYP3A4","CYP induction, CYP inhibition, transporter inhibition"
Glipizide,Bortezomib,3478,93860,DDInter826,DDInter222,CYP3A4,CYP inhibition
Ondansetron,Sorafenib,4595,216239,DDInter1342,DDInter1702,CYP1A2,CYP inhibition
Clotrimazole,Medroxyprogesterone,2812,10631,DDInter416,DDInter1137,"CYP2C9, CYP3A4","CYP induction, CYP inhibition"
Ofloxacin,Dasatinib,4583,3062316,DDInter1325,DDInter484,CYP1A2,CYP inhibition
Aspirin,Celecoxib,2244,2662,DDInter20,DDInter336,PTGS2,CYP inhibition
Thalidomide,Voriconazole,5426,71616,DDInter1789,DDInter1946,"CYP2C9, CYP3A5","CYP induction, CYP inhibition"
Fluconazole,Sorafenib,3365,216239,DDInter743,DDInter1702,"ABCB1 (P-gp), CYP3A4","CYP inhibition, transporter inhibition"
Atorvastatin EP Impurity B,Bexarotene,2250,82146,DDInter133,DDInter202;DDInter203,CYP3A4,"CYP induction, CYP inhibition"
Bicalutamide,Ketoconazole,2375,3823,DDInter204,DDInter1008,CYP3A4,CYP inhibition
Ibuprofen,Imatinib,3672,5291,DDInter900,DDInter909,"ABCB1 (P-gp), CYP2C9","CYP inhibition, transporter inhibition"
Celecoxib,Fenofibrate,2662,3339,DDInter336,DDInter718,CYP2C9,CYP inhibition
Ciprofloxacin,Sorafenib,2764,216239,DDInter384,DDInter1702,"ABCB1 (P-gp), CYP1A2","CYP inhibition, transporter inhibition"
Celecoxib,Zafirlukast,2662,5717,DDInter336,DDInter1955,CYP3A4,CYP inhibition
Lansoprazole,Gefitinib,3883,123631,DDInter1022,DDInter810,"ABCB1 (P-gp), CYP2C9, CYP3A4","CYP induction, CYP inhibition, transporter inhibition"
Bupropion,Cyclophosphamide,444,2907,DDInter252,DDInter456,CYP3A4,"CYP induction, CYP inhibition"
Glibenclamide,Bortezomib,3488,93860,DDInter831,DDInter222,CYP3A4,CYP inhibition
Atorvastatin EP Impurity B,Vincristine,2250,5978,DDInter133,DDInter1937;DDInter1938,"ABCB1 (P-gp), CYP3A4","CYP induction, CYP inhibition, transporter induction, transporter inhibition"
Imipramine,Tamoxifen,3696,5376,DDInter912,DDInter1744,"ABCB1 (P-gp), CYP3A4","CYP induction, CYP inhibition, transporter induction, transporter inhibition"
Propranolol,Thalidomide,4946,5426,DDInter1539,DDInter1789,"CYP2C19, CYP3A5","CYP induction, CYP inhibition"
Bicalutamide,Simvastatin,2375,54454,DDInter204,DDInter1675,CYP3A4,"CYP induction, CYP inhibition"
Lovastatin,Mitoxantrone,3962,4212,DDInter1098,DDInter1234,"ABCB1 (P-gp), CYP3A4","CYP inhibition, transporter induction, transporter inhibition"
Hydroxyzine,Sorafenib,3658,216239,DDInter895,DDInter1702,CYP2D6,CYP inhibition
Thalidomide,Oxcarbazepine,5426,34312,DDInter1789,DDInter1360,"CYP2C19, CYP3A5","CYP induction, CYP inhibition"
Ifosfamide,Mitoxantrone,3690,4212,DDInter906,DDInter1234,CYP3A4,"CYP induction, CYP inhibition"
Rac-Efavirenz,Vincristine,3203,5978,DDInter624,DDInter1937;DDInter1938,CYP3A4,"CYP induction, CYP inhibition"
Celecoxib,Imatinib,2662,5291,DDInter336,DDInter909,CYP3A4,CYP inhibition
Alprazolam,Imatinib,2118,5291,DDInter54,DDInter909,CYP3A4,CYP inhibition
Ifosfamide,Prochlorperazine,3690,4917,DDInter906,DDInter1527,CYP3A4,"CYP induction, CYP inhibition"
Paroxetine,Imatinib,4691,5291,DDInter1397,DDInter909,"ABCB1 (P-gp), CYP2C9","CYP inhibition, transporter inhibition"
Mitoxantrone,Imatinib,4212,5291,DDInter1234,DDInter909,"ABCB1 (P-gp), CYP3A4","CYP inhibition, transporter induction, transporter inhibition"
Medroxyprogesterone,Atazanavir,10631,148192,DDInter1137,DDInter129,CYP3A4,"CYP induction, CYP inhibition"
Felodipine,Thalidomide,3333,5426,DDInter716,DDInter1789,"CYP2C9, CYP3A5","CYP induction, CYP inhibition"
Imipramine,Thalidomide,3696,5426,DDInter912,DDInter1789,CYP2C19,CYP inhibition
Donepezil,Sorafenib,3152,216239,DDInter583,DDInter1702,CYP3A4,CYP inhibition
Simvastatin,Dasatinib,54454,3062316,DDInter1675,DDInter484,"ABCB1 (P-gp), CYP3A4","CYP induction, CYP inhibition, transporter inhibition"
Fluconazole,Ifosfamide,3365,3690,DDInter743,DDInter906,CYP3A4,"CYP induction, CYP inhibition"
Atorvastatin EP Impurity B,Bicalutamide,2250,2375,DDInter133,DDInter204,CYP3A4,"CYP induction, CYP inhibition"
Bicalutamide,Tolterodine,2375,5512,DDInter204,DDInter1832,CYP3A4,CYP inhibition
Celecoxib,Amphetamine,2662,3007,DDInter336,DDInter84,CYP2D6,CYP inhibition
Verapamil,Thalidomide,2520,5426,DDInter1928,DDInter1789,"CYP2C19, CYP3A5","CYP induction, CYP inhibition"
Ropinirole,Thalidomide,5095,5426,DDInter1619,DDInter1789,CYP1A2,CYP inhibition
Ketoconazole,Medroxyprogesterone,3823,10631,DDInter1008,DDInter1137,"CYP2C9, CYP3A4","CYP induction, CYP inhibition"
Phenytoin,5-Fluorouracil,1775,3385,DDInter1460,DDInter757,CYP2C9,"CYP induction, CYP inhibition"
Nefazodone,Thalidomide,4449,5426,DDInter1274,DDInter1789,CYP3A5,"CYP induction, CYP inhibition"
Respules,Imatinib,2462,5291,DDInter246;DDInter247,DDInter909,CYP3A4,CYP inhibition
Amitriptyline,Tamoxifen,2160,5376,DDInter78,DDInter1744,"ABCB1 (P-gp), CYP3A4","CYP induction, CYP inhibition, transporter induction, transporter inhibition"
Celecoxib,Clomipramine,2662,2801,DDInter336,DDInter410,CYP2D6,CYP inhibition
Loratadine,Dasatinib,3957,3062316,DDInter1091,DDInter484,"ABCB1 (P-gp), CYP3A4","CYP induction, CYP inhibition, transporter inhibition"
Tramadol,Sorafenib,5523,216239,DDInter1841,DDInter1702,CYP3A4,CYP inhibition
Fluconazole,Gefitinib,3365,123631,DDInter743,DDInter810,"ABCB1 (P-gp), CYP2C9","CYP inhibition, transporter inhibition"
Nifedipine,Vincristine,4485,5978,DDInter1291,DDInter1937;DDInter1938,"ABCB1 (P-gp), CYP3A4","CYP induction, CYP inhibition, transporter induction, transporter inhibition"
Cyclophosphamide,Fenofibrate,2907,3339,DDInter456,DDInter718,"CYP2C9, CYP3A4","CYP induction, CYP inhibition"
Imatinib,Triazolam,5291,5556,DDInter909,DDInter1860,CYP2C9,CYP inhibition
Carbamazepine,Vincristine,2554,5978,DDInter293,DDInter1937;DDInter1938,"ABCB1 (P-gp), CYP3A4","CYP induction, CYP inhibition, transporter induction, transporter inhibition"
Fexofenadine,Sorafenib,3348,216239,DDInter732,DDInter1702,"ABCB1 (P-gp), CYP2D6","CYP inhibition, transporter inhibition"
Fluoxetine,Sorafenib,3386,216239,DDInter758,DDInter1702,"ABCB1 (P-gp), CYP1A2","CYP inhibition, transporter inhibition"
Risperidone,Imatinib,5073,5291,DDInter1605,DDInter909,"ABCB1 (P-gp), CYP3A4","CYP inhibition, transporter inhibition"
Nifedipine,Gefitinib,4485,123631,DDInter1291,DDInter810,"ABCB1 (P-gp), CYP2C9, CYP3A4","CYP induction, CYP inhibition, transporter induction, transporter inhibition"
Vincristine,Simvastatin,5978,54454,DDInter1937;DDInter1938,DDInter1675,"ABCB1 (P-gp), CYP3A4","CYP induction, CYP inhibition, transporter induction, transporter inhibition"
Celecoxib,Ritonavir,2662,5076,DDInter336,DDInter1607,CYP3A4,"CYP induction, CYP inhibition"
Imatinib,Timolol,5291,5478,DDInter909,DDInter1809;DDInter1810,"ABCB1 (P-gp), CYP2D6","CYP inhibition, transporter inhibition"
Celecoxib,Rac-Efavirenz,2662,3203,DDInter336,DDInter624,CYP3A4,"CYP induction, CYP inhibition"
Phenytoin,Medroxyprogesterone,1775,10631,DDInter1460,DDInter1137,"CYP2C9, CYP3A4","CYP induction, CYP inhibition"
Salbutamol,Dasatinib,2083,3062316,DDInter1632,DDInter484,CYP3A4,CYP inhibition
Propranolol,Imatinib,4946,5291,DDInter1539,DDInter909,"ABCB1 (P-gp), CYP3A4","CYP inhibition, transporter inhibition"
Simvastatin,Bexarotene,54454,82146,DDInter1675,DDInter202;DDInter203,CYP3A4,"CYP induction, CYP inhibition"
Imatinib,Torasemide,5291,41781,DDInter909,DDInter1836,CYP2C19,CYP inhibition
Atorvastatin EP Impurity B,Mitoxantrone,2250,4212,DDInter133,DDInter1234,"ABCB1 (P-gp), CYP3A4","CYP induction, CYP inhibition, transporter induction, transporter inhibition"
Pioglitazone,Imatinib,4829,5291,DDInter1472,DDInter909,CYP3A4,"CYP induction, CYP inhibition"
Cyclophosphamide,Glipizide,2907,3478,DDInter456,DDInter826,CYP3A4,"CYP induction, CYP inhibition"
Imatinib,Simvastatin,5291,54454,DDInter909,DDInter1675,"ABCB1 (P-gp), CYP3A4","CYP induction, CYP inhibition, transporter inhibition"
Fentanyl,Ifosfamide,3345,3690,DDInter722,DDInter906,CYP3A4,"CYP induction, CYP inhibition"
Salbutamol,Bicalutamide,2083,2375,DDInter1632,DDInter204,CYP3A4,CYP inhibition
Dapsone,Vincristine,2955,5978,DDInter475;DDInter476,DDInter1937;DDInter1938,CYP3A4,CYP inhibition
Promethazine,Sorafenib,4927,216239,DDInter1533,DDInter1702,"ABCB1 (P-gp), CYP2C9","CYP inhibition, transporter inhibition"
Mitoxantrone,Tamoxifen,4212,5376,DDInter1234,DDInter1744,"ABCB1 (P-gp), CYP3A4","CYP induction, CYP inhibition, transporter induction, transporter inhibition"
Imatinib,Bosentan,5291,104865,DDInter909,DDInter223,CYP3A4,"CYP induction, CYP inhibition"
Temozolomide,Vinblastine,5394,13342,DDInter1762,DDInter1936,CYP3A4,"CYP induction, CYP inhibition"
Busulfan,Ifosfamide,2478,3690,DDInter255,DDInter906,CYP3A4,"CYP induction, CYP inhibition"
Celecoxib,Miconazole,2662,4189,DDInter336,DDInter1209,CYP3A4,CYP inhibition
Ifosfamide,Oxazepam,3690,4616,DDInter906,DDInter1359,CYP3A4,"CYP induction, CYP inhibition"
Salbutamol,Flutamide,2083,3397,DDInter1632,DDInter765,CYP3A4,CYP inhibition
Salmeterol,Tamoxifen,5152,5376,DDInter1635,DDInter1744,CYP3A4,"CYP induction, CYP inhibition"
Losartan,Imatinib,3961,5291,DDInter1095,DDInter909,"ABCB1 (P-gp), CYP3A4","CYP inhibition, transporter inhibition"
Hydroxyzine,Tamoxifen,3658,5376,DDInter895,DDInter1744,CYP2D6,CYP inhibition
Clonazepam,Imatinib,2802,5291,DDInter411,DDInter909,CYP3A4,CYP inhibition
Fluconazole,Imatinib,3365,5291,DDInter743,DDInter909,"ABCB1 (P-gp), CYP3A4","CYP inhibition, transporter inhibition"
Lovastatin,Vincristine,3962,5978,DDInter1098,DDInter1937;DDInter1938,"ABCB1 (P-gp), CYP3A4","CYP inhibition, transporter induction, transporter inhibition"
Bicalutamide,Venlafaxine,2375,5656,DDInter204,DDInter1927,CYP3A4,CYP inhibition
Erythromycin,Imatinib,3255,5291,DDInter670,DDInter909,"ABCB1 (P-gp), CYP3A4","CYP inhibition, transporter induction, transporter inhibition"
Fluconazole,Tamoxifen,3365,5376,DDInter743,DDInter1744,"ABCB1 (P-gp), CYP3A4","CYP induction, CYP inhibition, transporter induction, transporter inhibition"
Valproic Acid,Thalidomide,3121,5426,DDInter1913,DDInter1789,"CYP2C19, CYP3A5","CYP induction, CYP inhibition"
Mirtazapine,Imatinib,4205,5291,DDInter1230,DDInter909,"CYP2D6, CYP3A4","CYP induction, CYP inhibition"
Dapsone,Imatinib,2955,5291,DDInter475;DDInter476,DDInter909,"CYP2C9, CYP3A4","CYP induction, CYP inhibition"
Tamoxifen,Aripiprazole,5376,60795,DDInter1744,DDInter118,CYP2D6,"CYP induction, CYP inhibition"
Felodipine,Imatinib,3333,5291,DDInter716,DDInter909,"ABCB1 (P-gp), CYP3A4","CYP inhibition, transporter inhibition"
Thalidomide,Sorafenib,5426,216239,DDInter1789,DDInter1702,"CYP1A2, CYP3A5","CYP induction, CYP inhibition"
Celecoxib,Norfloxacin,2662,4539,DDInter336,DDInter1313,CYP3A4,CYP inhibition
Celecoxib,Sulfadiazine,2662,5215,DDInter336,DDInter1721,CYP2C9,CYP inhibition
Oxcarbazepine,Sorafenib,34312,216239,DDInter1360,DDInter1702,CYP3A4,"CYP induction, CYP inhibition"
Dapsone,Thalidomide,2955,5426,DDInter475;DDInter476,DDInter1789,"CYP2C19, CYP3A5","CYP induction, CYP inhibition"
Celecoxib,Perphenazine,2662,4748,DDInter336,DDInter1432,CYP2D6,CYP inhibition
Mirtazapine,Sorafenib,4205,216239,DDInter1230,DDInter1702,"CYP1A2, CYP2D6","CYP induction, CYP inhibition"
Tamoxifen,Trimipramine,5376,5584,DDInter1744,DDInter1876,"ABCB1 (P-gp), CYP3A4","CYP induction, CYP inhibition, transporter induction, transporter inhibition"
Clomipramine,Tamoxifen,2801,5376,DDInter410,DDInter1744,"ABCB1 (P-gp), CYP3A4","CYP induction, CYP inhibition, transporter induction, transporter inhibition"
Lovastatin,Imatinib,3962,5291,DDInter1098,DDInter909,"ABCB1 (P-gp), CYP2C9, CYP3A4","CYP induction, CYP inhibition, transporter inhibition"
Carbamazepine,Gefitinib,2554,123631,DDInter293,DDInter810,"ABCB1 (P-gp), CYP2C9, CYP3A4","CYP induction, CYP inhibition, transporter induction, transporter inhibition"
Verapamil,Erlotinib,2520,176870,DDInter1928,DDInter667,"ABCB1 (P-gp), ABCG2 (BCRP), CYP2C8","CYP inhibition, transporter induction, transporter inhibition"
Arthrotec,Imatinib,3032,5291,DDInter537;DDInter538;DDInter539,DDInter909,"ABCB1 (P-gp), CYP3A4","CYP inhibition, transporter inhibition"
Salbutamol,Arsenic Trioxide,2083,14888,DDInter1632,DDInter120,CYP3A4,CYP inhibition
Isoniazid,Thalidomide,3767,5426,DDInter986,DDInter1789,"CYP2C19, CYP2E1","CYP induction, CYP inhibition"
Alfuzosin,Bicalutamide,2092,2375,DDInter44,DDInter204,CYP3A4,CYP inhibition
Carisoprodol,Thalidomide,2576,5426,DDInter301,DDInter1789,CYP2C19,CYP inhibition
Fluconazole,Dasatinib,3365,3062316,DDInter743,DDInter484,"ABCB1 (P-gp), CYP3A4","CYP inhibition, transporter inhibition"
Vincristine,Dasatinib,5978,3062316,DDInter1937;DDInter1938,DDInter484,"ABCB1 (P-gp), CYP3A4","CYP inhibition, transporter induction, transporter inhibition"
Metronidazole,Capecitabine,4173,60953,DDInter1202,DDInter285,CYP2C9,CYP inhibition
Ifosfamide,Venlafaxine,3690,5656,DDInter906,DDInter1927,CYP3A4,"CYP induction, CYP inhibition"
Mitoxantrone,Nifedipine,4212,4485,DDInter1234,DDInter1291,"ABCB1 (P-gp), CYP3A4","CYP induction, CYP inhibition, transporter induction, transporter inhibition"
Ritonavir,Medroxyprogesterone,5076,10631,DDInter1607,DDInter1137,"CYP2C9, CYP3A4","CYP induction, CYP inhibition"
Venlafaxine,Dasatinib,5656,3062316,DDInter1927,DDInter484,"ABCB1 (P-gp), ABCG2 (BCRP), CYP3A4","CYP inhibition, transporter induction, transporter inhibition"
Doxepin,Thalidomide,3158,5426,DDInter593;DDInter594,DDInter1789,CYP2C19,CYP inhibition
Clomipramine,Imatinib,2801,5291,DDInter410,DDInter909,"ABCB1 (P-gp), CYP3A4","CYP inhibition, transporter inhibition"
Imatinib,Oxcarbazepine,5291,34312,DDInter909,DDInter1360,"CYP2C19, CYP3A4","CYP induction, CYP inhibition"
Imatinib,Voriconazole,5291,71616,DDInter909,DDInter1946,CYP3A4,CYP inhibition
Erythromycin,Bortezomib,3255,93860,DDInter670,DDInter222,CYP1A2,CYP inhibition
Cyclophosphamide,Bosentan,2907,104865,DDInter456,DDInter223,CYP3A4,"CYP induction, CYP inhibition"
Imatinib,Venlafaxine,5291,5656,DDInter909,DDInter1927,"ABCB1 (P-gp), ABCG2 (BCRP), CYP3A4","CYP inhibition, transporter induction, transporter inhibition"
Ifosfamide,Paroxetine,3690,4691,DDInter906,DDInter1397,CYP2C9,"CYP induction, CYP inhibition"
Ciprofloxacin,Erlotinib,2764,176870,DDInter384,DDInter667,"ABCB1 (P-gp), CYP1A2","CYP inhibition, transporter inhibition"
Doxepin,Tamoxifen,3158,5376,DDInter593;DDInter594,DDInter1744,"ABCB1 (P-gp), CYP3A4","CYP induction, CYP inhibition, transporter induction, transporter inhibition"
Cyclophosphamide,Indapamide,2907,3702,DDInter456,DDInter916,CYP3A4,"CYP induction, CYP inhibition"
Imatinib,Tolterodine,5291,5512,DDInter909,DDInter1832,CYP3A4,CYP inhibition
Hydroxychloroquine,Imatinib,3652,5291,DDInter893,DDInter909,CYP2D6,CYP inhibition
Carbamazepine,Sorafenib,2554,216239,DDInter293,DDInter1702,"ABCB1 (P-gp), CYP1A2","CYP induction, CYP inhibition, transporter induction, transporter inhibition"
Ifosfamide,Temozolomide,3690,5394,DDInter906,DDInter1762,CYP3A4,"CYP induction, CYP inhibition"
Modafinil,Sorafenib,4236,216239,DDInter1236,DDInter1702,CYP1A2,"CYP induction, CYP inhibition"
Alprazolam,Ifosfamide,2118,3690,DDInter54,DDInter906,CYP3A4,"CYP induction, CYP inhibition"
Fluconazole,Vinblastine,3365,13342,DDInter743,DDInter1936,"ABCB1 (P-gp), CYP3A4","CYP inhibition, transporter induction, transporter inhibition"
Rac-Efavirenz,Medroxyprogesterone,3203,10631,DDInter624,DDInter1137,"CYP2C9, CYP3A4","CYP induction, CYP inhibition"
Nortriptyline,Tamoxifen,4543,5376,DDInter1316,DDInter1744,CYP3A4,"CYP induction, CYP inhibition"
Ifosfamide,Promethazine,3690,4927,DDInter906,DDInter1533,CYP2C9,"CYP induction, CYP inhibition"
Oxcarbazepine,Gefitinib,34312,123631,DDInter1360,DDInter810,"CYP2C19, CYP3A4","CYP induction, CYP inhibition"
Phenytoin,Erlotinib,1775,176870,DDInter1460,DDInter667,"CYP2C8, CYP3A4","CYP induction, CYP inhibition"
Phenytoin,Gefitinib,1775,123631,DDInter1460,DDInter810,"ABCB1 (P-gp), CYP2C9, CYP3A4","CYP induction, CYP inhibition, transporter inhibition"
Celecoxib,Voriconazole,2662,71616,DDInter336,DDInter1946,CYP3A4,CYP inhibition
Salbutamol,Sorafenib,2083,216239,DDInter1632,DDInter1702,CYP3A4,CYP inhibition
Norfloxacin,Sorafenib,4539,216239,DDInter1313,DDInter1702,CYP1A2,CYP inhibition
Tamoxifen,Torasemide,5376,41781,DDInter1744,DDInter1836,CYP2C19,CYP inhibition
Nevirapine,Vinblastine,4463,13342,DDInter1285,DDInter1936,CYP3A4,"CYP induction, CYP inhibition"
Tamoxifen,Trazodone,5376,5533,DDInter1744,DDInter1851,"ABCB1 (P-gp), CYP3A4","CYP induction, CYP inhibition, transporter induction, transporter inhibition"
Norfloxacin,Tamoxifen,4539,5376,DDInter1313,DDInter1744,CYP3A4,"CYP induction, CYP inhibition"
Voriconazole,Erlotinib,71616,176870,DDInter1946,DDInter667,CYP3A4,CYP inhibition
Loperamide,Arsenic Trioxide,3954,14888,DDInter1088,DDInter120,"ABCB1 (P-gp), CYP3A4","CYP inhibition, transporter inhibition"
Phenytoin,Capecitabine,1775,60953,DDInter1460,DDInter285,CYP2C9,"CYP induction, CYP inhibition"
Meperidine,Thalidomide,4058,5426,DDInter1150,DDInter1789,CYP2C19,CYP inhibition
Fentanyl,Thalidomide,3345,5426,DDInter722,DDInter1789,CYP3A5,CYP induction
Alprazolam,Thalidomide,2118,5426,DDInter54,DDInter1789,CYP3A5,CYP induction
Risperidone,Thalidomide,5073,5426,DDInter1605,DDInter1789,CYP3A5,CYP induction
Celecoxib,Bosentan,2662,104865,DDInter336,DDInter223,CYP3A4,CYP induction
Clonidine,Thalidomide,2803,5426,DDInter412,DDInter1789,CYP3A5,CYP induction
Phenytoin,Busulfan,1775,2478,DDInter1460,DDInter255,CYP3A4,CYP induction
Medroxyprogesterone,Oxcarbazepine,10631,34312,DDInter1137,DDInter1360,CYP3A4,CYP induction
(3H)granisetron,Thalidomide,3510,5426,DDInter840,DDInter1789,CYP3A5,CYP induction
Cyclophosphamide,Glimepiride,2907,3476,DDInter456,DDInter825,CYP2C9,CYP induction
Carbamazepine,Exemestane,2554,60198,DDInter293,DDInter705,CYP3A4,CYP induction
Letrozole,Oxcarbazepine,3902,34312,DDInter1040,DDInter1360,CYP3A4,CYP induction
Methotrexate,Norfloxacin,4112,4539,DDInter1174,DDInter1313,SLCO1B1 (OATP1B1),transporter inhibition
Valproic Acid,Methotrexate,3121,4112,DDInter1913,DDInter1174,SLCO1B1 (OATP1B1),transporter inhibition
Doxorubicin,Ofloxacin,1690,4583,DDInter596;DDInter597,DDInter1325,ABCC1,transporter inhibition
Lovastatin,Methotrexate,3962,4112,DDInter1098,DDInter1174,ABCC2 (MRP2),transporter inhibition
5-Fluorouracil,Mitoxantrone,3385,4212,DDInter757,DDInter1234,ABCG2 (BCRP),transporter inhibition
Methotrexate,Ofloxacin,4112,4583,DDInter1174,DDInter1325,ABCC2 (MRP2),transporter inhibition
Methotrexate,Simvastatin,4112,54454,DDInter1174,DDInter1675,ABCB1 (P-gp),transporter inhibition
Erythromycin,Methotrexate,3255,4112,DDInter670,DDInter1174,"ABCB1 (P-gp), ABCC1","transporter induction, transporter inhibition"
Doxorubicin,Mitoxantrone,1690,4212,DDInter596;DDInter597,DDInter1234,ABCC1,transporter inhibition
Methotrexate,Tamoxifen,4112,5376,DDInter1174,DDInter1744,ABCB1 (P-gp),"transporter induction, transporter inhibition"
Furosemide,Carboplatin,3440,38904,DDInter790,DDInter298,ABCC2 (MRP2),transporter inhibition
Itrizole,Methotrexate,3793,4112,DDInter995,DDInter1174,ABCB1 (P-gp),transporter inhibition
1-(2-Methyl-3-sulfanylpropanoyl)proline,Methotrexate,2550,4112,DDInter292,DDInter1174,SLCO1B1 (OATP1B1),transporter inhibition
Hydrochlorothiazide,Methotrexate,3639,4112,DDInter883,DDInter1174,SLCO1B1 (OATP1B1),transporter inhibition
Carbamazepine,Methotrexate,2554,4112,DDInter293,DDInter1174,"ABCB1 (P-gp), ABCC2 (MRP2)","transporter induction, transporter inhibition"
Theophylline,Methotrexate,2153,4112,DDInter1791,DDInter1174,SLC22A7,transporter inhibition
Carboplatin,Bortezomib,38904,93860,DDInter298,DDInter222,SLC31A1,transporter inhibition
Clotrimazole,Methotrexate,2812,4112,DDInter416,DDInter1174,"ABCB1 (P-gp), ABCC2 (MRP2)","transporter induction, transporter inhibition"
Fluconazole,Methotrexate,3365,4112,DDInter743,DDInter1174,ABCB1 (P-gp),transporter inhibition
Doxorubicin,Verapamil,1690,2520,DDInter596;DDInter597,DDInter1928,ABCC1,transporter inhibition
Pantoprazole,Carboplatin,4679,38904,DDInter1388,DDInter298,ABCG2 (BCRP),transporter inhibition
Celecoxib,Dipyridamole,2662,3108,DDInter336,DDInter573,ABCC4 (MRP4),transporter inhibition
Phenytoin,Methotrexate,1775,4112,DDInter1460,DDInter1174,ABCC2 (MRP2),transporter inhibition
Doxorubicin,Ritonavir,1690,5076,DDInter596;DDInter597,DDInter1607,ABCC1,"transporter induction, transporter inhibition"
Methotrexate,Rofecoxib,4112,5090,DDInter1174,DDInter1613,ABCC4 (MRP4),transporter inhibition
Glibenclamide,Megestrol,3488,19090,DDInter831,DDInter1141,ABCB1 (P-gp),transporter inhibition
Vincristine,Carboplatin,5978,38904,DDInter1937;DDInter1938,DDInter298,ABCC2 (MRP2),transporter inhibition
Methotrexate,Pioglitazone,4112,4829,DDInter1174,DDInter1472,SLCO1B1,transporter inhibition
Lansoprazole,Carboplatin,3883,38904,DDInter1022,DDInter298,ABCG2 (BCRP),transporter inhibition
Enalapril,Methotrexate,3222,4112,DDInter638,DDInter1174,SLCO1B1 (OATP1B1),transporter inhibition
Ciprofloxacin,Methotrexate,2764,4112,DDInter384,DDInter1174,ABCB1 (P-gp),transporter inhibition
Carbamazepine,Megestrol,2554,19090,DDInter293,DDInter1141,ABCB1 (P-gp),"transporter induction, transporter inhibition"
Phenytoin,Megestrol,1775,19090,DDInter1460,DDInter1141,ABCB1 (P-gp),transporter inhibition
Gemfibrozil,Methotrexate,3463,4112,DDInter812,DDInter1174,SLCO1B1,transporter inhibition
Paroxetine,Dasatinib,4691,3062316,DDInter1397,DDInter484,ABCB1 (P-gp),transporter inhibition
Imatinib,Carboplatin,5291,38904,DDInter909,DDInter298,ABCG2 (BCRP),transporter inhibition
Methotrexate,Zoledronic Acid,4112,68740,DDInter1174,DDInter1968,ABCC1,transporter inhibition
Celecoxib,Methotrexate,2662,4112,DDInter336,DDInter1174,ABCC4 (MRP4),transporter inhibition
Mitoxantrone,Carboplatin,4212,38904,DDInter1234,DDInter298,ABCG2 (BCRP),transporter inhibition
Methotrexate,Ritonavir,4112,5076,DDInter1174,DDInter1607,ABCB1 (P-gp),"transporter induction, transporter inhibition"
Loperamide,Dasatinib,3954,3062316,DDInter1088,DDInter484,ABCB1 (P-gp),transporter inhibition
5-Fluorouracil,Methotrexate,3385,4112,DDInter757,DDInter1174,ABCC3,transporter inhibition
Ketoconazole,Methotrexate,3823,4112,DDInter1008,DDInter1174,ABCB1 (P-gp),transporter inhibition
Tamoxifen,Mitomycin C,5376,5746,DDInter1744,DDInter1232,ABCB1 (P-gp),"transporter induction, transporter inhibition"
Cyclophosphamide,Mitomycin C,2907,5746,DDInter456,DDInter1232,ABCB1 (P-gp),transporter inhibition
Atorvastatin EP Impurity B,Methotrexate,2250,4112,DDInter133,DDInter1174,ABCC2 (MRP2),transporter inhibition
Doxorubicin,Erythromycin,1690,3255,DDInter596;DDInter597,DDInter670,ABCC1,transporter inhibition
Mitoxantrone,Mitomycin C,4212,5746,DDInter1234,DDInter1232,ABCB1 (P-gp),"transporter induction, transporter inhibition"
Methotrexate,Mitomycin C,4112,5746,DDInter1174,DDInter1232,ABCB1 (P-gp),transporter inhibition
Mitomycin C,Vincristine,5746,5978,DDInter1232,DDInter1937;DDInter1938,ABCB1 (P-gp),"transporter induction, transporter inhibition"
Methotrexate,Nefazodone,4112,4449,DDInter1174,DDInter1274,ABCB1 (P-gp),transporter induction
Methotrexate,6-Mercaptopurine,4112,667490,DDInter1174,DDInter1156,SLCO1B3? (OATP),transporter inhibition
Doxorubicin,Vincristine,1690,5978,DDInter596;DDInter597,DDInter1937;DDInter1938,ABCC1,transporter inhibition
Doxorubicin,Vinblastine,1690,13342,DDInter596;DDInter597,DDInter1936,ABCC1,"transporter induction, transporter inhibition"
Vincristine,Vinblastine,5978,13342,DDInter1937;DDInter1938,DDInter1936,"ABCB1 (P-gp), CYP3A4","CYP inhibition, transporter induction, transporter inhibition"
Cyclophosphamide,Indomethacin,2907,3715,DDInter456,DDInter921,"ABCB1 (P-gp), CYP2C19, CYP2C9","CYP induction, CYP inhibition, transporter inhibition"
Prilosec,Bortezomib,4594,93860,DDInter1340,DDInter222,CYP3A4,CYP inhibition
Celecoxib,Tolterodine,2662,5512,DDInter336,DDInter1832,CYP2D6,CYP inhibition
Modafinil,Erlotinib,4236,176870,DDInter1236,DDInter667,CYP1A2,"CYP induction, CYP inhibition"
Citalopram,Imatinib,2771,5291,DDInter388,DDInter909,CYP3A4,CYP inhibition
Valproic Acid,Temozolomide,3121,5394,DDInter1913,DDInter1762,CYP3A4,"CYP induction, CYP inhibition"
Tamoxifen,Medroxyprogesterone,5376,10631,DDInter1744,DDInter1137,"CYP2C9, CYP3A4","CYP induction, CYP inhibition"
Atorvastatin EP Impurity B,Medroxyprogesterone,2250,10631,DDInter133,DDInter1137,"CYP2C9, CYP3A4","CYP induction, CYP inhibition"
Pantoprazole,Bortezomib,4679,93860,DDInter1388,DDInter222,CYP1A2,"CYP induction, CYP inhibition"
Clopidogrel,Tamoxifen,2806,5376,DDInter413,DDInter1744,"ABCB1 (P-gp), CYP3A4","CYP induction, CYP inhibition, transporter induction, transporter inhibition"
Ciprofloxacin,5-Fluorouracil,2764,3385,DDInter384,DDInter757,CYP1A2,CYP inhibition
Ciprofloxacin,Mitoxantrone,2764,4212,DDInter384,DDInter1234,"ABCB1 (P-gp), CYP3A4","CYP inhibition, transporter induction, transporter inhibition"
Pioglitazone,Medroxyprogesterone,4829,10631,DDInter1472,DDInter1137,"CYP2C9, CYP3A4","CYP induction, CYP inhibition"
Citalopram,Bortezomib,2771,93860,DDInter388,DDInter222,CYP3A4,CYP inhibition
Cyclophosphamide,Ondansetron,2907,4595,DDInter456,DDInter1342,"CYP2D6, CYP3A4","CYP induction, CYP inhibition"
Busulfan,Ciprofloxacin,2478,2764,DDInter255,DDInter384,CYP3A4,CYP inhibition
Ciprofloxacin,Vincristine,2764,5978,DDInter384,DDInter1937;DDInter1938,"ABCB1 (P-gp), CYP3A4","CYP inhibition, transporter induction, transporter inhibition"
Ciprofloxacin,Temozolomide,2764,5394,DDInter384,DDInter1762,CYP3A4,"CYP induction, CYP inhibition"
Celecoxib,Donepezil,2662,3152,DDInter336,DDInter583,CYP2D6,CYP inhibition
Ciprofloxacin,Cyclophosphamide,2764,2907,DDInter384,DDInter456,"ABCB1 (P-gp), CYP3A4","CYP induction, CYP inhibition, transporter inhibition"
Metronidazole,Tamoxifen,4173,5376,DDInter1202,DDInter1744,CYP3A4,"CYP induction, CYP inhibition"
Verapamil,Vincristine,2520,5978,DDInter1928,DDInter1937;DDInter1938,"ABCB1 (P-gp), CYP3A4","CYP inhibition, transporter induction, transporter inhibition"
5-Fluorouracil,Ofloxacin,3385,4583,DDInter757,DDInter1325,CYP1A2,CYP inhibition
Donepezil,Gefitinib,3152,123631,DDInter583,DDInter810,CYP2C9,CYP inhibition
Celecoxib,Ranolazine,2662,56959,DDInter336,DDInter1570,CYP3A4,CYP inhibition
Propranolol,Bortezomib,4946,93860,DDInter1539,DDInter222,CYP1A2,CYP inhibition
Modafinil,Bortezomib,4236,93860,DDInter1236,DDInter222,CYP1A2,"CYP induction, CYP inhibition"
Cyclophosphamide,Norfloxacin,2907,4539,DDInter456,DDInter1313,CYP3A4,"CYP induction, CYP inhibition"
Cimetidine,5-Fluorouracil,2756,3385,DDInter380,DDInter757,"CYP2C9, SLC22A7","CYP inhibition, transporter inhibition"
Carmustine,Ofloxacin,2578,4583,DDInter302,DDInter1325,CYP1A2,CYP inhibition
Diazepam,Bortezomib,3016,93860,DDInter534,DDInter222,CYP1A2,CYP inhibition
Modafinil,Imatinib,4236,5291,DDInter1236,DDInter909,"CYP1A2, CYP3A4","CYP induction, CYP inhibition"
Donepezil,Imatinib,3152,5291,DDInter583,DDInter909,CYP3A4,CYP inhibition
Ciprofloxacin,Ifosfamide,2764,3690,DDInter384,DDInter906,CYP3A4,"CYP induction, CYP inhibition"
Norfloxacin,Temozolomide,4539,5394,DDInter1313,DDInter1762,CYP3A4,"CYP induction, CYP inhibition"
Tolterodine,Gefitinib,5512,123631,DDInter1832,DDInter810,CYP2C9,CYP inhibition
Ciprofloxacin,Thiotepa,2764,5453,DDInter384,DDInter1797,CYP3A4,CYP inhibition
Carmustine,Ciprofloxacin,2578,2764,DDInter302,DDInter384,CYP1A2,CYP inhibition
Mitoxantrone,Norfloxacin,4212,4539,DDInter1234,DDInter1313,CYP3A4,CYP inhibition
Methotrexate,Levetiracetam,4112,59708,DDInter1174,DDInter1046,ABCC2 (MRP2),transporter inhibition
Ofloxacin,Carboplatin,4583,38904,DDInter1325,DDInter298,ABCC2 (MRP2),transporter inhibition
Ofloxacin,Vincristine,4583,5978,DDInter1325,DDInter1937;DDInter1938,ABCC2 (MRP2),transporter inhibition
Chloroquine,Methotrexate,2719,4112,DDInter359,DDInter1174,ABCB1 (P-gp),transporter inhibition
Mitoxantrone,Ofloxacin,4212,4583,DDInter1234,DDInter1325,ABCC1,transporter inhibition
5-Fluorouracil,Vincristine,3385,5978,DDInter757,DDInter1937;DDInter1938,ABCC3,transporter inhibition
Ciprofloxacin,Mitomycin C,2764,5746,DDInter384,DDInter1232,ABCB1 (P-gp),transporter inhibition
Tamoxifen,Exemestane,5376,60198,DDInter1744,DDInter705,"CYP19A1, CYP3A4","CYP induction, CYP inhibition"
Cyclophosphamide,Vincristine,2907,5978,DDInter456,DDInter1937;DDInter1938,"ABCB1 (P-gp), CYP3A4","CYP induction, CYP inhibition, transporter induction, transporter inhibition"
Cyclophosphamide,Methotrexate,2907,4112,DDInter456,DDInter1174,ABCB1 (P-gp),transporter inhibition
Cyclophosphamide,Bortezomib,2907,93860,DDInter456,DDInter222,CYP3A4,"CYP induction, CYP inhibition"
Cyclophosphamide,Trimethoprim,2907,5578,DDInter456,DDInter1874,"ABCB1 (P-gp), CYP2C9, CYP3A4","CYP induction, CYP inhibition, transporter induction, transporter inhibition"
Trimethoprim,Vincristine,5578,5978,DDInter1874,DDInter1937;DDInter1938,"ABCB1 (P-gp), CYP3A4","CYP inhibition, transporter induction, transporter inhibition"
Carboplatin,Erlotinib,38904,176870,DDInter298,DDInter667,ABCG2 (BCRP),transporter inhibition
Cyclophosphamide,Lenalidomide,2907,216326,DDInter456,DDInter1035,ABCB1 (P-gp),transporter inhibition
Gefitinib,Erlotinib,123631,176870,DDInter810,DDInter667,"ABCG2 (BCRP), CYP2D6","CYP inhibition, transporter inhibition"
Anastrozole,Fulvestrant,2187,104741,DDInter95,DDInter789,CYP3A4,CYP inhibition
Carboplatin,Gefitinib,38904,123631,DDInter298,DDInter810,ABCG2 (BCRP),transporter inhibition
Ifosfamide,Vincristine,3690,5978,DDInter906,DDInter1937;DDInter1938,CYP3A4,"CYP induction, CYP inhibition"
Letrozole,Tamoxifen,3902,5376,DDInter1040,DDInter1744,CYP3A4,"CYP induction, CYP inhibition"
Cyclophosphamide,Capecitabine,2907,60953,DDInter456,DDInter285,CYP2C9,"CYP induction, CYP inhibition"
Celecoxib,Cyclophosphamide,2662,2907,DDInter336,DDInter456,CYP3A4,"CYP induction, CYP inhibition"
Celecoxib,Ifosfamide,2662,3690,DDInter336,DDInter906,CYP3A4,"CYP induction, CYP inhibition"
Celecoxib,Vincristine,2662,5978,DDInter336,DDInter1937;DDInter1938,CYP3A4,CYP inhibition
Celecoxib,Vinblastine,2662,13342,DDInter336,DDInter1936,CYP3A4,CYP inhibition
Mitoxantrone,Vincristine,4212,5978,DDInter1234,DDInter1937;DDInter1938,"ABCB1 (P-gp), CYP3A4","CYP inhibition, transporter induction, transporter inhibition"
Anastrozole,Exemestane,2187,60198,DDInter95,DDInter705,CYP19A1,CYP inhibition
Anastrozole,Capecitabine,2187,60953,DDInter95,DDInter285,CYP2C9,CYP inhibition
Anastrozole,5-Fluorouracil,2187,3385,DDInter95,DDInter757,CYP2C9,CYP inhibition
5-Fluorouracil,Tamoxifen,3385,5376,DDInter757,DDInter1744,CYP2C9,CYP inhibition
Anastrozole,Cyclophosphamide,2187,2907,DDInter95,DDInter456,CYP3A4,"CYP induction, CYP inhibition"
Tamoxifen,Capecitabine,5376,60953,DDInter1744,DDInter285,CYP2C9,CYP inhibition
Temozolomide,Sorafenib,5394,216239,DDInter1762,DDInter1702,CYP3A4,"CYP induction, CYP inhibition"
Celecoxib,5-Fluorouracil,2662,3385,DDInter336,DDInter757,"ABCC4 (MRP4), CYP2C9","CYP inhibition, transporter inhibition"
Celecoxib,Capecitabine,2662,60953,DDInter336,DDInter285,CYP2C9,CYP inhibition
Celecoxib,Temozolomide,2662,5394,DDInter336,DDInter1762,CYP3A4,CYP induction
Ifosfamide,Bortezomib,3690,93860,DDInter906,DDInter222,CYP3A4,"CYP induction, CYP inhibition"
Cyclophosphamide,Prilosec,2907,4594,DDInter456,DDInter1340,"CYP2C19, CYP3A4","CYP induction, CYP inhibition"
Arsenic Trioxide,Bortezomib,14888,93860,DDInter120,DDInter222,CYP3A4,CYP inhibition
5-Fluorouracil,Gefitinib,3385,123631,DDInter757,DDInter810,"ABCG2 (BCRP), CYP2C9","CYP inhibition, transporter inhibition"
Letrozole,Exemestane,3902,60198,DDInter1040,DDInter705,CYP19A1,CYP inhibition
Anastrozole,Letrozole,2187,3902,DDInter95,DDInter1040,CYP19A1,CYP inhibition
Temozolomide,Bortezomib,5394,93860,DDInter1762,DDInter222,CYP3A4,"CYP induction, CYP inhibition"
Bicalutamide,Flutamide,2375,3397,DDInter204,DDInter765,CYP3A4,CYP inhibition
Temozolomide,Erlotinib,5394,176870,DDInter1762,DDInter667,CYP3A4,CYP induction
Acetaminophen,Letrozole,1983,3902,DDInter14,DDInter1040,"CYP2A6, CYP3A4","CYP induction, CYP inhibition"
Cyclophosphamide,Diazepam,2907,3016,DDInter456,DDInter534,"ABCB1 (P-gp), CYP3A4","CYP induction, CYP inhibition, transporter inhibition"
Enalapril,Bortezomib,3222,93860,DDInter638,DDInter222,CYP3A4,CYP inhibition
Cyclophosphamide,Dapsone,2907,2955,DDInter456,DDInter475;DDInter476,"CYP2C9, CYP3A4","CYP induction, CYP inhibition"
Amlodipine,Cyclophosphamide,2162,2907,DDInter79,DDInter456,"ABCB1 (P-gp), CYP3A4","CYP induction, CYP inhibition, transporter inhibition"
Cyclophosphamide,Propofol,2907,4943,DDInter456,DDInter1538,CYP3A4,"CYP induction, CYP inhibition"
Celecoxib,Zolpidem,2662,5732,DDInter336,DDInter1970,CYP2D6,CYP inhibition
Letrozole,Loratadine,3902,3957,DDInter1040,DDInter1091,CYP3A4,"CYP induction, CYP inhibition"
Prilosec,Vincristine,4594,5978,DDInter1340,DDInter1937;DDInter1938,CYP3A4,CYP inhibition
Tamoxifen,Zolpidem,5376,5732,DDInter1744,DDInter1970,CYP3A4,"CYP induction, CYP inhibition"
Temazepam,Sorafenib,5391,216239,DDInter1761,DDInter1702,CYP3A4,CYP inhibition
Aspirin,Sorafenib,2244,216239,DDInter20,DDInter1702,"ABCB1 (P-gp), CYP2C19, CYP2C9","CYP induction, CYP inhibition, transporter inhibition"
Salbutamol,Bortezomib,2083,93860,DDInter1632,DDInter222,CYP3A4,CYP inhibition
Acetaminophen,Cyclophosphamide,1983,2907,DDInter14,DDInter456,"ABCB1 (P-gp), CYP3A4","CYP induction, CYP inhibition, transporter inhibition"
Leflunomide,Zopiclone,3899,5735,DDInter1033,DDInter1972,CYP2C9,CYP inhibition
Paroxetine,Gefitinib,4691,123631,DDInter1397,DDInter810,"ABCB1 (P-gp), CYP2C9","CYP inhibition, transporter inhibition"
Celecoxib,Lansoprazole,2662,3883,DDInter336,DDInter1022,CYP3A4,"CYP induction, CYP inhibition"
Acetaminophen,Vinblastine,1983,13342,DDInter14,DDInter1936,"ABCB1 (P-gp), CYP3A4","CYP induction, CYP inhibition, transporter induction, transporter inhibition"
Cyclophosphamide,Hydroxychloroquine,2907,3652,DDInter456,DDInter893,CYP2D6,CYP inhibition
Respules,Cyclophosphamide,2462,2907,DDInter246;DDInter247,DDInter456,CYP3A4,"CYP induction, CYP inhibition"
5-Fluorouracil,Nifedipine,3385,4485,DDInter757,DDInter1291,"ABCC3, CYP1A2, CYP2C9","CYP induction, CYP inhibition, transporter induction"
Acetaminophen,Bortezomib,1983,93860,DDInter14,DDInter222,"CYP1A2, CYP3A4","CYP induction, CYP inhibition"
Hydroxyurea,Metoprolol,3657,4171,DDInter894,DDInter1200,CYP2D6,CYP inhibition
Zolpidem,Capecitabine,5732,60953,DDInter1970,DDInter285,CYP2C9,CYP inhibition
Celecoxib,Nisoldipine,2662,4499,DDInter336,DDInter1298,CYP3A4,CYP inhibition
Cyclobenzaprine,Cyclophosphamide,2895,2907,DDInter454,DDInter456,CYP3A4,"CYP induction, CYP inhibition"
Anastrozole,Pantoprazole,2187,4679,DDInter95,DDInter1388,"CYP1A2, CYP2C9","CYP induction, CYP inhibition"
5-Fluorouracil,Simvastatin,3385,54454,DDInter757,DDInter1675,CYP2C9,"CYP induction, CYP inhibition"
Aspirin,Tamoxifen,2244,5376,DDInter20,DDInter1744,"ABCB1 (P-gp), CYP2C19, CYP2C9","CYP induction, CYP inhibition, transporter induction, transporter inhibition"
Prilosec,Tamoxifen,4594,5376,DDInter1340,DDInter1744,CYP3A4,"CYP induction, CYP inhibition"
Lansoprazole,Leflunomide,3883,3899,DDInter1022,DDInter1033,"ABCG2 (BCRP), CYP1A2, CYP2C9","CYP induction, CYP inhibition, transporter inhibition"
Irbesartan,Bortezomib,3749,93860,DDInter972,DDInter222,CYP1A2,CYP inhibition
Zolpidem,Sorafenib,5732,216239,DDInter1970,DDInter1702,CYP1A2,CYP inhibition
3-(1-Methylpyrrolidin-2-yl)pyridine,Celecoxib,942,2662,DDInter1290,DDInter336,CYP2D6,CYP inhibition
Cyclophosphamide,Enalapril,2907,3222,DDInter456,DDInter638,"ABCB1 (P-gp), CYP3A4","CYP induction, CYP inhibition, transporter inhibition"
Cyclophosphamide,Haloperidol,2907,3559,DDInter456,DDInter853,"ABCB1 (P-gp), CYP2D6, CYP3A4","CYP induction, CYP inhibition, transporter inhibition"
Metronidazole,Temozolomide,4173,5394,DDInter1202,DDInter1762,CYP3A4,"CYP induction, CYP inhibition"
Prochlorperazine,Bortezomib,4917,93860,DDInter1527,DDInter222,CYP3A4,CYP inhibition
Fluoxetine,Letrozole,3386,3902,DDInter758,DDInter1040,CYP3A4,CYP inhibition
Celecoxib,Fentanyl,2662,3345,DDInter336,DDInter722,CYP3A4,CYP inhibition
Thalidomide,Tolterodine,5426,5512,DDInter1789,DDInter1832,CYP2C19,CYP inhibition
Celecoxib,Doxazosin,2662,3157,DDInter336,DDInter592,CYP2D6,CYP inhibition
Celecoxib,Isradipine,2662,3784,DDInter336,DDInter993,CYP3A4,CYP inhibition
Clopidogrel,Leflunomide,2806,3899,DDInter413,DDInter1033,CYP2C9,CYP inhibition
Metoprolol,Tamoxifen,4171,5376,DDInter1200,DDInter1744,"ABCB1 (P-gp), CYP2D6","CYP inhibition, transporter induction, transporter inhibition"
Cyclophosphamide,Pioglitazone,2907,4829,DDInter456,DDInter1472,"CYP2C9, CYP3A4","CYP induction, CYP inhibition"
5-Fluorouracil,Ondansetron,3385,4595,DDInter757,DDInter1342,CYP1A2,CYP inhibition
5-Fluorouracil,Propranolol,3385,4946,DDInter757,DDInter1539,CYP1A2,CYP inhibition
Lansoprazole,Sorafenib,3883,216239,DDInter1022,DDInter1702,"ABCB1 (P-gp), CYP1A2","CYP induction, CYP inhibition, transporter inhibition"
Indapamide,Tamoxifen,3702,5376,DDInter916,DDInter1744,CYP3A4,"CYP induction, CYP inhibition"
Clopidogrel,Erlotinib,2806,176870,DDInter413,DDInter667,CYP2C8,CYP inhibition
Letrozole,Methimazole,3902,1349907,DDInter1040,DDInter1170,CYP3A4,CYP inhibition
Celecoxib,Oxybutynin,2662,4634,DDInter336,DDInter1365,CYP3A4,CYP inhibition
Zolpidem,Bortezomib,5732,93860,DDInter1970,DDInter222,CYP1A2,CYP inhibition
Lidocaine,Tamoxifen,3676,5376,DDInter1066;DDInter1067;DDInter1068,DDInter1744,"ABCB1 (P-gp), CYP3A4","CYP induction, CYP inhibition, transporter induction, transporter inhibition"
Celecoxib,Ropinirole,2662,5095,DDInter336,DDInter1619,CYP2D6,CYP inhibition
Modafinil,Capecitabine,4236,60953,DDInter1236,DDInter285,CYP2C9,"CYP induction, CYP inhibition"
Celecoxib,Pilocarpine,2662,4819,DDInter336,DDInter1465,CYP3A4,CYP inhibition
Celecoxib,Felodipine,2662,3333,DDInter336,DDInter716,CYP3A4,CYP inhibition
5-Fluorouracil,Losartan,3385,3961,DDInter757,DDInter1095,CYP1A2,CYP inhibition
Buspirone,Celecoxib,2477,2662,DDInter254,DDInter336,CYP2D6,CYP inhibition
Mitoxantrone,Ondansetron,4212,4595,DDInter1234,DDInter1342,CYP3A4,CYP inhibition
Atorvastatin EP Impurity B,Cyclophosphamide,2250,2907,DDInter133,DDInter456,"ABCB1 (P-gp), CYP3A4","CYP induction, CYP inhibition, transporter inhibition"
Leflunomide,Trimethoprim,3899,5578,DDInter1033,DDInter1874,CYP2C9,CYP inhibition
Carvedilol,Cyclophosphamide,2585,2907,DDInter305,DDInter456,"ABCB1 (P-gp), CYP3A4","CYP induction, CYP inhibition, transporter inhibition"
Mirtazapine,Exemestane,4205,60198,DDInter1230,DDInter705,CYP3A4,CYP inhibition
Cyclophosphamide,Metoclopramide,2907,4168,DDInter456,DDInter1197,CYP2D6,CYP inhibition
Celecoxib,Ezetimibe,2662,150311,DDInter336,DDInter707,CYP3A4,CYP inhibition
Theophylline,Celecoxib,2153,2662,DDInter1791,DDInter336,CYP2D6,CYP inhibition
Glibenclamide,Tamoxifen,3488,5376,DDInter831,DDInter1744,"ABCB1 (P-gp), CYP3A4","CYP induction, CYP inhibition, transporter induction, transporter inhibition"
Prilosec,Thalidomide,4594,5426,DDInter1340,DDInter1789,CYP2C19,CYP inhibition
Hydroxyurea,Prochlorperazine,3657,4917,DDInter894,DDInter1527,CYP2D6,CYP inhibition
Acetaminophen,Lenalidomide,1983,216326,DDInter14,DDInter1035,"ABCB1 (P-gp), PTGS2","CYP inhibition, transporter inhibition"
Mitoxantrone,Prochlorperazine,4212,4917,DDInter1234,DDInter1527,CYP3A4,CYP inhibition
Acetaminophen,Vincristine,1983,5978,DDInter14,DDInter1937;DDInter1938,"ABCB1 (P-gp), CYP3A4","CYP induction, CYP inhibition, transporter induction, transporter inhibition"
Lidocaine,Leflunomide,3676,3899,DDInter1066;DDInter1067;DDInter1068,DDInter1033,CYP2C9,CYP inhibition
Temozolomide,Simvastatin,5394,54454,DDInter1762,DDInter1675,CYP3A4,"CYP induction, CYP inhibition"
Hydroxyurea,Simvastatin,3657,54454,DDInter894,DDInter1675,CYP2D6,CYP inhibition
Loratadine,Sorafenib,3957,216239,DDInter1091,DDInter1702,"ABCB1 (P-gp), CYP3A4","CYP induction, CYP inhibition, transporter inhibition"
Amlodipine,Bortezomib,2162,93860,DDInter79,DDInter222,CYP1A2,CYP inhibition
Anastrozole,Loratadine,2187,3957,DDInter95,DDInter1091,CYP3A4,"CYP induction, CYP inhibition"
Anastrozole,Ezetimibe,2187,150311,DDInter95,DDInter707,CYP3A4,CYP inhibition
Felodipine,Sorafenib,3333,216239,DDInter716,DDInter1702,"ABCB1 (P-gp), CYP3A4","CYP inhibition, transporter inhibition"
Amoxicillin,Bortezomib,2171,93860,DDInter83,DDInter222,CYP2C19,CYP inhibition
Fenofibrate,5-Fluorouracil,3339,3385,DDInter718,DDInter757,CYP2C9,CYP inhibition
Prilosec,Imatinib,4594,5291,DDInter1340,DDInter909,CYP3A4,CYP inhibition
Clopidogrel,Vincristine,2806,5978,DDInter413,DDInter1937;DDInter1938,"ABCB1 (P-gp), CYP3A4","CYP inhibition, transporter induction, transporter inhibition"
Leflunomide,Nifedipine,3899,4485,DDInter1033,DDInter1291,"CYP1A2, CYP2C9","CYP induction, CYP inhibition"
Capecitabine,Desloratadine,60953,124087,DDInter285,DDInter506,CYP2C9,CYP inhibition
Celecoxib,Pantoprazole,2662,4679,DDInter336,DDInter1388,"CYP2C9, CYP3A4","CYP induction, CYP inhibition"
Azelastine,Celecoxib,2267,2662,DDInter153;DDInter154,DDInter336,CYP2D6,CYP inhibition
Cimetidine,Cyclophosphamide,2756,2907,DDInter380,DDInter456,"ABCB1 (P-gp), CYP3A4","CYP induction, CYP inhibition, transporter induction, transporter inhibition"
Cyclophosphamide,Atovaquone,2907,74989,DDInter456,DDInter134,CYP2C9,"CYP induction, CYP inhibition"
Clopidogrel,Imatinib,2806,5291,DDInter413,DDInter909,"ABCB1 (P-gp), CYP3A4","CYP inhibition, transporter inhibition"
Anastrozole,Tolterodine,2187,5512,DDInter95,DDInter1832,CYP3A4,CYP inhibition
Losartan,Bortezomib,3961,93860,DDInter1095,DDInter222,CYP1A2,CYP inhibition
Celecoxib,Nefazodone,2662,4449,DDInter336,DDInter1274,CYP3A4,CYP inhibition
Metoclopramide,Erlotinib,4168,176870,DDInter1197,DDInter667,CYP2D6,CYP inhibition
Citalopram,Mitoxantrone,2771,4212,DDInter388,DDInter1234,CYP3A4,CYP inhibition
Ibuprofen,Tamoxifen,3672,5376,DDInter900,DDInter1744,"ABCB1 (P-gp), CYP2C9","CYP inhibition, transporter induction, transporter inhibition"
Glibenclamide,Gefitinib,3488,123631,DDInter831,DDInter810,"ABCB1 (P-gp), CYP2C9","CYP inhibition, transporter inhibition"
Lidocaine,Bortezomib,3676,93860,DDInter1066;DDInter1067;DDInter1068,DDInter222,CYP1A2,CYP inhibition
Cyclophosphamide,Irbesartan,2907,3749,DDInter456,DDInter972,CYP3A4,"CYP induction, CYP inhibition"
Atorvastatin EP Impurity B,Capecitabine,2250,60953,DDInter133,DDInter285,CYP2C9,"CYP induction, CYP inhibition"
Leflunomide,Venlafaxine,3899,5656,DDInter1033,DDInter1927,"ABCG2 (BCRP), CYP2C9","CYP inhibition, transporter induction"
Salbutamol,Anastrozole,2083,2187,DDInter1632,DDInter95,CYP3A4,CYP inhibition
Enalapril,Vincristine,3222,5978,DDInter638,DDInter1937;DDInter1938,"ABCB1 (P-gp), CYP3A4","CYP inhibition, transporter induction, transporter inhibition"
Leflunomide,Tolterodine,3899,5512,DDInter1033,DDInter1832,CYP2C9,CYP inhibition
Cyclophosphamide,Fluconazole,2907,3365,DDInter456,DDInter743,"ABCB1 (P-gp), CYP3A4","CYP induction, CYP inhibition, transporter inhibition"
Bicalutamide,Glibenclamide,2375,3488,DDInter204,DDInter831,CYP3A4,CYP inhibition
Propranolol,Erlotinib,4946,176870,DDInter1539,DDInter667,"ABCB1 (P-gp), CYP1A2","CYP inhibition, transporter inhibition"
Imatinib,Desloratadine,5291,124087,DDInter909,DDInter506,"ABCB1 (P-gp), CYP1A2","CYP inhibition, transporter inhibition"
Nifedipine,Erlotinib,4485,176870,DDInter1291,DDInter667,"ABCB1 (P-gp), CYP2C8, CYP3A4","CYP induction, CYP inhibition, transporter induction, transporter inhibition"
Clopidogrel,Thalidomide,2806,5426,DDInter413,DDInter1789,"CYP2C19, CYP3A5","CYP induction, CYP inhibition"
Pantoprazole,Imatinib,4679,5291,DDInter1388,DDInter909,"ABCB1 (P-gp), CYP1A2, CYP3A4","CYP induction, CYP inhibition, transporter inhibition"
Anastrozole,Carvedilol,2187,2585,DDInter95,DDInter305,CYP1A2,CYP inhibition
Meperidine,Vinblastine,4058,13342,DDInter1150,DDInter1936,CYP3A4,CYP inhibition
Aspirin,Thalidomide,2244,5426,DDInter20,DDInter1789,CYP2C19,"CYP induction, CYP inhibition"
Furosemide,Methotrexate,3440,4112,DDInter790,DDInter1174,"ABCC2 (MRP2), PGD, SLCO1B1 (OATP1B1)","CYP inhibition, transporter induction, transporter inhibition"
Cyclobenzaprine,Mitoxantrone,2895,4212,DDInter454,DDInter1234,CYP3A4,CYP inhibition
Pantoprazole,Thalidomide,4679,5426,DDInter1388,DDInter1789,"CYP1A2, CYP2C19","CYP induction, CYP inhibition"
Ofloxacin,Erlotinib,4583,176870,DDInter1325,DDInter667,CYP1A2,CYP inhibition
Amitriptyline,Leflunomide,2160,3899,DDInter78,DDInter1033,CYP2C9,CYP inhibition
Aspirin,Capecitabine,2244,60953,DDInter20,DDInter285,CYP2C9,CYP inhibition
Bicalutamide,Metoprolol,2375,4171,DDInter204,DDInter1200,CYP2D6,CYP inhibition
Simvastatin,Capecitabine,54454,60953,DDInter1675,DDInter285,CYP2C9,"CYP induction, CYP inhibition"
Amlodipine,Capecitabine,2162,60953,DDInter79,DDInter285,CYP2C9,CYP inhibition
Busulfan,Fluconazole,2478,3365,DDInter255,DDInter743,CYP3A4,CYP inhibition
Aspirin,Imatinib,2244,5291,DDInter20,DDInter909,"ABCB1 (P-gp), CYP2C19, CYP2C9","CYP induction, CYP inhibition, transporter inhibition"
Celecoxib,Cyclobenzaprine,2662,2895,DDInter336,DDInter454,CYP2D6,CYP inhibition
Lidocaine,Thalidomide,3676,5426,DDInter1066;DDInter1067;DDInter1068,DDInter1789,"CYP1A2, CYP3A5","CYP induction, CYP inhibition"
Cyclophosphamide,Lansoprazole,2907,3883,DDInter456,DDInter1022,"ABCB1 (P-gp), CYP3A4","CYP induction, CYP inhibition, transporter inhibition"
Lovastatin,Erlotinib,3962,176870,DDInter1098,DDInter667,"ABCB1 (P-gp), CYP2C8","CYP inhibition, transporter inhibition"
5-Fluorouracil,Ibuprofen,3385,3672,DDInter757,DDInter900,"ABCC4 (MRP4), CYP2C9","CYP inhibition, transporter inhibition"
Celecoxib,Pioglitazone,2662,4829,DDInter336,DDInter1472,"CYP2C9, CYP3A4","CYP induction, CYP inhibition"
Alprazolam,Tamoxifen,2118,5376,DDInter54,DDInter1744,CYP3A4,"CYP induction, CYP inhibition"
Phenytoin,Celecoxib,1775,2662,DDInter1460,DDInter336,"CYP2C9, CYP3A4","CYP induction, CYP inhibition"
Atorvastatin EP Impurity B,Fulvestrant,2250,104741,DDInter133,DDInter789,CYP3A4,"CYP induction, CYP inhibition"
Verapamil,Letrozole,2520,3902,DDInter1928,DDInter1040,CYP3A4,CYP inhibition
Losartan,Erlotinib,3961,176870,DDInter1095,DDInter667,"ABCB1 (P-gp), CYP2C8","CYP inhibition, transporter inhibition"
Fenofibrate,Bortezomib,3339,93860,DDInter718,DDInter222,CYP3A4,CYP inhibition
Pantoprazole,Tamoxifen,4679,5376,DDInter1388,DDInter1744,"ABCB1 (P-gp), CYP3A4","CYP induction, CYP inhibition, transporter induction, transporter inhibition"
Leflunomide,Temazepam,3899,5391,DDInter1033,DDInter1761,CYP2C9,CYP inhibition
Metronidazole,Mitoxantrone,4173,4212,DDInter1202,DDInter1234,CYP3A4,CYP inhibition
Ondansetron,Gefitinib,4595,123631,DDInter1342,DDInter810,CYP2C9,CYP inhibition
Loperamide,Bortezomib,3954,93860,DDInter1088,DDInter222,CYP3A4,CYP inhibition
Celecoxib,Erythromycin,2662,3255,DDInter336,DDInter670,CYP3A4,CYP inhibition
5-Fluorouracil,Ropinirole,3385,5095,DDInter757,DDInter1619,CYP1A2,CYP inhibition
Bortezomib,Ezetimibe,93860,150311,DDInter222,DDInter707,CYP3A4,CYP inhibition
5-Fluorouracil,Rofecoxib,3385,5090,DDInter757,DDInter1613,"ABCC4 (MRP4), CYP1A2","CYP inhibition, transporter inhibition"
Acetaminophen,Arsenic Trioxide,1983,14888,DDInter14,DDInter120,"ABCB1 (P-gp), CYP3A4","CYP induction, CYP inhibition, transporter inhibition"
Fentanyl,Fulvestrant,3345,104741,DDInter722,DDInter789,CYP3A4,CYP inhibition
Clonazepam,Bortezomib,2802,93860,DDInter411,DDInter222,CYP3A4,CYP inhibition
Fentanyl,Tamoxifen,3345,5376,DDInter722,DDInter1744,"ABCB1 (P-gp), CYP3A4","CYP induction, CYP inhibition, transporter induction, transporter inhibition"
Losartan,Gefitinib,3961,123631,DDInter1095,DDInter810,"ABCB1 (P-gp), CYP2C9","CYP inhibition, transporter inhibition"
Anastrozole,Diazepam,2187,3016,DDInter95,DDInter534,CYP1A2,CYP inhibition
Acetaminophen,Celecoxib,1983,2662,DDInter14,DDInter336,"CYP2D6, CYP3A4","CYP induction, CYP inhibition"
Anastrozole,Isosorbide Mononitrate,2187,27661,DDInter95,DDInter990,CYP3A4,CYP inhibition
Bupropion,Hydroxyurea,444,3657,DDInter252,DDInter894,CYP2D6,CYP inhibition
Mitoxantrone,Prilosec,4212,4594,DDInter1234,DDInter1340,CYP3A4,CYP inhibition
Fentanyl,Bortezomib,3345,93860,DDInter722,DDInter222,CYP3A4,CYP inhibition
Amlodipine,Exemestane,2162,60198,DDInter79,DDInter705,CYP3A4,CYP inhibition
Ondansetron,Vincristine,4595,5978,DDInter1342,DDInter1937;DDInter1938,CYP3A4,CYP inhibition
Clopidogrel,Cyclophosphamide,2806,2907,DDInter413,DDInter456,"ABCB1 (P-gp), CYP3A4","CYP induction, CYP inhibition, transporter inhibition"
Ciprofloxacin,Leflunomide,2764,3899,DDInter384,DDInter1033,CYP1A2,CYP inhibition
Fluconazole,5-Fluorouracil,3365,3385,DDInter743,DDInter757,CYP2C9,CYP inhibition
Celecoxib,Lidocaine,2662,3676,DDInter336,DDInter1066;DDInter1067;DDInter1068,CYP3A4,CYP inhibition
Citalopram,Vincristine,2771,5978,DDInter388,DDInter1937;DDInter1938,CYP3A4,CYP inhibition
Verapamil,Capecitabine,2520,60953,DDInter1928,DDInter285,CYP2C9,CYP inhibition
Alprazolam,5-Fluorouracil,2118,3385,DDInter54,DDInter757,CYP2C9,CYP inhibition
(3H)granisetron,Bortezomib,3510,93860,DDInter840,DDInter222,"CYP2D6, CYP3A4","CYP induction, CYP inhibition"
Aspirin,Lenalidomide,2244,216326,DDInter20,DDInter1035,PTGS2,CYP inhibition
Nifedipine,Bortezomib,4485,93860,DDInter1291,DDInter222,"CYP1A2, CYP3A4","CYP induction, CYP inhibition"
Enalapril,Tamoxifen,3222,5376,DDInter638,DDInter1744,"ABCB1 (P-gp), CYP3A4","CYP induction, CYP inhibition, transporter induction, transporter inhibition"
Cyclophosphamide,Voriconazole,2907,71616,DDInter456,DDInter1946,CYP3A4,"CYP induction, CYP inhibition"
Cyclophosphamide,Pantoprazole,2907,4679,DDInter456,DDInter1388,"ABCB1 (P-gp), CYP2C9, CYP3A4","CYP induction, CYP inhibition, transporter inhibition"
Leflunomide,Propranolol,3899,4946,DDInter1033,DDInter1539,CYP1A2,CYP inhibition
Mitoxantrone,Voriconazole,4212,71616,DDInter1234,DDInter1946,CYP3A4,CYP inhibition
Metoclopramide,Bortezomib,4168,93860,DDInter1197,DDInter222,CYP2D6,CYP inhibition
Ibuprofen,Bortezomib,3672,93860,DDInter900,DDInter222,CYP2C9,CYP inhibition
Amlodipine,Letrozole,2162,3902,DDInter79,DDInter1040,CYP2A6,CYP inhibition
Glimepiride,Capecitabine,3476,60953,DDInter825,DDInter285,CYP2C9,CYP inhibition
Methylphenidate,Bortezomib,4158,93860,DDInter1189,DDInter222,CYP2D6,CYP inhibition
5-Fluorouracil,Pioglitazone,3385,4829,DDInter757,DDInter1472,CYP2C9,CYP inhibition
Oxazepam,Sorafenib,4616,216239,DDInter1359,DDInter1702,CYP3A4,CYP inhibition
Irbesartan,Vincristine,3749,5978,DDInter972,DDInter1937;DDInter1938,CYP3A4,CYP inhibition
Leflunomide,Nisoldipine,3899,4499,DDInter1033,DDInter1298,CYP1A2,CYP inhibition
Verapamil,5-Fluorouracil,2520,3385,DDInter1928,DDInter757,"ABCC3, CYP2C9","CYP inhibition, transporter inhibition"
Anastrozole,Paroxetine,2187,4691,DDInter95,DDInter1397,CYP2C9,CYP inhibition
Losartan,Tamoxifen,3961,5376,DDInter1095,DDInter1744,"ABCB1 (P-gp), CYP3A4","CYP induction, CYP inhibition, transporter induction, transporter inhibition"
Metronidazole,Imatinib,4173,5291,DDInter1202,DDInter909,CYP3A4,CYP inhibition
Loratadine,Thalidomide,3957,5426,DDInter1091,DDInter1789,CYP2C19,"CYP induction, CYP inhibition"
Torasemide,Bortezomib,41781,93860,DDInter1836,DDInter222,CYP2C9,CYP inhibition
Cyclophosphamide,Losartan,2907,3961,DDInter456,DDInter1095,"ABCB1 (P-gp), CYP3A4","CYP induction, CYP inhibition, transporter inhibition"
Mitoxantrone,Tolterodine,4212,5512,DDInter1234,DDInter1832,CYP3A4,CYP inhibition
Celecoxib,Quetiapine,2662,5002,DDInter336,DDInter1553,CYP2D6,CYP inhibition
Leflunomide,Triazolam,3899,5556,DDInter1033,DDInter1860,CYP2C9,CYP inhibition
Amlodipine,Bicalutamide,2162,2375,DDInter79,DDInter204,CYP3A4,CYP inhibition
5-Fluorouracil,Tolterodine,3385,5512,DDInter757,DDInter1832,CYP2C9,CYP inhibition
Cyclophosphamide,Temozolomide,2907,5394,DDInter456,DDInter1762,CYP3A4,"CYP induction, CYP inhibition"
Anzemet,5-Fluorouracil,3148,3385,DDInter581,DDInter757,CYP2C9,CYP inhibition
Alprazolam,Capecitabine,2118,60953,DDInter54,DDInter285,CYP2C9,CYP inhibition
Pioglitazone,Tamoxifen,4829,5376,DDInter1472,DDInter1744,CYP3A4,"CYP induction, CYP inhibition"
Celecoxib,Loperamide,2662,3954,DDInter336,DDInter1088,CYP2D6,CYP inhibition
Arthrotec,Sorafenib,3032,216239,DDInter537;DDInter538;DDInter539,DDInter1702,"ABCB1 (P-gp), CYP1A2","CYP inhibition, transporter inhibition"
Metoprolol,Sorafenib,4171,216239,DDInter1200,DDInter1702,"ABCB1 (P-gp), CYP2C19","CYP inhibition, transporter inhibition"
Bicalutamide,Celecoxib,2375,2662,DDInter204,DDInter336,CYP2D6,CYP inhibition
Methylphenidate,Tamoxifen,4158,5376,DDInter1189,DDInter1744,CYP2D6,CYP inhibition
Celecoxib,Cerivastatin,2662,2676,DDInter336,DDInter341,CYP3A4,"CYP induction, CYP inhibition"
Pantoprazole,Capecitabine,4679,60953,DDInter1388,DDInter285,CYP2C9,CYP inhibition
Leflunomide,Norfloxacin,3899,4539,DDInter1033,DDInter1313,CYP1A2,CYP inhibition
Oxazepam,Imatinib,4616,5291,DDInter1359,DDInter909,CYP3A4,CYP inhibition
Aspirin,Gefitinib,2244,123631,DDInter20,DDInter810,"ABCB1 (P-gp), CYP2C19, CYP2C9","CYP induction, CYP inhibition, transporter inhibition"
Carmustine,Ondansetron,2578,4595,DDInter302,DDInter1342,CYP1A2,CYP inhibition
Memantine,Tamoxifen,4054,5376,DDInter1146,DDInter1744,CYP2B6,CYP inhibition
Hydroxyurea,Ondansetron,3657,4595,DDInter894,DDInter1342,CYP2D6,CYP inhibition
Cyclophosphamide,Venlafaxine,2907,5656,DDInter456,DDInter1927,"ABCB1 (P-gp), CYP3A4","CYP induction, CYP inhibition, transporter inhibition"
Prilosec,Arsenic Trioxide,4594,14888,DDInter1340,DDInter120,CYP3A4,CYP inhibition
Bortezomib,Palonosetron,93860,148211,DDInter222,DDInter1382,CYP1A2,CYP inhibition
Celecoxib,Propofol,2662,4943,DDInter336,DDInter1538,CYP3A4,CYP inhibition
Ketoprofen,Gefitinib,3825,123631,DDInter1009,DDInter810,CYP2C9,CYP inhibition
Bupropion,Celecoxib,444,2662,DDInter252,DDInter336,CYP2D6,CYP inhibition
Mitoxantrone,Pantoprazole,4212,4679,DDInter1234,DDInter1388,"ABCB1 (P-gp), CYP3A4","CYP induction, CYP inhibition, transporter induction, transporter inhibition"
Clopidogrel,Sorafenib,2806,216239,DDInter413,DDInter1702,"ABCB1 (P-gp), CYP1A2","CYP inhibition, transporter inhibition"
Acetaminophen,Sorafenib,1983,216239,DDInter14,DDInter1702,"ABCB1 (P-gp), CYP1A2, CYP3A4","CYP induction, CYP inhibition, transporter inhibition"
Ofloxacin,Bortezomib,4583,93860,DDInter1325,DDInter222,CYP1A2,CYP inhibition
Raloxifene,Tamoxifen,5035,5376,DDInter1562,DDInter1744,CYP3A4,"CYP induction, CYP inhibition"
Ciprofloxacin,Letrozole,2764,3902,DDInter384,DDInter1040,CYP3A4,CYP inhibition
Celecoxib,Fexofenadine,2662,3348,DDInter336,DDInter732,CYP2D6,CYP inhibition
Tolterodine,Sorafenib,5512,216239,DDInter1832,DDInter1702,CYP3A4,CYP inhibition
Lansoprazole,Tamoxifen,3883,5376,DDInter1022,DDInter1744,"ABCB1 (P-gp), CYP3A4","CYP induction, CYP inhibition, transporter induction, transporter inhibition"
Ezetimibe,Sorafenib,150311,216239,DDInter707,DDInter1702,"ABCB1 (P-gp), CYP3A4","CYP inhibition, transporter inhibition"
Fexofenadine,Bortezomib,3348,93860,DDInter732,DDInter222,CYP2D6,CYP inhibition
Cyclophosphamide,Letrozole,2907,3902,DDInter456,DDInter1040,"CYP2A6, CYP3A4","CYP induction, CYP inhibition"
Cyclophosphamide,Mirtazapine,2907,4205,DDInter456,DDInter1230,"CYP2D6, CYP3A4","CYP induction, CYP inhibition"
Amlodipine,Hydroxyurea,2162,3657,DDInter79,DDInter894,CYP2D6,CYP inhibition
Celecoxib,Valdecoxib,2662,119607,DDInter336,DDInter1910,CYP2C9,CYP inhibition
Ibuprofen,Ifosfamide,3672,3690,DDInter900,DDInter906,"CYP2C9, PTGS1","CYP induction, CYP inhibition"
Alprazolam,Cyclophosphamide,2118,2907,DDInter54,DDInter456,CYP3A4,"CYP induction, CYP inhibition"
Clopidogrel,Flutamide,2806,3397,DDInter413,DDInter765,CYP1A2,CYP inhibition
Diazepam,Capecitabine,3016,60953,DDInter534,DDInter285,CYP2C9,CYP inhibition
Atovaquone,Bortezomib,74989,93860,DDInter134,DDInter222,CYP2C9,CYP inhibition
Celecoxib,Gefitinib,2662,123631,DDInter336,DDInter810,CYP2C9,CYP inhibition
Cyclophosphamide,Arthrotec,2907,3032,DDInter456,DDInter537;DDInter538;DDInter539,"ABCB1 (P-gp), CYP2C9, CYP3A4","CYP induction, CYP inhibition, transporter inhibition"
Fluconazole,Temozolomide,3365,5394,DDInter743,DDInter1762,CYP3A4,"CYP induction, CYP inhibition"
Hydroxyurea,Lansoprazole,3657,3883,DDInter894,DDInter1022,CYP2D6,CYP inhibition
Ibuprofen,Thalidomide,3672,5426,DDInter900,DDInter1789,CYP2C19,CYP inhibition
Hydroxyurea,Ritonavir,3657,5076,DDInter894,DDInter1607,CYP2D6,CYP inhibition
Glibenclamide,Imatinib,3488,5291,DDInter831,DDInter909,"ABCB1 (P-gp), CYP3A4","CYP inhibition, transporter inhibition"
Propranolol,Tamoxifen,4946,5376,DDInter1539,DDInter1744,"ABCB1 (P-gp), CYP3A4","CYP induction, CYP inhibition, transporter induction, transporter inhibition"
Tolterodine,Bortezomib,5512,93860,DDInter1832,DDInter222,CYP3A4,CYP inhibition
Celecoxib,Lovastatin,2662,3962,DDInter336,DDInter1098,"CYP2C9, CYP3A4","CYP induction, CYP inhibition"
Arsenic Trioxide,Simvastatin,14888,54454,DDInter120,DDInter1675,"ABCB1 (P-gp), ABCC2 (MRP2), CYP3A4","CYP induction, CYP inhibition, transporter induction, transporter inhibition"
Aspirin,Erlotinib,2244,176870,DDInter20,DDInter667,CYP2C8,CYP inhibition
Salbutamol,Celecoxib,2083,2662,DDInter1632,DDInter336,CYP3A4,CYP inhibition
Celecoxib,Metoclopramide,2662,4168,DDInter336,DDInter1197,CYP2D6,CYP inhibition
Anastrozole,Lansoprazole,2187,3883,DDInter95,DDInter1022,"CYP1A2, CYP3A4","CYP induction, CYP inhibition"
Celecoxib,Diazepam,2662,3016,DDInter336,DDInter534,CYP3A4,CYP inhibition
Pantoprazole,Vincristine,4679,5978,DDInter1388,DDInter1937;DDInter1938,"ABCB1 (P-gp), CYP3A4","CYP induction, CYP inhibition, transporter induction, transporter inhibition"
Clotrimazole,Thalidomide,2812,5426,DDInter416,DDInter1789,CYP2C19,CYP inhibition
Leflunomide,Desloratadine,3899,124087,DDInter1033,DDInter506,CYP1A2,CYP inhibition
Mirtazapine,Bortezomib,4205,93860,DDInter1230,DDInter222,"CYP1A2, CYP2D6","CYP induction, CYP inhibition"
Hydroxyurea,Nevirapine,3657,4463,DDInter894,DDInter1285,CYP2D6,CYP inhibition
Enalapril,Imatinib,3222,5291,DDInter638,DDInter909,"ABCB1 (P-gp), CYP3A4","CYP inhibition, transporter inhibition"
Bupropion,Erlotinib,444,176870,DDInter252,DDInter667,CYP2C8,CYP inhibition
Tamoxifen,Temozolomide,5376,5394,DDInter1744,DDInter1762,CYP3A4,"CYP induction, CYP inhibition"
Risperidone,Temozolomide,5073,5394,DDInter1605,DDInter1762,CYP3A4,"CYP induction, CYP inhibition"
Anastrozole,Glimepiride,2187,3476,DDInter95,DDInter825,CYP2C9,CYP inhibition
Amlodipine,Vincristine,2162,5978,DDInter79,DDInter1937;DDInter1938,"ABCB1 (P-gp), CYP3A4","CYP inhibition, transporter induction, transporter inhibition"
Celecoxib,Phentermine,2662,4771,DDInter336,DDInter1447,CYP2C9,"CYP induction, CYP inhibition"
Cyclophosphamide,Simvastatin,2907,54454,DDInter456,DDInter1675,"ABCB1 (P-gp), CYP3A4","CYP induction, CYP inhibition, transporter inhibition"
Exemestane,Ezetimibe,60198,150311,DDInter705,DDInter707,CYP3A4,CYP inhibition
Verapamil,Bortezomib,2520,93860,DDInter1928,DDInter222,CYP1A2,CYP inhibition
Nabumetone,Lenalidomide,4409,216326,DDInter1254,DDInter1035,PTGS2,CYP inhibition
Imatinib,Telmisartan,5291,65999,DDInter909,DDInter1759,"ABCB1 (P-gp), CYP2C19","CYP inhibition, transporter inhibition"
Cyclophosphamide,Loperamide,2907,3954,DDInter456,DDInter1088,"ABCB1 (P-gp), CYP3A4","CYP induction, CYP inhibition, transporter inhibition"
Anastrozole,Enalapril,2187,3222,DDInter95,DDInter638,CYP3A4,CYP inhibition
Citalopram,Gefitinib,2771,123631,DDInter388,DDInter810,CYP2C19,CYP inhibition
Cyclophosphamide,Oxazepam,2907,4616,DDInter456,DDInter1359,CYP3A4,"CYP induction, CYP inhibition"
Clonidine,Tamoxifen,2803,5376,DDInter412,DDInter1744,"ABCB1 (P-gp), CYP3A4","CYP induction, CYP inhibition, transporter induction, transporter inhibition"
Celecoxib,Almotriptan,2662,123606,DDInter336,DDInter49,CYP2D6,CYP inhibition
Propranolol,Vincristine,4946,5978,DDInter1539,DDInter1937;DDInter1938,"ABCB1 (P-gp), CYP3A4","CYP inhibition, transporter induction, transporter inhibition"
Simvastatin,Sorafenib,54454,216239,DDInter1675,DDInter1702,"ABCB1 (P-gp), CYP3A4","CYP induction, CYP inhibition, transporter inhibition"
Cyclophosphamide,Oxybutynin,2907,4634,DDInter456,DDInter1365,CYP3A4,"CYP induction, CYP inhibition"
Diazepam,Fulvestrant,3016,104741,DDInter534,DDInter789,CYP3A4,CYP inhibition
Leflunomide,Paroxetine,3899,4691,DDInter1033,DDInter1397,CYP2C9,CYP inhibition
Cyclobenzaprine,Gefitinib,2895,123631,DDInter454,DDInter810,CYP2D6,CYP inhibition
Citalopram,Cyclophosphamide,2771,2907,DDInter388,DDInter456,CYP3A4,"CYP induction, CYP inhibition"
Lovastatin,Sorafenib,3962,216239,DDInter1098,DDInter1702,"ABCB1 (P-gp), CYP2C9, CYP3A4","CYP induction, CYP inhibition, transporter inhibition"
Salbutamol,Erlotinib,2083,176870,DDInter1632,DDInter667,CYP3A4,CYP inhibition
Diazepam,Tamoxifen,3016,5376,DDInter534,DDInter1744,"ABCB1 (P-gp), CYP3A4","CYP induction, CYP inhibition, transporter induction, transporter inhibition"
Salbutamol,Cyclophosphamide,2083,2907,DDInter1632,DDInter456,CYP3A4,"CYP induction, CYP inhibition"
Tamoxifen,Temazepam,5376,5391,DDInter1744,DDInter1761,CYP3A4,"CYP induction, CYP inhibition"
Torasemide,Sorafenib,41781,216239,DDInter1836,DDInter1702,CYP2C9,CYP inhibition
Ibuprofen,Lenalidomide,3672,216326,DDInter900,DDInter1035,PTGS2,CYP inhibition
Metoclopramide,Gefitinib,4168,123631,DDInter1197,DDInter810,CYP2D6,CYP inhibition
Losartan,Thalidomide,3961,5426,DDInter1095,DDInter1789,"CYP2C19, CYP3A5","CYP induction, CYP inhibition"
Bicalutamide,Ibuprofen,2375,3672,DDInter204,DDInter900,CYP2C9,CYP inhibition
Fluconazole,Erlotinib,3365,176870,DDInter743,DDInter667,"ABCB1 (P-gp), CYP3A4","CYP inhibition, transporter inhibition"
Anastrozole,Raloxifene,2187,5035,DDInter95,DDInter1562,CYP3A4,CYP inhibition
Bupropion,Anastrozole,444,2187,DDInter252,DDInter95,CYP1A2,CYP inhibition
Cyclophosphamide,Gefitinib,2907,123631,DDInter456,DDInter810,"ABCB1 (P-gp), CYP2C9, CYP3A4","CYP induction, CYP inhibition, transporter inhibition"
Bicalutamide,Isosorbide Mononitrate,2375,27661,DDInter204,DDInter990,CYP3A4,CYP inhibition
Zolpidem,Arsenic Trioxide,5732,14888,DDInter1970,DDInter120,CYP3A4,CYP inhibition
Mirtazapine,Vincristine,4205,5978,DDInter1230,DDInter1937;DDInter1938,CYP3A4,CYP inhibition
Cyclophosphamide,Propranolol,2907,4946,DDInter456,DDInter1539,"ABCB1 (P-gp), CYP2D6, CYP3A4","CYP induction, CYP inhibition, transporter inhibition"
Salbutamol,Letrozole,2083,3902,DDInter1632,DDInter1040,CYP3A4,CYP inhibition
Imatinib,Temazepam,5291,5391,DDInter909,DDInter1761,CYP3A4,CYP inhibition
Mitoxantrone,Simvastatin,4212,54454,DDInter1234,DDInter1675,"ABCB1 (P-gp), CYP3A4","CYP induction, CYP inhibition, transporter induction, transporter inhibition"
Haloperidol,Gefitinib,3559,123631,DDInter853,DDInter810,"ABCB1 (P-gp), CYP2C9, CYP2D6","CYP induction, CYP inhibition, transporter inhibition"
Cyclophosphamide,Itrizole,2907,3793,DDInter456,DDInter995,"ABCB1 (P-gp), CYP3A4","CYP induction, CYP inhibition, transporter inhibition"
Acetaminophen,Hydroxyurea,1983,3657,DDInter14,DDInter894,CYP2D6,CYP inhibition
Lansoprazole,Fulvestrant,3883,104741,DDInter1022,DDInter789,CYP3A4,"CYP induction, CYP inhibition"
Cyclophosphamide,Palonosetron,2907,148211,DDInter456,DDInter1382,CYP3A4,"CYP induction, CYP inhibition"
Famciclovir,Bortezomib,3324,93860,DDInter711,DDInter222,CYP3A4,CYP inhibition
Losartan,Vincristine,3961,5978,DDInter1095,DDInter1937;DDInter1938,"ABCB1 (P-gp), CYP3A4","CYP inhibition, transporter induction, transporter inhibition"
Leflunomide,Loratadine,3899,3957,DDInter1033,DDInter1091,CYP2C9,CYP inhibition
Atorvastatin EP Impurity B,Letrozole,2250,3902,DDInter133,DDInter1040,CYP3A4,"CYP induction, CYP inhibition"
Fentanyl,Sorafenib,3345,216239,DDInter722,DDInter1702,"ABCB1 (P-gp), CYP3A4","CYP inhibition, transporter inhibition"
Doxazosin,Sorafenib,3157,216239,DDInter592,DDInter1702,"ABCB1 (P-gp), CYP2C19","CYP inhibition, transporter inhibition"
5-Fluorouracil,Glipizide,3385,3478,DDInter757,DDInter826,CYP2C9,CYP inhibition
Temozolomide,Vincristine,5394,5978,DDInter1762,DDInter1937;DDInter1938,CYP3A4,"CYP induction, CYP inhibition"
Cyclophosphamide,Nifedipine,2907,4485,DDInter456,DDInter1291,"ABCB1 (P-gp), CYP3A4","CYP induction, CYP inhibition, transporter induction, transporter inhibition"
Cyclophosphamide,Famciclovir,2907,3324,DDInter456,DDInter711,CYP3A4,"CYP induction, CYP inhibition"
Diazepam,5-Fluorouracil,3016,3385,DDInter534,DDInter757,CYP2C9,CYP inhibition
Verapamil,Leflunomide,2520,3899,DDInter1928,DDInter1033,"ABCG2 (BCRP), CYP2C9","CYP inhibition, transporter inhibition"
Itrizole,Thalidomide,3793,5426,DDInter995,DDInter1789,"CYP2E1, CYP3A5","CYP induction, CYP inhibition"
Bicalutamide,Arthrotec,2375,3032,DDInter204,DDInter537;DDInter538;DDInter539,CYP2C9,CYP inhibition
Temazepam,Vincristine,5391,5978,DDInter1761,DDInter1937;DDInter1938,CYP3A4,CYP inhibition
Losartan,Fulvestrant,3961,104741,DDInter1095,DDInter789,CYP3A4,CYP inhibition
Fentanyl,Exemestane,3345,60198,DDInter722,DDInter705,CYP3A4,CYP inhibition
Alprazolam,Bortezomib,2118,93860,DDInter54,DDInter222,CYP3A4,CYP inhibition
5-Fluorouracil,Promethazine,3385,4927,DDInter757,DDInter1533,CYP2C9,CYP inhibition
Anastrozole,Simvastatin,2187,54454,DDInter95,DDInter1675,CYP3A4,"CYP induction, CYP inhibition"
Citalopram,Hydroxyurea,2771,3657,DDInter388,DDInter894,CYP2D6,CYP inhibition
Anastrozole,Clonazepam,2187,2802,DDInter95,DDInter411,CYP3A4,CYP inhibition
Fluconazole,Mitoxantrone,3365,4212,DDInter743,DDInter1234,"ABCB1 (P-gp), CYP3A4","CYP inhibition, transporter induction, transporter inhibition"
Celecoxib,Lenalidomide,2662,216326,DDInter336,DDInter1035,PTGS2,CYP inhibition
Indomethacin,Lenalidomide,3715,216326,DDInter921,DDInter1035,"ABCB1 (P-gp), PTGS2","CYP inhibition, transporter inhibition"
Tamoxifen,Fulvestrant,5376,104741,DDInter1744,DDInter789,CYP3A4,"CYP induction, CYP inhibition"
Bicalutamide,Rofecoxib,2375,5090,DDInter204,DDInter1613,CYP3A4,"CYP induction, CYP inhibition"
Rofecoxib,Tamoxifen,5090,5376,DDInter1613,DDInter1744,CYP3A4,"CYP induction, CYP inhibition"
Bupropion,Sorafenib,444,216239,DDInter252,DDInter1702,CYP1A2,CYP inhibition
Leflunomide,Pantoprazole,3899,4679,DDInter1033,DDInter1388,"ABCG2 (BCRP), CYP1A2, CYP2C9","CYP induction, CYP inhibition, transporter inhibition"
Pioglitazone,Sorafenib,4829,216239,DDInter1472,DDInter1702,CYP3A4,"CYP induction, CYP inhibition"
Promethazine,Bortezomib,4927,93860,DDInter1533,DDInter222,CYP2C9,CYP inhibition
Cyclophosphamide,Prochlorperazine,2907,4917,DDInter456,DDInter1527,CYP3A4,"CYP induction, CYP inhibition"
Celecoxib,Rivastigmine,2662,5077,DDInter336,DDInter1610,CYP3A4,CYP inhibition
Hydroxyurea,Risperidone,3657,5073,DDInter894,DDInter1605,CYP2D6,CYP inhibition
Anastrozole,Clonidine,2187,2803,DDInter95,DDInter412,CYP1A2,CYP inhibition
Amlodipine,Gefitinib,2162,123631,DDInter79,DDInter810,"ABCB1 (P-gp), CYP2C9","CYP inhibition, transporter inhibition"
Ondansetron,Capecitabine,4595,60953,DDInter1342,DDInter285,CYP2C9,CYP inhibition
Ondansetron,Bortezomib,4595,93860,DDInter1342,DDInter222,CYP1A2,CYP inhibition
Acetaminophen,Temozolomide,1983,5394,DDInter14,DDInter1762,CYP3A4,"CYP induction, CYP inhibition"
Cyclophosphamide,(3H)granisetron,2907,3510,DDInter456,DDInter840,CYP2D6,"CYP induction, CYP inhibition"
Acetaminophen,Gefitinib,1983,123631,DDInter14,DDInter810,"ABCB1 (P-gp), CYP2C9, CYP3A4","CYP induction, CYP inhibition, transporter inhibition"
Losartan,Sorafenib,3961,216239,DDInter1095,DDInter1702,"ABCB1 (P-gp), CYP1A2","CYP inhibition, transporter inhibition"
Amlodipine,Erlotinib,2162,176870,DDInter79,DDInter667,"ABCB1 (P-gp), CYP2C8","CYP inhibition, transporter inhibition"
Carvedilol,Sorafenib,2585,216239,DDInter305,DDInter1702,"ABCB1 (P-gp), CYP1A2","CYP inhibition, transporter inhibition"
Cyclophosphamide,Torasemide,2907,41781,DDInter456,DDInter1836,"CYP2C19, CYP2C9","CYP induction, CYP inhibition"
Letrozole,Simvastatin,3902,54454,DDInter1040,DDInter1675,CYP3A4,"CYP induction, CYP inhibition"
Celecoxib,Ketoconazole,2662,3823,DDInter336,DDInter1008,CYP3A4,CYP inhibition
Amlodipine,Ifosfamide,2162,3690,DDInter79,DDInter906,CYP3A4,"CYP induction, CYP inhibition"
Venlafaxine,Capecitabine,5656,60953,DDInter1927,DDInter285,CYP2C9,CYP inhibition
Amlodipine,Sorafenib,2162,216239,DDInter79,DDInter1702,"ABCB1 (P-gp), CYP1A2","CYP inhibition, transporter inhibition"
Amlodipine,Tamoxifen,2162,5376,DDInter79,DDInter1744,"ABCB1 (P-gp), CYP3A4","CYP induction, CYP inhibition, transporter induction, transporter inhibition"
Cyclophosphamide,Fentanyl,2907,3345,DDInter456,DDInter722,"ABCB1 (P-gp), CYP3A4","CYP induction, CYP inhibition, transporter inhibition"
Acetaminophen,Thalidomide,1983,5426,DDInter14,DDInter1789,PTGS2,CYP inhibition
Bisoprolol,Bortezomib,2405,93860,DDInter216,DDInter222,CYP3A4,CYP inhibition
Fenofibrate,Sorafenib,3339,216239,DDInter718,DDInter1702,CYP3A4,CYP inhibition
Prilosec,Sorafenib,4594,216239,DDInter1340,DDInter1702,CYP3A4,CYP inhibition
Nifedipine,Sorafenib,4485,216239,DDInter1291,DDInter1702,"ABCB1 (P-gp), CYP1A2, CYP3A4","CYP induction, CYP inhibition, transporter induction, transporter inhibition"
Celecoxib,Thalidomide,2662,5426,DDInter336,DDInter1789,PTGS2,CYP inhibition
Anastrozole,Celecoxib,2187,2662,DDInter95,DDInter336,CYP3A4,CYP inhibition
Cyclophosphamide,Fulvestrant,2907,104741,DDInter456,DDInter789,CYP3A4,"CYP induction, CYP inhibition"
Arthrotec,Vincristine,3032,5978,DDInter537;DDInter538;DDInter539,DDInter1937;DDInter1938,"ABCB1 (P-gp), CYP3A4","CYP inhibition, transporter induction, transporter inhibition"
Cyclophosphamide,Rofecoxib,2907,5090,DDInter456,DDInter1613,CYP3A4,"CYP induction, CYP inhibition"
Fluoxetine,Bortezomib,3386,93860,DDInter758,DDInter222,CYP1A2,CYP inhibition
Oxazepam,Tamoxifen,4616,5376,DDInter1359,DDInter1744,CYP3A4,"CYP induction, CYP inhibition"
Metoprolol,Bortezomib,4171,93860,DDInter1200,DDInter222,CYP2C19,CYP inhibition
Leflunomide,Promethazine,3899,4927,DDInter1033,DDInter1533,CYP2C9,CYP inhibition
Anastrozole,Pioglitazone,2187,4829,DDInter95,DDInter1472,"CYP2C9, CYP3A4","CYP induction, CYP inhibition"
Felodipine,Hydroxyurea,3333,3657,DDInter716,DDInter894,CYP2D6,CYP inhibition
Valproic Acid,Gefitinib,3121,123631,DDInter1913,DDInter810,CYP2C9,CYP inhibition
Clotrimazole,Temozolomide,2812,5394,DDInter416,DDInter1762,CYP3A4,"CYP induction, CYP inhibition"
Etodolac,5-Fluorouracil,3308,3385,DDInter699,DDInter757,CYP2C9,CYP inhibition
Celecoxib,Atazanavir,2662,148192,DDInter336,DDInter129,CYP3A4,CYP inhibition
5-Fluorouracil,Lansoprazole,3385,3883,DDInter757,DDInter1022,"ABCG2 (BCRP), CYP1A2, CYP2C9","CYP induction, CYP inhibition, transporter inhibition"
Acetaminophen,Bicalutamide,1983,2375,DDInter14,DDInter204,CYP3A4,"CYP induction, CYP inhibition"
Simvastatin,Gefitinib,54454,123631,DDInter1675,DDInter810,"ABCB1 (P-gp), CYP2C9, CYP3A4","CYP induction, CYP inhibition, transporter inhibition"
Telmisartan,Sorafenib,65999,216239,DDInter1759,DDInter1702,"ABCB1 (P-gp), CYP2C19","CYP inhibition, transporter inhibition"
Celecoxib,Nifedipine,2662,4485,DDInter336,DDInter1291,CYP3A4,"CYP induction, CYP inhibition"
Celecoxib,Simvastatin,2662,54454,DDInter336,DDInter1675,CYP3A4,"CYP induction, CYP inhibition"
Anastrozole,Quetiapine,2187,5002,DDInter95,DDInter1553,CYP3A4,CYP inhibition
5-Fluorouracil,Pantoprazole,3385,4679,DDInter757,DDInter1388,"ABCG2 (BCRP), CYP1A2, CYP2C9","CYP induction, CYP inhibition, transporter inhibition"
Temazepam,Gefitinib,5391,123631,DDInter1761,DDInter810,CYP2C9,CYP inhibition
Clomipramine,Gefitinib,2801,123631,DDInter410,DDInter810,"ABCB1 (P-gp), CYP2C19","CYP inhibition, transporter inhibition"
Celecoxib,Raloxifene,2662,5035,DDInter336,DDInter1562,CYP3A4,CYP inhibition
Mitoxantrone,Zolpidem,4212,5732,DDInter1234,DDInter1970,CYP3A4,CYP inhibition
Acetaminophen,Capecitabine,1983,60953,DDInter14,DDInter285,CYP2C9,CYP inhibition
5-Fluorouracil,Triazolam,3385,5556,DDInter757,DDInter1860,CYP2C9,CYP inhibition
Fluoxetine,Temozolomide,3386,5394,DDInter758,DDInter1762,CYP3A4,"CYP induction, CYP inhibition"
Diazepam,Sorafenib,3016,216239,DDInter534,DDInter1702,"ABCB1 (P-gp), CYP1A2","CYP inhibition, transporter inhibition"
Fenofibrate,Thalidomide,3339,5426,DDInter718,DDInter1789,CYP2C9,CYP inhibition
Celecoxib,Hydroxychloroquine,2662,3652,DDInter336,DDInter893,CYP2D6,CYP inhibition
Glipizide,Tamoxifen,3478,5376,DDInter826,DDInter1744,CYP3A4,"CYP induction, CYP inhibition"
Citalopram,Erlotinib,2771,176870,DDInter388,DDInter667,CYP2D6,CYP inhibition
5-Fluorouracil,Oxybutynin,3385,4634,DDInter757,DDInter1365,CYP2C8,CYP inhibition
Loperamide,Vincristine,3954,5978,DDInter1088,DDInter1937;DDInter1938,"ABCB1 (P-gp), CYP3A4","CYP inhibition, transporter induction, transporter inhibition"
Amlodipine,Temozolomide,2162,5394,DDInter79,DDInter1762,CYP3A4,"CYP induction, CYP inhibition"
Tamoxifen,Simvastatin,5376,54454,DDInter1744,DDInter1675,"ABCB1 (P-gp), CYP3A4","CYP induction, CYP inhibition, transporter induction, transporter inhibition"
Fenofibrate,Bexarotene,3339,82146,DDInter718,DDInter202;DDInter203,"CYP2C9, CYP3A4","CYP induction, CYP inhibition"
Carbamazepine,Carmustine,2554,2578,DDInter293,DDInter302,CYP1A2,"CYP induction, CYP inhibition"
Ofloxacin,Imatinib,4583,5291,DDInter1325,DDInter909,CYP1A2,CYP inhibition
Clonazepam,Mitoxantrone,2802,4212,DDInter411,DDInter1234,CYP3A4,CYP inhibition
Fentanyl,Mitoxantrone,3345,4212,DDInter722,DDInter1234,"ABCB1 (P-gp), CYP3A4","CYP inhibition, transporter induction, transporter inhibition"
Aspirin,Bicalutamide,2244,2375,DDInter20,DDInter204,"CYP2C19, CYP2C9","CYP induction, CYP inhibition"
Acetaminophen,Exemestane,1983,60198,DDInter14,DDInter705,CYP3A4,"CYP induction, CYP inhibition"
Anastrozole,Lovastatin,2187,3962,DDInter95,DDInter1098,"CYP2C9, CYP3A4","CYP induction, CYP inhibition"
Cyclophosphamide,Valproic Acid,2907,3121,DDInter456,DDInter1913,"CYP2A6, CYP3A4","CYP induction, CYP inhibition"
Glimepiride,Sorafenib,3476,216239,DDInter825,DDInter1702,CYP2C9,CYP inhibition
Mitoxantrone,Exemestane,4212,60198,DDInter1234,DDInter705,CYP3A4,CYP inhibition
Ibuprofen,Gefitinib,3672,123631,DDInter900,DDInter810,"ABCB1 (P-gp), CYP2C9","CYP inhibition, transporter inhibition"
Leflunomide,Mirtazapine,3899,4205,DDInter1033,DDInter1230,CYP2C9,CYP inhibition
Cyclophosphamide,Lovastatin,2907,3962,DDInter456,DDInter1098,"ABCB1 (P-gp), CYP2C9, CYP3A4","CYP induction, CYP inhibition, transporter inhibition"
Verapamil,Tamoxifen,2520,5376,DDInter1928,DDInter1744,"ABCB1 (P-gp), CYP3A4","CYP induction, CYP inhibition, transporter induction, transporter inhibition"
Acetaminophen,Ifosfamide,1983,3690,DDInter14,DDInter906,CYP3A4,"CYP induction, CYP inhibition"
Paroxetine,Capecitabine,4691,60953,DDInter1397,DDInter285,CYP2C9,CYP inhibition
Verapamil,Celecoxib,2520,2662,DDInter1928,DDInter336,"ABCC4 (MRP4), CYP2D6","CYP inhibition, transporter inhibition"
Oxybutynin,Gefitinib,4634,123631,DDInter1365,DDInter810,CYP2D6,CYP inhibition
Anastrozole,Citalopram,2187,2771,DDInter95,DDInter388,CYP3A4,CYP inhibition
Cyclophosphamide,Atazanavir,2907,148192,DDInter456,DDInter129,"ABCB1 (P-gp), CYP3A4","CYP induction, CYP inhibition, transporter inhibition"
Propranolol,Sorafenib,4946,216239,DDInter1539,DDInter1702,"ABCB1 (P-gp), CYP1A2","CYP inhibition, transporter inhibition"
Cyclophosphamide,CID 152945,2907,152945,DDInter456,DDInter611,CYP3A4,"CYP induction, CYP inhibition"
Doxazosin,Gefitinib,3157,123631,DDInter592,DDInter810,"ABCB1 (P-gp), CYP2C19","CYP inhibition, transporter inhibition"
Mexiletine,Arsenic Trioxide,4178,14888,DDInter1206,DDInter120,CYP3A4,CYP inhibition
Atorvastatin EP Impurity B,Sorafenib,2250,216239,DDInter133,DDInter1702,"ABCB1 (P-gp), CYP3A4","CYP induction, CYP inhibition, transporter inhibition"
Celecoxib,Methadone,2662,4095,DDInter336,DDInter1166,CYP3A4,"CYP induction, CYP inhibition"
Fexofenadine,Imatinib,3348,5291,DDInter732,DDInter909,"ABCB1 (P-gp), CYP2D6","CYP inhibition, transporter inhibition"
Bisoprolol,Celecoxib,2405,2662,DDInter216,DDInter336,CYP2D6,CYP inhibition
Verapamil,Hydroxyurea,2520,3657,DDInter1928,DDInter894,CYP2D6,CYP inhibition
Telmisartan,Bortezomib,65999,93860,DDInter1759,DDInter222,CYP2C19,CYP inhibition
Fexofenadine,Erlotinib,3348,176870,DDInter732,DDInter667,"ABCB1 (P-gp), CYP2D6","CYP inhibition, transporter inhibition"
Clopidogrel,Arsenic Trioxide,2806,14888,DDInter413,DDInter120,CYP3A4,CYP inhibition
Respules,Sorafenib,2462,216239,DDInter246;DDInter247,DDInter1702,CYP3A4,CYP inhibition
Glipizide,Sorafenib,3478,216239,DDInter826,DDInter1702,CYP3A4,CYP inhibition
Promethazine,Capecitabine,4927,60953,DDInter1533,DDInter285,CYP2C9,CYP inhibition
Celecoxib,Clonidine,2662,2803,DDInter336,DDInter412,CYP2D6,CYP inhibition
Metronidazole,Gefitinib,4173,123631,DDInter1202,DDInter810,CYP2C9,CYP inhibition
Glipizide,Capecitabine,3478,60953,DDInter826,DDInter285,CYP2C9,CYP inhibition
Carvedilol,Vincristine,2585,5978,DDInter305,DDInter1937;DDInter1938,"ABCB1 (P-gp), CYP3A4","CYP inhibition, transporter induction, transporter inhibition"
Celecoxib,Meperidine,2662,4058,DDInter336,DDInter1150,CYP2D6,CYP inhibition
Fluconazole,Bortezomib,3365,93860,DDInter743,DDInter222,CYP3A4,CYP inhibition
Loratadine,Vincristine,3957,5978,DDInter1091,DDInter1937;DDInter1938,"ABCB1 (P-gp), CYP3A4","CYP induction, CYP inhibition, transporter induction, transporter inhibition"
Fentanyl,Erlotinib,3345,176870,DDInter722,DDInter667,"ABCB1 (P-gp), CYP3A4","CYP inhibition, transporter inhibition"
Fentanyl,Letrozole,3345,3902,DDInter722,DDInter1040,CYP3A4,CYP inhibition
Salmeterol,Vincristine,5152,5978,DDInter1635,DDInter1937;DDInter1938,CYP3A4,CYP inhibition
Anastrozole,Temazepam,2187,5391,DDInter95,DDInter1761,CYP3A4,CYP inhibition
5-Fluorouracil,Venlafaxine,3385,5656,DDInter757,DDInter1927,"ABCG2 (BCRP), CYP2C9","CYP inhibition, transporter induction"
Salbutamol,Imatinib,2083,5291,DDInter1632,DDInter909,CYP3A4,CYP inhibition
Indapamide,Bortezomib,3702,93860,DDInter916,DDInter222,CYP3A4,CYP inhibition
Loperamide,Imatinib,3954,5291,DDInter1088,DDInter909,"ABCB1 (P-gp), CYP3A4","CYP inhibition, transporter inhibition"
Acebutolol,Celecoxib,1978,2662,DDInter12,DDInter336,CYP2D6,CYP inhibition
Salbutamol,Temozolomide,2083,5394,DDInter1632,DDInter1762,CYP3A4,"CYP induction, CYP inhibition"
Tamoxifen,Triazolam,5376,5556,DDInter1744,DDInter1860,"CYP2C9, CYP3A4","CYP induction, CYP inhibition"
Metoprolol,Erlotinib,4171,176870,DDInter1200,DDInter667,"ABCB1 (P-gp), CYP2D6","CYP inhibition, transporter inhibition"
Bicalutamide,Zolpidem,2375,5732,DDInter204,DDInter1970,CYP3A4,CYP inhibition
Carvedilol,Hydroxyurea,2585,3657,DDInter305,DDInter894,CYP2D6,CYP inhibition
Letrozole,Venlafaxine,3902,5656,DDInter1040,DDInter1927,CYP3A4,CYP inhibition
Cyclophosphamide,Fexofenadine,2907,3348,DDInter456,DDInter732,"ABCB1 (P-gp), CYP2D6","CYP inhibition, transporter inhibition"
Cyclophosphamide,Fluoxetine,2907,3386,DDInter456,DDInter758,"ABCB1 (P-gp), CYP3A4","CYP induction, CYP inhibition, transporter inhibition"
Cyclophosphamide,Exemestane,2907,60198,DDInter456,DDInter705,CYP3A4,"CYP induction, CYP inhibition"
Ciprofloxacin,Exemestane,2764,60198,DDInter384,DDInter705,CYP3A4,CYP inhibition
Cyclophosphamide,Gemfibrozil,2907,3463,DDInter456,DDInter812,CYP3A4,"CYP induction, CYP inhibition"
Salbutamol,Gefitinib,2083,123631,DDInter1632,DDInter810,CYP3A4,CYP inhibition
Ezetimibe,Erlotinib,150311,176870,DDInter707,DDInter667,"ABCG2 (BCRP), UGT1A1","CYP inhibition, transporter inhibition"
Glibenclamide,Sorafenib,3488,216239,DDInter831,DDInter1702,"ABCB1 (P-gp), CYP3A4","CYP inhibition, transporter inhibition"
Amlodipine,Mitoxantrone,2162,4212,DDInter79,DDInter1234,"ABCB1 (P-gp), CYP3A4","CYP inhibition, transporter induction, transporter inhibition"
Zopiclone,Sorafenib,5735,216239,DDInter1972,DDInter1702,CYP3A4,CYP inhibition
Isosorbide Mononitrate,Bortezomib,27661,93860,DDInter990,DDInter222,CYP3A4,CYP inhibition
Fentanyl,Temozolomide,3345,5394,DDInter722,DDInter1762,CYP3A4,"CYP induction, CYP inhibition"
Triazolam,Gefitinib,5556,123631,DDInter1860,DDInter810,CYP2C9,CYP inhibition
Celecoxib,Formoterol,2662,3410,DDInter336,DDInter776,CYP2D6,CYP inhibition
Lidocaine,Capecitabine,3676,60953,DDInter1066;DDInter1067;DDInter1068,DDInter285,CYP2C9,CYP inhibition
Irbesartan,Letrozole,3749,3902,DDInter972,DDInter1040,CYP3A4,CYP inhibition
Anastrozole,Felodipine,2187,3333,DDInter95,DDInter716,CYP3A4,CYP inhibition
Alprazolam,Gefitinib,2118,123631,DDInter54,DDInter810,CYP2C9,CYP inhibition
Diazepam,Exemestane,3016,60198,DDInter534,DDInter705,CYP3A4,CYP inhibition
Lansoprazole,Temozolomide,3883,5394,DDInter1022,DDInter1762,CYP3A4,"CYP induction, CYP inhibition"
Simvastatin,Exemestane,54454,60198,DDInter1675,DDInter705,CYP3A4,"CYP induction, CYP inhibition"
Clonidine,Vincristine,2803,5978,DDInter412,DDInter1937;DDInter1938,"ABCB1 (P-gp), CYP3A4","CYP inhibition, transporter induction, transporter inhibition"
Doxorubicin,Indomethacin,1690,3715,DDInter596;DDInter597,DDInter921,"ABCC1, UGT2B7","CYP inhibition, transporter inhibition"
Rofecoxib,Thalidomide,5090,5426,DDInter1613,DDInter1789,PTGS2,CYP inhibition
Bupropion,Capecitabine,444,60953,DDInter252,DDInter285,CYP2C9,CYP inhibition
Carvedilol,Bortezomib,2585,93860,DDInter305,DDInter222,CYP1A2,CYP inhibition
Venlafaxine,Bortezomib,5656,93860,DDInter1927,DDInter222,CYP3A4,CYP inhibition
Atorvastatin EP Impurity B,Exemestane,2250,60198,DDInter133,DDInter705,CYP3A4,"CYP induction, CYP inhibition"
Acetazolamide,Celecoxib,1986,2662,DDInter15,DDInter336,CYP3A4,CYP inhibition
Nifedipine,Capecitabine,4485,60953,DDInter1291,DDInter285,CYP2C9,"CYP induction, CYP inhibition"
Busulfan,Vincristine,2478,5978,DDInter255,DDInter1937;DDInter1938,CYP3A4,CYP inhibition
Mirtazapine,Mitoxantrone,4205,4212,DDInter1230,DDInter1234,CYP3A4,CYP inhibition
Celecoxib,Hydroxyurea,2662,3657,DDInter336,DDInter894,CYP2D6,CYP inhibition
Irbesartan,Erlotinib,3749,176870,DDInter972,DDInter667,CYP2C8,CYP inhibition
Methotrexate,Raloxifene,4112,5035,DDInter1174,DDInter1562,AOX1,CYP inhibition
Carbamazepine,Capecitabine,2554,60953,DDInter293,DDInter285,CYP2C9,"CYP induction, CYP inhibition"
Anastrozole,Glipizide,2187,3478,DDInter95,DDInter826,CYP3A4,CYP inhibition
Clonidine,Cyclophosphamide,2803,2907,DDInter412,DDInter456,"ABCB1 (P-gp), CYP3A4","CYP induction, CYP inhibition, transporter inhibition"
Prochlorperazine,Vincristine,4917,5978,DDInter1527,DDInter1937;DDInter1938,CYP3A4,CYP inhibition
Lovastatin,Tamoxifen,3962,5376,DDInter1098,DDInter1744,"ABCB1 (P-gp), CYP3A4","CYP induction, CYP inhibition, transporter induction, transporter inhibition"
5-Fluorouracil,Mirtazapine,3385,4205,DDInter757,DDInter1230,CYP2C9,CYP inhibition
Cyclophosphamide,Isoniazid,2907,3767,DDInter456,DDInter986,CYP3A4,"CYP induction, CYP inhibition"
Glimepiride,Gefitinib,3476,123631,DDInter825,DDInter810,CYP2C9,CYP inhibition
Respules,Bortezomib,2462,93860,DDInter246;DDInter247,DDInter222,CYP3A4,CYP inhibition
Anastrozole,Fentanyl,2187,3345,DDInter95,DDInter722,CYP3A4,CYP inhibition
Anastrozole,Ibuprofen,2187,3672,DDInter95,DDInter900,CYP2C9,CYP inhibition
Arthrotec,5-Fluorouracil,3032,3385,DDInter537;DDInter538;DDInter539,DDInter757,"ABCC4 (MRP4), CYP2C9","CYP inhibition, transporter inhibition"
Anastrozole,Rofecoxib,2187,5090,DDInter95,DDInter1613,"CYP1A2, CYP3A4","CYP induction, CYP inhibition"
Celecoxib,Methimazole,2662,1349907,DDInter336,DDInter1170,CYP3A4,CYP inhibition
Valproic Acid,Vincristine,3121,5978,DDInter1913,DDInter1937;DDInter1938,CYP3A4,CYP inhibition
Venlafaxine,Erlotinib,5656,176870,DDInter1927,DDInter667,"ABCG2 (BCRP), CYP3A4","CYP inhibition, transporter induction, transporter inhibition"
Temazepam,Erlotinib,5391,176870,DDInter1761,DDInter667,CYP2C8,CYP inhibition
Bicalutamide,Clopidogrel,2375,2806,DDInter204,DDInter413,CYP2C9,CYP inhibition
Diazepam,Mitoxantrone,3016,4212,DDInter534,DDInter1234,"ABCB1 (P-gp), CYP3A4","CYP inhibition, transporter induction, transporter inhibition"
Cyclophosphamide,Ibuprofen,2907,3672,DDInter456,DDInter900,"ABCB1 (P-gp), CYP2C9","CYP induction, CYP inhibition, transporter inhibition"
Clonidine,Sorafenib,2803,216239,DDInter412,DDInter1702,"ABCB1 (P-gp), CYP1A2","CYP inhibition, transporter inhibition"
Acetaminophen,Mitoxantrone,1983,4212,DDInter14,DDInter1234,"ABCB1 (P-gp), CYP3A4","CYP induction, CYP inhibition, transporter induction, transporter inhibition"
Fluoxetine,Leflunomide,3386,3899,DDInter758,DDInter1033,CYP2C9,CYP inhibition
Cyclophosphamide,Zolpidem,2907,5732,DDInter456,DDInter1970,CYP3A4,"CYP induction, CYP inhibition"
Ibuprofen,Capecitabine,3672,60953,DDInter900,DDInter285,CYP2C9,CYP inhibition
Anzemet,Bortezomib,3148,93860,DDInter581,DDInter222,CYP3A4,CYP inhibition
Thiotepa,Vincristine,5453,5978,DDInter1797,DDInter1937;DDInter1938,CYP3A4,CYP inhibition
Anastrozole,Ciprofloxacin,2187,2764,DDInter95,DDInter384,CYP1A2,CYP inhibition
Hydroxyurea,Loperamide,3657,3954,DDInter894,DDInter1088,CYP2D6,CYP inhibition
Cyclophosphamide,Tolterodine,2907,5512,DDInter456,DDInter1832,CYP3A4,"CYP induction, CYP inhibition"
Raloxifene,Bortezomib,5035,93860,DDInter1562,DDInter222,CYP3A4,CYP inhibition
Atorvastatin EP Impurity B,Hydroxyurea,2250,3657,DDInter133,DDInter894,CYP2D6,CYP inhibition
Anastrozole,Clopidogrel,2187,2806,DDInter95,DDInter413,CYP2C9,CYP inhibition
Capecitabine,Gefitinib,60953,123631,DDInter285,DDInter810,CYP2C9,CYP inhibition
Clotrimazole,Tamoxifen,2812,5376,DDInter416,DDInter1744,"ABCB1 (P-gp), CYP3A4","CYP induction, CYP inhibition, transporter induction, transporter inhibition"
Bupropion,Imatinib,444,5291,DDInter252,DDInter909,CYP3A4,CYP inhibition
Celecoxib,Bortezomib,2662,93860,DDInter336,DDInter222,CYP3A4,CYP inhibition
Clotrimazole,5-Fluorouracil,2812,3385,DDInter416,DDInter757,"ABCC3, CYP2C9","CYP inhibition, transporter induction"
Pioglitazone,Thalidomide,4829,5426,DDInter1472,DDInter1789,CYP2C19,CYP inhibition
Celecoxib,Palonosetron,2662,148211,DDInter336,DDInter1382,CYP2D6,CYP inhibition
Anastrozole,Aspirin,2187,2244,DDInter95,DDInter20,CYP2C9,CYP inhibition
Aspirin,Bortezomib,2244,93860,DDInter20,DDInter222,"CYP2C19, CYP2C9","CYP induction, CYP inhibition"
5-Fluorouracil,Paroxetine,3385,4691,DDInter757,DDInter1397,CYP2C9,CYP inhibition
Bupropion,Mitoxantrone,444,4212,DDInter252,DDInter1234,CYP3A4,CYP inhibition
Celecoxib,Anzemet,2662,3148,DDInter336,DDInter581,CYP2D6,CYP inhibition
3-(1-Methylpyrrolidin-2-yl)pyridine,5-Fluorouracil,942,3385,DDInter1290,DDInter757,"CYP1A2, CYP2C9","CYP induction, CYP inhibition"
Atorvastatin EP Impurity B,Tamoxifen,2250,5376,DDInter133,DDInter1744,"ABCB1 (P-gp), CYP3A4","CYP induction, CYP inhibition, transporter induction, transporter inhibition"
Fluconazole,Letrozole,3365,3902,DDInter743,DDInter1040,CYP3A4,CYP inhibition
Celecoxib,Chlordiazepoxide,2662,2712,DDInter336,DDInter355,CYP2D6,CYP inhibition
Celecoxib,Methylphenidate,2662,4158,DDInter336,DDInter1189,CYP2D6,CYP inhibition
Clonidine,Bortezomib,2803,93860,DDInter412,DDInter222,CYP1A2,CYP inhibition
Amlodipine,Celecoxib,2162,2662,DDInter79,DDInter336,CYP2D6,CYP inhibition
Alprazolam,Anastrozole,2118,2187,DDInter54,DDInter95,CYP3A4,CYP inhibition
5-Fluorouracil,Zolpidem,3385,5732,DDInter757,DDInter1970,CYP2C9,CYP inhibition
Lansoprazole,Bortezomib,3883,93860,DDInter1022,DDInter222,CYP1A2,"CYP induction, CYP inhibition"
Anastrozole,Zolpidem,2187,5732,DDInter95,DDInter1970,CYP1A2,CYP inhibition
Celecoxib,Clotrimazole,2662,2812,DDInter336,DDInter416,CYP3A4,"CYP induction, CYP inhibition"
Cyclophosphamide,Ezetimibe,2907,150311,DDInter456,DDInter707,"ABCB1 (P-gp), CYP3A4","CYP induction, CYP inhibition, transporter inhibition"
Leflunomide,Zolpidem,3899,5732,DDInter1033,DDInter1970,CYP2C9,CYP inhibition
Isosorbide Mononitrate,Sorafenib,27661,216239,DDInter990,DDInter1702,CYP3A4,CYP inhibition
Cyclophosphamide,Metoprolol,2907,4171,DDInter456,DDInter1200,"ABCB1 (P-gp), CYP2D6","CYP inhibition, transporter inhibition"
Loratadine,Gefitinib,3957,123631,DDInter1091,DDInter810,"ABCB1 (P-gp), CYP2C9, CYP3A4","CYP induction, CYP inhibition, transporter inhibition"
Cyclophosphamide,Paroxetine,2907,4691,DDInter456,DDInter1397,"ABCB1 (P-gp), CYP2C9","CYP induction, CYP inhibition, transporter inhibition"
Celecoxib,Rofecoxib,2662,5090,DDInter336,DDInter1613,"ABCC4 (MRP4), CYP3A4, PTGS2","CYP induction, CYP inhibition, transporter inhibition"
Fexofenadine,Hydroxyurea,3348,3657,DDInter732,DDInter894,CYP2D6,CYP inhibition
Lansoprazole,Letrozole,3883,3902,DDInter1022,DDInter1040,CYP3A4,"CYP induction, CYP inhibition"
Glipizide,Gefitinib,3478,123631,DDInter826,DDInter810,CYP2C9,CYP inhibition
Hydroxyurea,Tolterodine,3657,5512,DDInter894,DDInter1832,CYP2D6,CYP inhibition
Zolpidem,Gefitinib,5732,123631,DDInter1970,DDInter810,CYP2C9,CYP inhibition
Cyclophosphamide,Isosorbide Mononitrate,2907,27661,DDInter456,DDInter990,CYP3A4,"CYP induction, CYP inhibition"
Leflunomide,Ropinirole,3899,5095,DDInter1033,DDInter1619,CYP1A2,CYP inhibition
Hydroxyurea,Zolpidem,3657,5732,DDInter894,DDInter1970,CYP2D6,CYP inhibition
Fluconazole,Thiotepa,3365,5453,DDInter743,DDInter1797,CYP3A4,CYP inhibition
5-Fluorouracil,Glibenclamide,3385,3488,DDInter757,DDInter831,"ABCC3, CYP2C9","CYP inhibition, transporter inhibition"
(3H)granisetron,Mitoxantrone,3510,4212,DDInter840,DDInter1234,CYP3A4,CYP inhibition
Bicalutamide,Prilosec,2375,4594,DDInter204,DDInter1340,CYP2C19,CYP inhibition
Anastrozole,Arthrotec,2187,3032,DDInter95,DDInter537;DDInter538;DDInter539,CYP1A2,CYP inhibition
Cyclophosphamide,Promethazine,2907,4927,DDInter456,DDInter1533,"ABCB1 (P-gp), CYP2C9","CYP induction, CYP inhibition, transporter inhibition"
Fentanyl,Gefitinib,3345,123631,DDInter722,DDInter810,"ABCB1 (P-gp), CYP3A4","CYP inhibition, transporter inhibition"
Anastrozole,Fluoxetine,2187,3386,DDInter95,DDInter758,CYP1A2,CYP inhibition
Irbesartan,Sorafenib,3749,216239,DDInter972,DDInter1702,CYP1A2,CYP inhibition
Naloxone,Bortezomib,4425,93860,DDInter1262,DDInter222,CYP3A4,CYP inhibition
Atorvastatin EP Impurity B,Temozolomide,2250,5394,DDInter133,DDInter1762,CYP3A4,"CYP induction, CYP inhibition"
Cyclophosphamide,Ketoconazole,2907,3823,DDInter456,DDInter1008,"ABCB1 (P-gp), CYP3A4","CYP induction, CYP inhibition, transporter inhibition"
Irbesartan,Imatinib,3749,5291,DDInter972,DDInter909,CYP3A4,CYP inhibition
Anastrozole,Irbesartan,2187,3749,DDInter95,DDInter972,CYP1A2,CYP inhibition
Cyclophosphamide,Anzemet,2907,3148,DDInter456,DDInter581,CYP3A4,"CYP induction, CYP inhibition"
Hydroxyurea,Loratadine,3657,3957,DDInter894,DDInter1091,CYP2D6,"CYP induction, CYP inhibition"
Anastrozole,Prilosec,2187,4594,DDInter95,DDInter1340,CYP3A4,CYP inhibition
Anastrozole,Verapamil,2187,2520,DDInter95,DDInter1928,CYP3A4,CYP inhibition
Metoclopramide,Vinblastine,4168,13342,DDInter1197,DDInter1936,CYP2D6,CYP inhibition
Metoclopramide,Imatinib,4168,5291,DDInter1197,DDInter909,CYP2D6,CYP inhibition
Fenofibrate,Imatinib,3339,5291,DDInter718,DDInter909,CYP3A4,CYP inhibition
Letrozole,Losartan,3902,3961,DDInter1040,DDInter1095,CYP3A4,CYP inhibition
Oxybutynin,Bortezomib,4634,93860,DDInter1365,DDInter222,CYP3A4,CYP inhibition
Fentanyl,Vincristine,3345,5978,DDInter722,DDInter1937;DDInter1938,"ABCB1 (P-gp), CYP3A4","CYP inhibition, transporter induction, transporter inhibition"
Arthrotec,Gefitinib,3032,123631,DDInter537;DDInter538;DDInter539,DDInter810,"ABCB1 (P-gp), CYP2C9","CYP inhibition, transporter inhibition"
Amitriptyline,5-Fluorouracil,2160,3385,DDInter78,DDInter757,CYP2C9,CYP inhibition
Metoclopramide,Tamoxifen,4168,5376,DDInter1197,DDInter1744,CYP2D6,CYP inhibition
Mitoxantrone,Oxybutynin,4212,4634,DDInter1234,DDInter1365,CYP3A4,CYP inhibition
Salbutamol,Exemestane,2083,60198,DDInter1632,DDInter705,CYP3A4,CYP inhibition
Letrozole,Raloxifene,3902,5035,DDInter1040,DDInter1562,CYP3A4,CYP inhibition
5-Fluorouracil,Letrozole,3385,3902,DDInter757,DDInter1040,CYP2A6,CYP inhibition
Felodipine,Bortezomib,3333,93860,DDInter716,DDInter222,CYP3A4,CYP inhibition
Metronidazole,Erlotinib,4173,176870,DDInter1202,DDInter667,CYP2C8,CYP inhibition
Lansoprazole,Capecitabine,3883,60953,DDInter1022,DDInter285,CYP2C9,"CYP induction, CYP inhibition"
Valproic Acid,Tamoxifen,3121,5376,DDInter1913,DDInter1744,CYP3A4,"CYP induction, CYP inhibition"
Alprazolam,Leflunomide,2118,3899,DDInter54,DDInter1033,CYP2C9,CYP inhibition
Cyclophosphamide,Hydroxyzine,2907,3658,DDInter456,DDInter895,CYP2D6,CYP inhibition
Hydroxyurea,Metoclopramide,3657,4168,DDInter894,DDInter1197,CYP2D6,CYP inhibition
Cyclophosphamide,Loratadine,2907,3957,DDInter456,DDInter1091,"ABCB1 (P-gp), CYP3A4","CYP induction, CYP inhibition, transporter inhibition"
Temazepam,Bortezomib,5391,93860,DDInter1761,DDInter222,CYP3A4,CYP inhibition
Pantoprazole,Arsenic Trioxide,4679,14888,DDInter1388,DDInter120,"ABCB1 (P-gp), CYP3A4","CYP induction, CYP inhibition, transporter inhibition"
Diazepam,Temozolomide,3016,5394,DDInter534,DDInter1762,CYP3A4,"CYP induction, CYP inhibition"
Clotrimazole,Vincristine,2812,5978,DDInter416,DDInter1937;DDInter1938,"ABCB1 (P-gp), CYP3A4","CYP induction, CYP inhibition, transporter induction, transporter inhibition"
Lansoprazole,Vincristine,3883,5978,DDInter1022,DDInter1937;DDInter1938,"ABCB1 (P-gp), CYP3A4","CYP induction, CYP inhibition, transporter induction, transporter inhibition"
Ifosfamide,Simvastatin,3690,54454,DDInter906,DDInter1675,CYP3A4,"CYP induction, CYP inhibition"
Amitriptyline,Anastrozole,2160,2187,DDInter78,DDInter95,CYP1A2,CYP inhibition
Tamoxifen,Desloratadine,5376,124087,DDInter1744,DDInter506,"ABCB1 (P-gp), CYP1A2","CYP inhibition, transporter induction, transporter inhibition"
Fentanyl,Arsenic Trioxide,3345,14888,DDInter722,DDInter120,"ABCB1 (P-gp), CYP3A4","CYP inhibition, transporter inhibition"
Celecoxib,Hydroxyzine,2662,3658,DDInter336,DDInter895,CYP2D6,CYP inhibition
Leflunomide,Nortriptyline,3899,4543,DDInter1033,DDInter1316,CYP2C9,CYP inhibition
5-Fluorouracil,Irbesartan,3385,3749,DDInter757,DDInter972,CYP1A2,CYP inhibition
Nifedipine,Tamoxifen,4485,5376,DDInter1291,DDInter1744,"ABCB1 (P-gp), CYP3A4","CYP induction, CYP inhibition, transporter induction, transporter inhibition"
Carvedilol,Arsenic Trioxide,2585,14888,DDInter305,DDInter120,"ABCB1 (P-gp), CYP3A4","CYP inhibition, transporter inhibition"
Valproic Acid,Letrozole,3121,3902,DDInter1913,DDInter1040,CYP2A6,"CYP induction, CYP inhibition"
Acetaminophen,Tamoxifen,1983,5376,DDInter14,DDInter1744,"ABCB1 (P-gp), CYP3A4","CYP induction, CYP inhibition, transporter induction, transporter inhibition"
Atorvastatin EP Impurity B,Celecoxib,2250,2662,DDInter133,DDInter336,"ABCC4 (MRP4), CYP2D6, CYP3A4","CYP induction, CYP inhibition, transporter inhibition"
Amoxicillin,Thalidomide,2171,5426,DDInter83,DDInter1789,CYP2C19,CYP inhibition
Glibenclamide,Thalidomide,3488,5426,DDInter831,DDInter1789,CYP2C19,CYP inhibition
Cyclobenzaprine,Bortezomib,2895,93860,DDInter454,DDInter222,CYP1A2,CYP inhibition
Ondansetron,Vinblastine,4595,13342,DDInter1342,DDInter1936,CYP3A4,CYP inhibition
Busulfan,Diazepam,2478,3016,DDInter255,DDInter534,CYP3A4,CYP inhibition
Anastrozole,Cyclobenzaprine,2187,2895,DDInter95,DDInter454,CYP1A2,CYP inhibition
Celecoxib,Itrizole,2662,3793,DDInter336,DDInter995,CYP3A4,CYP inhibition
Carvedilol,Tamoxifen,2585,5376,DDInter305,DDInter1744,"ABCB1 (P-gp), CYP3A4","CYP induction, CYP inhibition, transporter induction, transporter inhibition"
Tamoxifen,Isosorbide Mononitrate,5376,27661,DDInter1744,DDInter990,CYP3A4,"CYP induction, CYP inhibition"
Anastrozole,Ondansetron,2187,4595,DDInter95,DDInter1342,CYP1A2,CYP inhibition
Anzemet,Vincristine,3148,5978,DDInter581,DDInter1937;DDInter1938,CYP3A4,CYP inhibition
Lansoprazole,Arsenic Trioxide,3883,14888,DDInter1022,DDInter120,"ABCB1 (P-gp), CYP3A4","CYP induction, CYP inhibition, transporter inhibition"
Clonazepam,Vincristine,2802,5978,DDInter411,DDInter1937;DDInter1938,CYP3A4,CYP inhibition
Carvedilol,Leflunomide,2585,3899,DDInter305,DDInter1033,CYP2C9,CYP inhibition
Nortriptyline,Bortezomib,4543,93860,DDInter1316,DDInter222,CYP1A2,CYP inhibition
Prochlorperazine,Vinblastine,4917,13342,DDInter1527,DDInter1936,CYP3A4,CYP inhibition
Raloxifene,Erlotinib,5035,176870,DDInter1562,DDInter667,CYP2C8,CYP inhibition
Anastrozole,Venlafaxine,2187,5656,DDInter95,DDInter1927,CYP3A4,CYP inhibition
Acetaminophen,Erlotinib,1983,176870,DDInter14,DDInter667,"ABCB1 (P-gp), CYP2C8, CYP3A4","CYP induction, CYP inhibition, transporter inhibition"
Zopiclone,Capecitabine,5735,60953,DDInter1972,DDInter285,CYP2C9,CYP inhibition
Salbutamol,Vincristine,2083,5978,DDInter1632,DDInter1937;DDInter1938,CYP3A4,CYP inhibition
Lansoprazole,Thalidomide,3883,5426,DDInter1022,DDInter1789,"CYP1A2, CYP2C19","CYP induction, CYP inhibition"
Promethazine,Gefitinib,4927,123631,DDInter1533,DDInter810,"ABCB1 (P-gp), CYP2C9","CYP inhibition, transporter inhibition"
Celecoxib,Trimethoprim,2662,5578,DDInter336,DDInter1874,CYP2C9,CYP inhibition
Lovastatin,Exemestane,3962,60198,DDInter1098,DDInter705,CYP3A4,CYP inhibition
Ibuprofen,Erlotinib,3672,176870,DDInter900,DDInter667,CYP2C8,CYP inhibition
Venlafaxine,Fulvestrant,5656,104741,DDInter1927,DDInter789,CYP3A4,CYP inhibition
Quetiapine,Bortezomib,5002,93860,DDInter1553,DDInter222,CYP3A4,CYP inhibition
Verapamil,Exemestane,2520,60198,DDInter1928,DDInter705,CYP3A4,CYP inhibition
Anastrozole,Propranolol,2187,4946,DDInter95,DDInter1539,CYP1A2,CYP inhibition
Cyclobenzaprine,Tamoxifen,2895,5376,DDInter454,DDInter1744,CYP3A4,"CYP induction, CYP inhibition"
Cyclophosphamide,Telmisartan,2907,65999,DDInter456,DDInter1759,"ABCB1 (P-gp), CYP2C19","CYP inhibition, transporter inhibition"
Letrozole,Lovastatin,3902,3962,DDInter1040,DDInter1098,CYP3A4,CYP inhibition
Prochlorperazine,Gefitinib,4917,123631,DDInter1527,DDInter810,CYP2D6,CYP inhibition
Zolpidem,Vincristine,5732,5978,DDInter1970,DDInter1937;DDInter1938,CYP3A4,CYP inhibition
Lansoprazole,Exemestane,3883,60198,DDInter1022,DDInter705,CYP3A4,"CYP induction, CYP inhibition"
Arthrotec,Bortezomib,3032,93860,DDInter537;DDInter538;DDInter539,DDInter222,CYP1A2,CYP inhibition
Busulfan,Valproic Acid,2478,3121,DDInter255,DDInter1913,CYP3A4,CYP inhibition
Carmustine,Bortezomib,2578,93860,DDInter302,DDInter222,CYP1A2,CYP inhibition
Hydroxyurea,Paroxetine,3657,4691,DDInter894,DDInter1397,CYP2D6,CYP inhibition
Mitoxantrone,Venlafaxine,4212,5656,DDInter1234,DDInter1927,"ABCB1 (P-gp), ABCG2 (BCRP), CYP3A4","CYP inhibition, transporter induction, transporter inhibition"
Celecoxib,Desloratadine,2662,124087,DDInter336,DDInter506,CYP2C9,CYP inhibition
Clopidogrel,5-Fluorouracil,2806,3385,DDInter413,DDInter757,CYP2C9,CYP inhibition
Temozolomide,Venlafaxine,5394,5656,DDInter1762,DDInter1927,CYP3A4,"CYP induction, CYP inhibition"
Irbesartan,Exemestane,3749,60198,DDInter972,DDInter705,CYP3A4,CYP inhibition
Anastrozole,Losartan,2187,3961,DDInter95,DDInter1095,CYP1A2,CYP inhibition
Carvedilol,5-Fluorouracil,2585,3385,DDInter305,DDInter757,CYP2C9,CYP inhibition
Atorvastatin EP Impurity B,Gefitinib,2250,123631,DDInter133,DDInter810,"ABCB1 (P-gp), CYP2C9, CYP3A4","CYP induction, CYP inhibition, transporter inhibition"
Rac-Efavirenz,Hydroxyurea,3203,3657,DDInter624,DDInter894,CYP2D6,CYP inhibition
Leflunomide,Phentermine,3899,4771,DDInter1033,DDInter1447,"CYP1A2, CYP2C9","CYP induction, CYP inhibition"
Atorvastatin EP Impurity B,Erlotinib,2250,176870,DDInter133,DDInter667,"ABCB1 (P-gp), CYP2C8, CYP3A4","CYP induction, CYP inhibition, transporter inhibition"
Venlafaxine,Exemestane,5656,60198,DDInter1927,DDInter705,CYP3A4,CYP inhibition
Clonazepam,Tamoxifen,2802,5376,DDInter411,DDInter1744,CYP3A4,"CYP induction, CYP inhibition"
Tamoxifen,Tolterodine,5376,5512,DDInter1744,DDInter1832,CYP3A4,"CYP induction, CYP inhibition"
Promethazine,Erlotinib,4927,176870,DDInter1533,DDInter667,"ABCB1 (P-gp), CYP2D6","CYP inhibition, transporter inhibition"
Cyclophosphamide,Lidocaine,2907,3676,DDInter456,DDInter1066;DDInter1067;DDInter1068,"ABCB1 (P-gp), CYP3A4","CYP induction, CYP inhibition, transporter inhibition"
Hydroxyurea,Gefitinib,3657,123631,DDInter894,DDInter810,CYP2D6,CYP inhibition
Loratadine,Bortezomib,3957,93860,DDInter1091,DDInter222,CYP3A4,"CYP induction, CYP inhibition"
Irbesartan,Arsenic Trioxide,3749,14888,DDInter972,DDInter120,CYP3A4,CYP inhibition
Fexofenadine,Gefitinib,3348,123631,DDInter732,DDInter810,"ABCB1 (P-gp), CYP2D6","CYP inhibition, transporter inhibition"
Irbesartan,Capecitabine,3749,60953,DDInter972,DDInter285,CYP2C9,CYP inhibition
Ifosfamide,Prilosec,3690,4594,DDInter906,DDInter1340,"CYP2C19, CYP3A4","CYP induction, CYP inhibition"
Tamoxifen,Gefitinib,5376,123631,DDInter1744,DDInter810,"ABCB1 (P-gp), CYP2C9, CYP3A4","CYP induction, CYP inhibition, transporter induction, transporter inhibition"
(3H)granisetron,Ifosfamide,3510,3690,DDInter840,DDInter906,CYP3A4,"CYP induction, CYP inhibition"
Irbesartan,Thalidomide,3749,5426,DDInter972,DDInter1789,CYP1A2,CYP inhibition
Etodolac,Tamoxifen,3308,5376,DDInter699,DDInter1744,CYP2C9,CYP inhibition
Bicalutamide,Doxazosin,2375,3157,DDInter204,DDInter592,CYP2C19,CYP inhibition
Anastrozole,Prochlorperazine,2187,4917,DDInter95,DDInter1527,CYP3A4,CYP inhibition
Tamoxifen,Methimazole,5376,1349907,DDInter1744,DDInter1170,"CYP1A2, CYP3A4","CYP induction, CYP inhibition"
Arthrotec,Flutamide,3032,3397,DDInter537;DDInter538;DDInter539,DDInter765,CYP1A2,CYP inhibition
Acetaminophen,Dasatinib,1983,3062316,DDInter14,DDInter484,"ABCB1 (P-gp), CYP3A4","CYP induction, CYP inhibition, transporter inhibition"
Thalidomide,Valdecoxib,5426,119607,DDInter1789,DDInter1910,PTGS2,CYP inhibition
Paroxetine,Bortezomib,4691,93860,DDInter1397,DDInter222,CYP2C9,CYP inhibition
Itrizole,Thiotepa,3793,5453,DDInter995,DDInter1797,CYP2B6,CYP inhibition
Losartan,Exemestane,3961,60198,DDInter1095,DDInter705,CYP3A4,CYP inhibition
Buspirone,Tamoxifen,2477,5376,DDInter254,DDInter1744,"ABCB1 (P-gp), CYP3A4","CYP induction, CYP inhibition, transporter induction, transporter inhibition"
Doxazosin,Bortezomib,3157,93860,DDInter592,DDInter222,CYP2C19,CYP inhibition
Fluoxetine,Exemestane,3386,60198,DDInter758,DDInter705,CYP3A4,CYP inhibition
Celecoxib,Modafinil,2662,4236,DDInter336,DDInter1236,CYP3A4,"CYP induction, CYP inhibition"
Celecoxib,Triazolam,2662,5556,DDInter336,DDInter1860,CYP2C9,CYP inhibition
Respules,Tamoxifen,2462,5376,DDInter246;DDInter247,DDInter1744,CYP3A4,"CYP induction, CYP inhibition"
5-Fluorouracil,Ketoprofen,3385,3825,DDInter757,DDInter1009,"ABCC4 (MRP4), CYP2C9","CYP inhibition, transporter inhibition"
1-(2-Methyl-3-sulfanylpropanoyl)proline,Tamoxifen,2550,5376,DDInter292,DDInter1744,"ABCB1 (P-gp), CYP2D6","CYP inhibition, transporter induction, transporter inhibition"
Hydroxyurea,Hydroxyzine,3657,3658,DDInter894,DDInter895,CYP2D6,CYP inhibition
Triazolam,Bortezomib,5556,93860,DDInter1860,DDInter222,CYP3A4,CYP inhibition
Letrozole,Tramadol,3902,5523,DDInter1040,DDInter1841,CYP3A4,CYP inhibition
Glibenclamide,Capecitabine,3488,60953,DDInter831,DDInter285,CYP2C9,CYP inhibition
Diazepam,Letrozole,3016,3902,DDInter534,DDInter1040,CYP3A4,CYP inhibition
5-Fluorouracil,Loratadine,3385,3957,DDInter757,DDInter1091,CYP2C9,CYP inhibition
Atorvastatin EP Impurity B,5-Fluorouracil,2250,3385,DDInter133,DDInter757,CYP2C9,"CYP induction, CYP inhibition"
Thalidomide,Telmisartan,5426,65999,DDInter1789,DDInter1759,CYP2C19,CYP inhibition
Leflunomide,Ticlopidine,3899,5472,DDInter1033,DDInter1804,CYP1A2,CYP inhibition
Pantoprazole,Sorafenib,4679,216239,DDInter1388,DDInter1702,"ABCB1 (P-gp), CYP1A2","CYP induction, CYP inhibition, transporter inhibition"
Bicalutamide,Fentanyl,2375,3345,DDInter204,DDInter722,CYP3A4,CYP inhibition
Thalidomide,Desloratadine,5426,124087,DDInter1789,DDInter506,CYP1A2,CYP inhibition
Verapamil,Cyclophosphamide,2520,2907,DDInter1928,DDInter456,"ABCB1 (P-gp), CYP3A4","CYP induction, CYP inhibition, transporter induction, transporter inhibition"
Clonidine,Imatinib,2803,5291,DDInter412,DDInter909,"ABCB1 (P-gp), CYP3A4","CYP inhibition, transporter inhibition"
Capecitabine,Valdecoxib,60953,119607,DDInter285,DDInter1910,CYP2C9,CYP inhibition
Rofecoxib,Capecitabine,5090,60953,DDInter1613,DDInter285,CYP2C9,CYP inhibition
1-(2-Methyl-3-sulfanylpropanoyl)proline,Hydroxyurea,2550,3657,DDInter292,DDInter894,CYP2D6,CYP inhibition
Celecoxib,Midodrine,2662,4195,DDInter336,DDInter1213,CYP2D6,CYP inhibition
Pioglitazone,Capecitabine,4829,60953,DDInter1472,DDInter285,CYP2C9,CYP inhibition
Ketoprofen,Bortezomib,3825,93860,DDInter1009,DDInter222,CYP2C9,CYP inhibition
Cyclophosphamide,Naloxone,2907,4425,DDInter456,DDInter1262,"ABCB1 (P-gp), CYP3A4","CYP induction, CYP inhibition, transporter inhibition"
Acetaminophen,Anastrozole,1983,2187,DDInter14,DDInter95,"CYP1A2, CYP3A4","CYP induction, CYP inhibition"
Bicalutamide,Glipizide,2375,3478,DDInter204,DDInter826,CYP3A4,CYP inhibition
Felodipine,Leflunomide,3333,3899,DDInter716,DDInter1033,CYP2C9,CYP inhibition
Fluoxetine,Gefitinib,3386,123631,DDInter758,DDInter810,"ABCB1 (P-gp), CYP2C9","CYP inhibition, transporter inhibition"
Pioglitazone,Vincristine,4829,5978,DDInter1472,DDInter1937;DDInter1938,CYP3A4,"CYP induction, CYP inhibition"
Imatinib,Zopiclone,5291,5735,DDInter909,DDInter1972,CYP3A4,CYP inhibition
Metoprolol,Gefitinib,4171,123631,DDInter1200,DDInter810,"ABCB1 (P-gp), CYP2C19","CYP inhibition, transporter inhibition"
Salbutamol,Mitoxantrone,2083,4212,DDInter1632,DDInter1234,CYP3A4,CYP inhibition
5-Fluorouracil,Gemfibrozil,3385,3463,DDInter757,DDInter812,"CYP1A2, CYP2C8","CYP induction, CYP inhibition"
Bicalutamide,Glimepiride,2375,3476,DDInter204,DDInter825,CYP2C9,CYP inhibition
Fluoxetine,Capecitabine,3386,60953,DDInter758,DDInter285,CYP2C9,CYP inhibition
Irbesartan,Leflunomide,3749,3899,DDInter972,DDInter1033,CYP2C9,CYP inhibition
Propofol,Bortezomib,4943,93860,DDInter1538,DDInter222,CYP1A2,CYP inhibition
Diazepam,Vincristine,3016,5978,DDInter534,DDInter1937;DDInter1938,"ABCB1 (P-gp), CYP3A4","CYP inhibition, transporter induction, transporter inhibition"
Amlodipine,Anastrozole,2162,2187,DDInter79,DDInter95,CYP1A2,CYP inhibition
Hydroxyurea,Quetiapine,3657,5002,DDInter894,DDInter1553,CYP2D6,CYP inhibition
Triazolam,Sorafenib,5556,216239,DDInter1860,DDInter1702,CYP3A4,CYP inhibition
Oxybutynin,Tamoxifen,4634,5376,DDInter1365,DDInter1744,CYP3A4,"CYP induction, CYP inhibition"
Loratadine,Tamoxifen,3957,5376,DDInter1091,DDInter1744,"ABCB1 (P-gp), CYP3A4","CYP induction, CYP inhibition, transporter induction, transporter inhibition"
Mitoxantrone,Modafinil,4212,4236,DDInter1234,DDInter1236,CYP3A4,"CYP induction, CYP inhibition"
Fluconazole,Capecitabine,3365,60953,DDInter743,DDInter285,CYP2C9,CYP inhibition
Bicalutamide,Pantoprazole,2375,4679,DDInter204,DDInter1388,"CYP2C9, CYP3A4","CYP induction, CYP inhibition"
Mexiletine,Gefitinib,4178,123631,DDInter1206,DDInter810,CYP2D6,CYP inhibition
Clonazepam,Cyclophosphamide,2802,2907,DDInter411,DDInter456,CYP3A4,"CYP induction, CYP inhibition"
(3H)granisetron,Vincristine,3510,5978,DDInter840,DDInter1937;DDInter1938,CYP3A4,CYP inhibition
Valproic Acid,Ifosfamide,3121,3690,DDInter1913,DDInter906,CYP3A4,"CYP induction, CYP inhibition"
Lansoprazole,Mitoxantrone,3883,4212,DDInter1022,DDInter1234,"ABCB1 (P-gp), CYP3A4","CYP induction, CYP inhibition, transporter induction, transporter inhibition"
Ondansetron,Erlotinib,4595,176870,DDInter1342,DDInter667,CYP1A2,CYP inhibition
Fexofenadine,Tamoxifen,3348,5376,DDInter732,DDInter1744,"ABCB1 (P-gp), CYP2D6","CYP inhibition, transporter induction, transporter inhibition"
Ifosfamide,Pantoprazole,3690,4679,DDInter906,DDInter1388,"CYP2C9, CYP3A4","CYP induction, CYP inhibition"
Acetaminophen,5-Fluorouracil,1983,3385,DDInter14,DDInter757,CYP2C9,CYP inhibition
Clopidogrel,Gefitinib,2806,123631,DDInter413,DDInter810,"ABCB1 (P-gp), CYP2C9","CYP inhibition, transporter inhibition"
Simvastatin,Erlotinib,54454,176870,DDInter1675,DDInter667,"ABCB1 (P-gp), CYP2C8, CYP3A4","CYP induction, CYP inhibition, transporter inhibition"
Losartan,Temozolomide,3961,5394,DDInter1095,DDInter1762,CYP3A4,"CYP induction, CYP inhibition"
Acetaminophen,Fulvestrant,1983,104741,DDInter14,DDInter789,CYP3A4,"CYP induction, CYP inhibition"
Metoclopramide,Sorafenib,4168,216239,DDInter1197,DDInter1702,CYP2D6,CYP inhibition
Aspirin,5-Fluorouracil,2244,3385,DDInter20,DDInter757,CYP2C9,CYP inhibition
Carvedilol,Mitoxantrone,2585,4212,DDInter305,DDInter1234,"ABCB1 (P-gp), CYP3A4","CYP inhibition, transporter induction, transporter inhibition"
Tramadol,Bortezomib,5523,93860,DDInter1841,DDInter222,CYP3A4,CYP inhibition
Cyclophosphamide,Probenecid,2907,4911,DDInter456,DDInter1522,"ABCB1 (P-gp), CYP2C9, CYP3A4","CYP induction, CYP inhibition, transporter inhibition"
Clonazepam,Sorafenib,2802,216239,DDInter411,DDInter1702,CYP3A4,CYP inhibition
Donepezil,Hydroxyurea,3152,3657,DDInter583,DDInter894,CYP2D6,CYP inhibition
Ciprofloxacin,Imatinib,2764,5291,DDInter384,DDInter909,"ABCB1 (P-gp), CYP3A4","CYP inhibition, transporter inhibition"
Risperidone,Bortezomib,5073,93860,DDInter1605,DDInter222,CYP3A4,CYP inhibition
5-Fluorouracil,Temazepam,3385,5391,DDInter757,DDInter1761,CYP2C9,CYP inhibition
Cyclophosphamide,Temazepam,2907,5391,DDInter456,DDInter1761,CYP3A4,"CYP induction, CYP inhibition"
Bicalutamide,Losartan,2375,3961,DDInter204,DDInter1095,CYP3A4,CYP inhibition
Bicalutamide,Carvedilol,2375,2585,DDInter204,DDInter305,CYP3A4,CYP inhibition
Imatinib,Ezetimibe,5291,150311,DDInter909,DDInter707,"ABCB1 (P-gp), CYP3A4","CYP inhibition, transporter inhibition"
Amlodipine,Leflunomide,2162,3899,DDInter79,DDInter1033,CYP2C9,CYP inhibition
Oxazepam,Bortezomib,4616,93860,DDInter1359,DDInter222,CYP3A4,CYP inhibition
Prilosec,Vinblastine,4594,13342,DDInter1340,DDInter1936,CYP3A4,CYP inhibition
1-(2-Methyl-3-sulfanylpropanoyl)proline,Bortezomib,2550,93860,DDInter292,DDInter222,CYP2D6,CYP inhibition
Bupropion,Letrozole,444,3902,DDInter252,DDInter1040,CYP2A6,CYP inhibition
Cyclophosphamide,Ketoprofen,2907,3825,DDInter456,DDInter1009,CYP2C9,"CYP induction, CYP inhibition"
Acebutolol,Cyclophosphamide,1978,2907,DDInter12,DDInter456,"ABCB1 (P-gp), CYP2D6","CYP inhibition, transporter inhibition"
Zopiclone,Bortezomib,5735,93860,DDInter1972,DDInter222,CYP3A4,CYP inhibition
Bisoprolol,Cyclophosphamide,2405,2907,DDInter216,DDInter456,CYP3A4,"CYP induction, CYP inhibition"
Cyclophosphamide,Pilocarpine,2907,4819,DDInter456,DDInter1465,CYP3A4,"CYP induction, CYP inhibition"
Leflunomide,Ofloxacin,3899,4583,DDInter1033,DDInter1325,CYP1A2,CYP inhibition
Fenofibrate,Vincristine,3339,5978,DDInter718,DDInter1937;DDInter1938,CYP3A4,CYP inhibition
Fluconazole,Exemestane,3365,60198,DDInter743,DDInter705,CYP3A4,CYP inhibition
Vincristine,Gefitinib,5978,123631,DDInter1937;DDInter1938,DDInter810,"ABCB1 (P-gp), CYP3A4","CYP inhibition, transporter induction, transporter inhibition"
Ciprofloxacin,Bortezomib,2764,93860,DDInter384,DDInter222,CYP1A2,CYP inhibition
Rofecoxib,Arsenic Trioxide,5090,14888,DDInter1613,DDInter120,CYP3A4,"CYP induction, CYP inhibition"
Celecoxib,Probenecid,2662,4911,DDInter336,DDInter1522,"ABCC4 (MRP4), CYP2C9, CYP3A4","CYP induction, CYP inhibition, transporter inhibition"
Clopidogrel,Capecitabine,2806,60953,DDInter413,DDInter285,CYP2C9,CYP inhibition
Anastrozole,Atorvastatin EP Impurity B,2187,2250,DDInter95,DDInter133,CYP3A4,"CYP induction, CYP inhibition"
Clonidine,Mitoxantrone,2803,4212,DDInter412,DDInter1234,"ABCB1 (P-gp), CYP3A4","CYP inhibition, transporter induction, transporter inhibition"
Paroxetine,Sorafenib,4691,216239,DDInter1397,DDInter1702,"ABCB1 (P-gp), CYP2C9","CYP inhibition, transporter inhibition"
Carvedilol,Capecitabine,2585,60953,DDInter305,DDInter285,CYP2C9,CYP inhibition
Simvastatin,Fulvestrant,54454,104741,DDInter1675,DDInter789,CYP3A4,"CYP induction, CYP inhibition"
Celecoxib,(3H)granisetron,2662,3510,DDInter336,DDInter840,CYP2D6,"CYP induction, CYP inhibition"
Letrozole,Ezetimibe,3902,150311,DDInter1040,DDInter707,CYP3A4,CYP inhibition
Bortezomib,Erlotinib,93860,176870,DDInter222,DDInter667,CYP2C8,CYP inhibition
Ifosfamide,Lansoprazole,3690,3883,DDInter906,DDInter1022,CYP3A4,"CYP induction, CYP inhibition"
Cyclophosphamide,Tramadol,2907,5523,DDInter456,DDInter1841,CYP3A4,"CYP induction, CYP inhibition"
Celecoxib,Hydralazine,2662,3637,DDInter336,DDInter882,CYP3A4,CYP inhibition
Celecoxib,Dapsone,2662,2955,DDInter336,DDInter475;DDInter476,"CYP2C9, PTGS2","CYP induction, CYP inhibition"
Ifosfamide,Ondansetron,3690,4595,DDInter906,DDInter1342,CYP3A4,"CYP induction, CYP inhibition"
CID 152945,Sorafenib,152945,216239,DDInter611,DDInter1702,CYP3A4,CYP inhibition
Leflunomide,Primidone,3899,4909,DDInter1033,DDInter1521,"CYP1A2, CYP2C9","CYP induction, CYP inhibition"
Famciclovir,Vincristine,3324,5978,DDInter711,DDInter1937;DDInter1938,CYP3A4,CYP inhibition
Temozolomide,Ezetimibe,5394,150311,DDInter1762,DDInter707,CYP3A4,"CYP induction, CYP inhibition"
Cyclophosphamide,Dasatinib,2907,3062316,DDInter456,DDInter484,"ABCB1 (P-gp), CYP3A4","CYP induction, CYP inhibition, transporter inhibition"
Anzemet,Capecitabine,3148,60953,DDInter581,DDInter285,CYP2C9,CYP inhibition
Bicalutamide,Nifedipine,2375,4485,DDInter204,DDInter1291,CYP3A4,"CYP induction, CYP inhibition"
Venlafaxine,Vincristine,5656,5978,DDInter1927,DDInter1937;DDInter1938,"ABCB1 (P-gp), CYP3A4","CYP inhibition, transporter induction, transporter inhibition"
Celecoxib,Tadalafil,2662,110635,DDInter336,DDInter1736,CYP3A4,CYP inhibition
Carmustine,Valproic Acid,2578,3121,DDInter302,DDInter1913,CYP1A2,CYP inhibition
Hydroxyurea,Mirtazapine,3657,4205,DDInter894,DDInter1230,CYP2D6,"CYP induction, CYP inhibition"
Leflunomide,Modafinil,3899,4236,DDInter1033,DDInter1236,CYP1A2,"CYP induction, CYP inhibition"
Cyclophosphamide,Erythromycin,2907,3255,DDInter456,DDInter670,"ABCB1 (P-gp), CYP3A4","CYP induction, CYP inhibition, transporter induction, transporter inhibition"
Letrozole,Mirtazapine,3902,4205,DDInter1040,DDInter1230,CYP3A4,CYP inhibition
Temozolomide,Arsenic Trioxide,5394,14888,DDInter1762,DDInter120,CYP3A4,"CYP induction, CYP inhibition"
Hydroxyurea,Irbesartan,3657,3749,DDInter894,DDInter972,CYP2D6,CYP inhibition
Cyclophosphamide,Meperidine,2907,4058,DDInter456,DDInter1150,CYP3A4,"CYP induction, CYP inhibition"
Amlodipine,Flutamide,2162,3397,DDInter79,DDInter765,CYP1A2,CYP inhibition
Torasemide,Gefitinib,41781,123631,DDInter1836,DDInter810,CYP2C9,CYP inhibition
Tramadol,Vincristine,5523,5978,DDInter1841,DDInter1937;DDInter1938,CYP3A4,CYP inhibition
Salbutamol,Fulvestrant,2083,104741,DDInter1632,DDInter789,CYP3A4,CYP inhibition
Bupropion,5-Fluorouracil,444,3385,DDInter252,DDInter757,CYP2C9,CYP inhibition
5-Fluorouracil,Lidocaine,3385,3676,DDInter757,DDInter1066;DDInter1067;DDInter1068,CYP1A2,CYP inhibition
Celecoxib,Eletriptan,2662,77993,DDInter336,DDInter627,"CYP2D6, CYP3A4","CYP induction, CYP inhibition"
Mirtazapine,Erlotinib,4205,176870,DDInter1230,DDInter667,"CYP2C8, CYP2D6","CYP induction, CYP inhibition"
Celecoxib,Mitoxantrone,2662,4212,DDInter336,DDInter1234,CYP3A4,CYP inhibition
Lidocaine,Gefitinib,3676,123631,DDInter1066;DDInter1067;DDInter1068,DDInter810,"ABCB1 (P-gp), CYP2C9","CYP inhibition, transporter inhibition"
Methylphenidate,Erlotinib,4158,176870,DDInter1189,DDInter667,CYP2D6,CYP inhibition
Diazepam,Gefitinib,3016,123631,DDInter534,DDInter810,"ABCB1 (P-gp), CYP2C9","CYP inhibition, transporter inhibition"
Loperamide,Gefitinib,3954,123631,DDInter1088,DDInter810,"ABCB1 (P-gp), CYP2D6","CYP inhibition, transporter inhibition"
Hydroxyurea,Venlafaxine,3657,5656,DDInter894,DDInter1927,CYP2D6,CYP inhibition
Amlodipine,5-Fluorouracil,2162,3385,DDInter79,DDInter757,CYP2C9,CYP inhibition
Diazepam,Leflunomide,3016,3899,DDInter534,DDInter1033,CYP2C9,CYP inhibition
Anastrozole,Glibenclamide,2187,3488,DDInter95,DDInter831,CYP3A4,CYP inhibition
Arthrotec,Tamoxifen,3032,5376,DDInter537;DDInter538;DDInter539,DDInter1744,"ABCB1 (P-gp), CYP3A4","CYP induction, CYP inhibition, transporter induction, transporter inhibition"
Alprazolam,Bicalutamide,2118,2375,DDInter54,DDInter204,CYP3A4,CYP inhibition
Trazodone,Bortezomib,5533,93860,DDInter1851,DDInter222,CYP3A4,CYP inhibition
Modafinil,Temozolomide,4236,5394,DDInter1236,DDInter1762,CYP3A4,"CYP induction, CYP inhibition"
Hydroxyurea,Oxybutynin,3657,4634,DDInter894,DDInter1365,CYP2D6,CYP inhibition
Rofecoxib,Gefitinib,5090,123631,DDInter1613,DDInter810,"CYP2C9, CYP3A4","CYP induction, CYP inhibition"
Ciprofloxacin,Fulvestrant,2764,104741,DDInter384,DDInter789,CYP3A4,CYP inhibition
Verapamil,Arsenic Trioxide,2520,14888,DDInter1928,DDInter120,"ABCB1 (P-gp), ABCC2 (MRP2), CYP3A4","CYP inhibition, transporter induction, transporter inhibition"
Alprazolam,Mitoxantrone,2118,4212,DDInter54,DDInter1234,CYP3A4,CYP inhibition
Carbamazepine,5-Fluorouracil,2554,3385,DDInter293,DDInter757,"CYP1A2, CYP2C9","CYP induction, CYP inhibition"
Ibuprofen,Sorafenib,3672,216239,DDInter900,DDInter1702,"ABCB1 (P-gp), CYP2C9","CYP inhibition, transporter inhibition"
Mitoxantrone,Trimethoprim,4212,5578,DDInter1234,DDInter1874,"ABCB1 (P-gp), CYP3A4","CYP inhibition, transporter induction, transporter inhibition"
Loratadine,Exemestane,3957,60198,DDInter1091,DDInter705,CYP3A4,"CYP induction, CYP inhibition"
Fentanyl,Flutamide,3345,3397,DDInter722,DDInter765,CYP3A4,CYP inhibition
Thalidomide,Trimethoprim,5426,5578,DDInter1789,DDInter1874,CYP2C9,CYP inhibition
Bicalutamide,Enalapril,2375,3222,DDInter204,DDInter638,CYP3A4,CYP inhibition
Thalidomide,Gefitinib,5426,123631,DDInter1789,DDInter810,"CYP2C9, CYP3A5","CYP induction, CYP inhibition"
Imatinib,Isosorbide Mononitrate,5291,27661,DDInter909,DDInter990,CYP3A4,CYP inhibition
3-(1-Methylpyrrolidin-2-yl)pyridine,Gefitinib,942,123631,DDInter1290,DDInter810,"CYP1A1, CYP2C9","CYP induction, CYP inhibition"
Loratadine,Erlotinib,3957,176870,DDInter1091,DDInter667,"ABCB1 (P-gp), CYP2C8, CYP3A4","CYP induction, CYP inhibition, transporter inhibition"
Risperidone,Gefitinib,5073,123631,DDInter1605,DDInter810,"ABCB1 (P-gp), CYP2D6","CYP inhibition, transporter inhibition"
Phenytoin,Mitoxantrone,1775,4212,DDInter1460,DDInter1234,"ABCB1 (P-gp), CYP3A4","CYP induction, CYP inhibition, transporter induction, transporter inhibition"
Indomethacin,Tamoxifen,3715,5376,DDInter921,DDInter1744,"ABCB1 (P-gp), CYP2C9","CYP inhibition, transporter induction, transporter inhibition"
Mirtazapine,Capecitabine,4205,60953,DDInter1230,DDInter285,CYP2C9,CYP inhibition
Celecoxib,Erlotinib,2662,176870,DDInter336,DDInter667,CYP2D6,CYP inhibition
Lidocaine,Exemestane,3676,60198,DDInter1066;DDInter1067;DDInter1068,DDInter705,CYP3A4,CYP inhibition
Oxazepam,Vincristine,4616,5978,DDInter1359,DDInter1937;DDInter1938,CYP3A4,CYP inhibition
Bupropion,Bortezomib,444,93860,DDInter252,DDInter222,CYP1A2,CYP inhibition
Oxybutynin,Imatinib,4634,5291,DDInter1365,DDInter909,CYP3A4,CYP inhibition
Temazepam,Capecitabine,5391,60953,DDInter1761,DDInter285,CYP2C9,CYP inhibition
Leflunomide,Propofol,3899,4943,DDInter1033,DDInter1538,CYP1A2,CYP inhibition
Doxepin,Leflunomide,3158,3899,DDInter593;DDInter594,DDInter1033,CYP2C9,CYP inhibition
Ketoprofen,Tamoxifen,3825,5376,DDInter1009,DDInter1744,CYP2C9,CYP inhibition
5-Fluorouracil,Haloperidol,3385,3559,DDInter757,DDInter853,CYP2C9,CYP inhibition
Etodolac,Bortezomib,3308,93860,DDInter699,DDInter222,CYP2C9,CYP inhibition
Clotrimazole,Cyclophosphamide,2812,2907,DDInter416,DDInter456,"ABCB1 (P-gp), CYP3A4","CYP induction, CYP inhibition, transporter induction, transporter inhibition"
Anastrozole,Fenofibrate,2187,3339,DDInter95,DDInter718,CYP2C9,CYP inhibition
Tamoxifen,Vincristine,5376,5978,DDInter1744,DDInter1937;DDInter1938,"ABCB1 (P-gp), CYP3A4","CYP induction, CYP inhibition, transporter induction, transporter inhibition"
Letrozole,Imatinib,3902,5291,DDInter1040,DDInter909,CYP3A4,CYP inhibition
Mitoxantrone,Oxcarbazepine,4212,34312,DDInter1234,DDInter1360,CYP3A4,"CYP induction, CYP inhibition"
Celecoxib,Thiothixene (USAN:USP),2662,5454,DDInter336,DDInter1798,CYP2D6,CYP inhibition
Felodipine,5-Fluorouracil,3333,3385,DDInter716,DDInter757,CYP2C9,CYP inhibition
Temozolomide,Tadalafil,5394,110635,DDInter1762,DDInter1736,CYP3A4,"CYP induction, CYP inhibition"
Cyclophosphamide,Desloratadine,2907,124087,DDInter456,DDInter506,"ABCB1 (P-gp), CYP2C9","CYP induction, CYP inhibition, transporter inhibition"
Indapamide,Imatinib,3702,5291,DDInter916,DDInter909,CYP3A4,CYP inhibition
Mirtazapine,Gefitinib,4205,123631,DDInter1230,DDInter810,"CYP2C9, CYP2D6","CYP induction, CYP inhibition"
Irbesartan,Tamoxifen,3749,5376,DDInter972,DDInter1744,CYP3A4,"CYP induction, CYP inhibition"
Losartan,Arsenic Trioxide,3961,14888,DDInter1095,DDInter120,"ABCB1 (P-gp), CYP3A4","CYP inhibition, transporter inhibition"
Rivastigmine,Erlotinib,5077,176870,DDInter1610,DDInter667,CYP3A4,CYP inhibition
Pioglitazone,Erlotinib,4829,176870,DDInter1472,DDInter667,"CYP2C8, CYP3A4","CYP induction, CYP inhibition"
Itrizole,Arsenic Trioxide,3793,14888,DDInter995,DDInter120,"ABCB1 (P-gp), CYP1A1, CYP3A4","CYP induction, CYP inhibition, transporter inhibition"
Cyclobenzaprine,Sorafenib,2895,216239,DDInter454,DDInter1702,CYP1A2,CYP inhibition
Donepezil,5-Fluorouracil,3152,3385,DDInter583,DDInter757,CYP2C9,CYP inhibition
Vincristine,Arsenic Trioxide,5978,14888,DDInter1937;DDInter1938,DDInter120,"ABCB1 (P-gp), ABCC2 (MRP2), CYP3A4","CYP inhibition, transporter induction, transporter inhibition"
5-Fluorouracil,Fluoxetine,3385,3386,DDInter757,DDInter758,CYP1A2,CYP inhibition
Clopidogrel,Mitoxantrone,2806,4212,DDInter413,DDInter1234,"ABCB1 (P-gp), CYP3A4","CYP inhibition, transporter induction, transporter inhibition"
Methylphenidate,Gefitinib,4158,123631,DDInter1189,DDInter810,CYP2D6,CYP inhibition
Losartan,Capecitabine,3961,60953,DDInter1095,DDInter285,CYP2C9,CYP inhibition
Arthrotec,Thalidomide,3032,5426,DDInter537;DDInter538;DDInter539,DDInter1789,CYP2C19,CYP inhibition
Lidocaine,Letrozole,3676,3902,DDInter1066;DDInter1067;DDInter1068,DDInter1040,CYP2A6,CYP inhibition
Hydroxyurea,Nifedipine,3657,4485,DDInter894,DDInter1291,CYP2D6,CYP inhibition
Paroxetine,Erlotinib,4691,176870,DDInter1397,DDInter667,"ABCB1 (P-gp), CYP2C8","CYP inhibition, transporter inhibition"
Felodipine,Gefitinib,3333,123631,DDInter716,DDInter810,"ABCB1 (P-gp), CYP2C9","CYP inhibition, transporter inhibition"
Mitoxantrone,Pioglitazone,4212,4829,DDInter1234,DDInter1472,CYP3A4,"CYP induction, CYP inhibition"
Mitoxantrone,Bortezomib,4212,93860,DDInter1234,DDInter222,CYP3A4,CYP inhibition
Modafinil,Thalidomide,4236,5426,DDInter1236,DDInter1789,"CYP2C19, CYP3A5","CYP induction, CYP inhibition"
Diazepam,Arsenic Trioxide,3016,14888,DDInter534,DDInter120,CYP3A4,CYP inhibition
Cyclophosphamide,Rac-Efavirenz,2907,3203,DDInter456,DDInter624,CYP3A4,"CYP induction, CYP inhibition"
Felodipine,Temozolomide,3333,5394,DDInter716,DDInter1762,CYP3A4,"CYP induction, CYP inhibition"
Anastrozole,Zopiclone,2187,5735,DDInter95,DDInter1972,CYP3A4,CYP inhibition
Vincristine,Ezetimibe,5978,150311,DDInter1937;DDInter1938,DDInter707,"ABCB1 (P-gp), CYP3A4","CYP inhibition, transporter induction, transporter inhibition"
Verapamil,Fulvestrant,2520,104741,DDInter1928,DDInter789,CYP3A4,CYP inhibition
Tamoxifen,Valdecoxib,5376,119607,DDInter1744,DDInter1910,"CYP2C9, CYP3A4","CYP induction, CYP inhibition"
Tamoxifen,Ezetimibe,5376,150311,DDInter1744,DDInter707,"ABCB1 (P-gp), CYP3A4","CYP induction, CYP inhibition, transporter induction, transporter inhibition"
Letrozole,Oxybutynin,3902,4634,DDInter1040,DDInter1365,CYP3A4,CYP inhibition
Arthrotec,Erlotinib,3032,176870,DDInter537;DDInter538;DDInter539,DDInter667,"ABCB1 (P-gp), CYP2C8","CYP inhibition, transporter inhibition"
Clonidine,Hydroxyurea,2803,3657,DDInter412,DDInter894,CYP2D6,CYP inhibition
Tolterodine,Capecitabine,5512,60953,DDInter1832,DDInter285,CYP2C9,CYP inhibition
Celecoxib,Atovaquone,2662,74989,DDInter336,DDInter134,CYP2C9,CYP inhibition
Celecoxib,Sorafenib,2662,216239,DDInter336,DDInter1702,"ABCC4 (MRP4), CYP3A4","CYP inhibition, transporter inhibition"
Letrozole,Mitoxantrone,3902,4212,DDInter1040,DDInter1234,CYP3A4,CYP inhibition
Valproic Acid,Imatinib,3121,5291,DDInter1913,DDInter909,CYP3A4,CYP inhibition
Alprazolam,Vincristine,2118,5978,DDInter54,DDInter1937;DDInter1938,CYP3A4,CYP inhibition
Pilocarpine,Tamoxifen,4819,5376,DDInter1465,DDInter1744,CYP3A4,"CYP induction, CYP inhibition"
Hydroxyzine,Gefitinib,3658,123631,DDInter895,DDInter810,CYP2D6,CYP inhibition
Letrozole,Risperidone,3902,5073,DDInter1040,DDInter1605,CYP3A4,CYP inhibition
Loperamide,Mitoxantrone,3954,4212,DDInter1088,DDInter1234,"ABCB1 (P-gp), CYP3A4","CYP inhibition, transporter induction, transporter inhibition"
Bicalutamide,Lansoprazole,2375,3883,DDInter204,DDInter1022,CYP3A4,"CYP induction, CYP inhibition"
Rofecoxib,Bortezomib,5090,93860,DDInter1613,DDInter222,"CYP1A2, CYP3A4","CYP induction, CYP inhibition"
Vincristine,Isosorbide Mononitrate,5978,27661,DDInter1937;DDInter1938,DDInter990,CYP3A4,CYP inhibition
Rofecoxib,Imatinib,5090,5291,DDInter1613,DDInter909,CYP3A4,"CYP induction, CYP inhibition"
Ifosfamide,Metronidazole,3690,4173,DDInter906,DDInter1202,CYP3A4,"CYP induction, CYP inhibition"
Enalapril,Sorafenib,3222,216239,DDInter638,DDInter1702,"ABCB1 (P-gp), CYP3A4","CYP inhibition, transporter inhibition"
Loperamide,Erlotinib,3954,176870,DDInter1088,DDInter667,"ABCB1 (P-gp), CYP2C8","CYP inhibition, transporter inhibition"
Glibenclamide,Temozolomide,3488,5394,DDInter831,DDInter1762,CYP3A4,"CYP induction, CYP inhibition"
Bupropion,Gefitinib,444,123631,DDInter252,DDInter810,CYP2C9,CYP inhibition
Doxazosin,Imatinib,3157,5291,DDInter592,DDInter909,"ABCB1 (P-gp), CYP2D6","CYP inhibition, transporter inhibition"
Rofecoxib,Vincristine,5090,5978,DDInter1613,DDInter1937;DDInter1938,CYP3A4,"CYP induction, CYP inhibition"
Mitoxantrone,Temazepam,4212,5391,DDInter1234,DDInter1761,CYP3A4,CYP inhibition
Pantoprazole,Vinblastine,4679,13342,DDInter1388,DDInter1936,"ABCB1 (P-gp), CYP3A4","CYP induction, CYP inhibition, transporter induction, transporter inhibition"
Clomipramine,Cyclophosphamide,2801,2907,DDInter410,DDInter456,"ABCB1 (P-gp), CYP3A4","CYP induction, CYP inhibition, transporter inhibition"
Alprazolam,Sorafenib,2118,216239,DDInter54,DDInter1702,CYP3A4,CYP inhibition
Metronidazole,Thiotepa,4173,5453,DDInter1202,DDInter1797,CYP3A4,CYP inhibition
Hydroxyurea,Promethazine,3657,4927,DDInter894,DDInter1533,CYP2D6,CYP inhibition
Carvedilol,Gefitinib,2585,123631,DDInter305,DDInter810,"ABCB1 (P-gp), CYP2C9","CYP inhibition, transporter inhibition"
Hydroxyzine,Imatinib,3658,5291,DDInter895,DDInter909,CYP2D6,CYP inhibition
Loratadine,Capecitabine,3957,60953,DDInter1091,DDInter285,CYP2C9,CYP inhibition
Erythromycin,5-Fluorouracil,3255,3385,DDInter670,DDInter757,"CYP1A2, SLC22A7","CYP inhibition, transporter inhibition"
Theophylline,Leflunomide,2153,3899,DDInter1791,DDInter1033,CYP2C9,CYP inhibition
Rac-Efavirenz,5-Fluorouracil,3203,3385,DDInter624,DDInter757,CYP2C9,CYP inhibition
Valdecoxib,Gefitinib,119607,123631,DDInter1910,DDInter810,CYP2C9,CYP inhibition
Carbamazepine,Mitoxantrone,2554,4212,DDInter293,DDInter1234,"ABCB1 (P-gp), CYP3A4","CYP induction, CYP inhibition, transporter induction, transporter inhibition"
Cimetidine,Leflunomide,2756,3899,DDInter380,DDInter1033,CYP2C9,CYP inhibition
Propranolol,Gefitinib,4946,123631,DDInter1539,DDInter810,"ABCB1 (P-gp), CYP2C19","CYP inhibition, transporter inhibition"
Irbesartan,Mitoxantrone,3749,4212,DDInter972,DDInter1234,CYP3A4,CYP inhibition
Clomipramine,Vincristine,2801,5978,DDInter410,DDInter1937;DDInter1938,"ABCB1 (P-gp), CYP3A4","CYP inhibition, transporter induction, transporter inhibition"
Lovastatin,Capecitabine,3962,60953,DDInter1098,DDInter285,CYP2C9,"CYP induction, CYP inhibition"
Valproic Acid,Dasatinib,3121,3062316,DDInter1913,DDInter484,CYP1A2,CYP inhibition
Verapamil,Temozolomide,2520,5394,DDInter1928,DDInter1762,CYP3A4,"CYP induction, CYP inhibition"
Fenofibrate,Capecitabine,3339,60953,DDInter718,DDInter285,CYP2C9,CYP inhibition
Timolol,Bortezomib,5478,93860,DDInter1809;DDInter1810,DDInter222,CYP2C19,CYP inhibition
Letrozole,Metronidazole,3902,4173,DDInter1040,DDInter1202,CYP3A4,CYP inhibition
Nortriptyline,Gefitinib,4543,123631,DDInter1316,DDInter810,CYP2C9,CYP inhibition
Busulfan,Lansoprazole,2478,3883,DDInter255,DDInter1022,CYP3A4,"CYP induction, CYP inhibition"
5-Fluorouracil,Glimepiride,3385,3476,DDInter757,DDInter825,CYP2C9,CYP inhibition
Hydroxyurea,Methylphenidate,3657,4158,DDInter894,DDInter1189,CYP2D6,CYP inhibition
Valproic Acid,Erlotinib,3121,176870,DDInter1913,DDInter667,CYP2C8,CYP inhibition
Arthrotec,Capecitabine,3032,60953,DDInter537;DDInter538;DDInter539,DDInter285,CYP2C9,CYP inhibition
Raloxifene,Gefitinib,5035,123631,DDInter1562,DDInter810,CYP3A4,CYP inhibition
Lovastatin,Gefitinib,3962,123631,DDInter1098,DDInter810,"ABCB1 (P-gp), CYP2C9","CYP induction, CYP inhibition, transporter inhibition"
Valproic Acid,5-Fluorouracil,3121,3385,DDInter1913,DDInter757,"CYP2A6, CYP2C9","CYP induction, CYP inhibition"
Cyclophosphamide,Ritonavir,2907,5076,DDInter456,DDInter1607,"ABCB1 (P-gp), CYP3A4","CYP induction, CYP inhibition, transporter induction, transporter inhibition"
Acetaminophen,Flutamide,1983,3397,DDInter14,DDInter765,"CYP1A2, CYP3A4","CYP induction, CYP inhibition"
Ketotifen,Methotrexate,3827,4112,DDInter1012,DDInter1174,PGD,CYP inhibition
Clopidogrel,Ifosfamide,2806,3690,DDInter413,DDInter906,CYP3A4,"CYP induction, CYP inhibition"
Methylphenidate,Imatinib,4158,5291,DDInter1189,DDInter909,CYP2D6,CYP inhibition
Indomethacin,Gefitinib,3715,123631,DDInter921,DDInter810,"ABCB1 (P-gp), CYP2C9","CYP inhibition, transporter inhibition"
Pyrazinamide,Cyclophosphamide,1046,2907,DDInter1547,DDInter456,CYP3A4,"CYP induction, CYP inhibition"
Fluconazole,Fulvestrant,3365,104741,DDInter743,DDInter789,CYP3A4,CYP inhibition
Cyclophosphamide,Isradipine,2907,3784,DDInter456,DDInter993,CYP3A4,"CYP induction, CYP inhibition"
Bortezomib,Valdecoxib,93860,119607,DDInter222,DDInter1910,CYP2C9,CYP inhibition
Tramadol,Exemestane,5523,60198,DDInter1841,DDInter705,CYP3A4,CYP inhibition
Metronidazole,Fulvestrant,4173,104741,DDInter1202,DDInter789,CYP3A4,CYP inhibition
Vincristine,Palonosetron,5978,148211,DDInter1937;DDInter1938,DDInter1382,CYP3A4,CYP inhibition
Pioglitazone,Gefitinib,4829,123631,DDInter1472,DDInter810,"CYP2C9, CYP3A4","CYP induction, CYP inhibition"
Chlorpheniramine,Cyclophosphamide,2725,2907,DDInter362,DDInter456,CYP3A4,"CYP induction, CYP inhibition"
1-(2-Methyl-3-sulfanylpropanoyl)proline,Imatinib,2550,5291,DDInter292,DDInter909,"ABCB1 (P-gp), CYP2D6","CYP inhibition, transporter inhibition"
Diazepam,Erlotinib,3016,176870,DDInter534,DDInter667,CYP2C8,CYP inhibition
Cyclophosphamide,Zopiclone,2907,5735,DDInter456,DDInter1972,CYP3A4,"CYP induction, CYP inhibition"
Propranolol,Arsenic Trioxide,4946,14888,DDInter1539,DDInter120,"ABCB1 (P-gp), CYP3A4","CYP inhibition, transporter inhibition"
Acebutolol,Hydroxyurea,1978,3657,DDInter12,DDInter894,CYP2D6,CYP inhibition
Anastrozole,Mirtazapine,2187,4205,DDInter95,DDInter1230,CYP3A4,CYP inhibition
Tamoxifen,Thiotepa,5376,5453,DDInter1744,DDInter1797,"CYP2B6, CYP3A4","CYP induction, CYP inhibition"
Mitoxantrone,Tramadol,4212,5523,DDInter1234,DDInter1841,CYP3A4,CYP inhibition
Tamoxifen,CID 152945,5376,152945,DDInter1744,DDInter611,CYP3A4,"CYP induction, CYP inhibition"
Vincristine,CID 152945,5978,152945,DDInter1937;DDInter1938,DDInter611,CYP3A4,CYP inhibition
Mitoxantrone,CID 152945,4212,152945,DDInter1234,DDInter611,CYP3A4,CYP inhibition
Cyclophosphamide,Methylphenidate,2907,4158,DDInter456,DDInter1189,CYP2D6,CYP inhibition
Donepezil,Mitoxantrone,3152,4212,DDInter583,DDInter1234,CYP3A4,CYP inhibition
Losartan,Mitoxantrone,3961,4212,DDInter1095,DDInter1234,"ABCB1 (P-gp), CYP3A4","CYP inhibition, transporter induction, transporter inhibition"
Raloxifene,Dasatinib,5035,3062316,DDInter1562,DDInter484,CYP3A4,CYP inhibition
Donepezil,Leflunomide,3152,3899,DDInter583,DDInter1033,CYP2C9,CYP inhibition
Hydroxyurea,Ropinirole,3657,5095,DDInter894,DDInter1619,CYP2D6,CYP inhibition
Imipramine,Mitoxantrone,3696,4212,DDInter912,DDInter1234,"ABCB1 (P-gp), CYP3A4","CYP inhibition, transporter induction, transporter inhibition"
Doxazosin,Tamoxifen,3157,5376,DDInter592,DDInter1744,"ABCB1 (P-gp), CYP2D6","CYP inhibition, transporter induction, transporter inhibition"
Buspirone,Cyclophosphamide,2477,2907,DDInter254,DDInter456,"ABCB1 (P-gp), CYP3A4","CYP induction, CYP inhibition, transporter inhibition"
Buspirone,Vincristine,2477,5978,DDInter254,DDInter1937;DDInter1938,"ABCB1 (P-gp), CYP3A4","CYP inhibition, transporter induction, transporter inhibition"
Meperidine,Mitoxantrone,4058,4212,DDInter1150,DDInter1234,CYP3A4,CYP inhibition
Arsenic Trioxide,Ezetimibe,14888,150311,DDInter120,DDInter707,"ABCC2 (MRP2), CYP3A4","CYP inhibition, transporter induction"
Buspirone,Mitoxantrone,2477,4212,DDInter254,DDInter1234,"ABCB1 (P-gp), CYP3A4","CYP inhibition, transporter induction, transporter inhibition"
Celecoxib,Tolcapone,2662,4659569,DDInter336,DDInter1829,CYP2C9,CYP inhibition
Tamoxifen,Timolol,5376,5478,DDInter1744,DDInter1809;DDInter1810,"ABCB1 (P-gp), CYP2D6","CYP inhibition, transporter induction, transporter inhibition"
Methylphenidate,Sorafenib,4158,216239,DDInter1189,DDInter1702,CYP2D6,CYP inhibition
Celecoxib,Arsenic Trioxide,2662,14888,DDInter336,DDInter120,CYP3A4,CYP inhibition
Phenytoin,Ifosfamide,1775,3690,DDInter1460,DDInter906,CYP3A4,"CYP induction, CYP inhibition"
Mirtazapine,Temozolomide,4205,5394,DDInter1230,DDInter1762,CYP3A4,"CYP induction, CYP inhibition"
Lovastatin,Temozolomide,3962,5394,DDInter1098,DDInter1762,CYP3A4,"CYP induction, CYP inhibition"
Meperidine,Vincristine,4058,5978,DDInter1150,DDInter1937;DDInter1938,CYP3A4,CYP inhibition
Nifedipine,Temozolomide,4485,5394,DDInter1291,DDInter1762,CYP3A4,"CYP induction, CYP inhibition"
Acebutolol,Bicalutamide,1978,2375,DDInter12,DDInter204,CYP2D6,CYP inhibition
Cyclophosphamide,Risperidone,2907,5073,DDInter456,DDInter1605,"ABCB1 (P-gp), CYP3A4","CYP induction, CYP inhibition, transporter inhibition"
Phentermine,Sorafenib,4771,216239,DDInter1447,DDInter1702,"CYP1A2, CYP2C9","CYP induction, CYP inhibition"
Fentanyl,Vinblastine,3345,13342,DDInter722,DDInter1936,"ABCB1 (P-gp), CYP3A4","CYP inhibition, transporter induction, transporter inhibition"
Phenytoin,Anastrozole,1775,2187,DDInter1460,DDInter95,CYP3A4,"CYP induction, CYP inhibition"
Lidocaine,Vincristine,3676,5978,DDInter1066;DDInter1067;DDInter1068,DDInter1937;DDInter1938,"ABCB1 (P-gp), CYP3A4","CYP inhibition, transporter induction, transporter inhibition"
Gefitinib,Methimazole,123631,1349907,DDInter810,DDInter1170,CYP3A4,CYP inhibition
Temozolomide,Tramadol,5394,5523,DDInter1762,DDInter1841,CYP3A4,"CYP induction, CYP inhibition"
Oxybutynin,Sorafenib,4634,216239,DDInter1365,DDInter1702,CYP3A4,CYP inhibition
Cyclophosphamide,Felodipine,2907,3333,DDInter456,DDInter716,"ABCB1 (P-gp), CYP3A4","CYP induction, CYP inhibition, transporter inhibition"
Nisoldipine,Tamoxifen,4499,5376,DDInter1298,DDInter1744,"ABCB1 (P-gp), CYP3A4","CYP induction, CYP inhibition, transporter induction, transporter inhibition"
Indomethacin,Sorafenib,3715,216239,DDInter921,DDInter1702,"ABCB1 (P-gp), CYP2C9","CYP inhibition, transporter inhibition"
Mexiletine,Bortezomib,4178,93860,DDInter1206,DDInter222,CYP1A2,CYP inhibition
Doxazosin,Hydroxyurea,3157,3657,DDInter592,DDInter894,CYP2D6,CYP inhibition
Carbamazepine,Ifosfamide,2554,3690,DDInter293,DDInter906,CYP3A4,"CYP induction, CYP inhibition"
Hydroxyurea,Itrizole,3657,3793,DDInter894,DDInter995,CYP2D6,CYP inhibition
Isradipine,Vincristine,3784,5978,DDInter993,DDInter1937;DDInter1938,CYP3A4,CYP inhibition
Chloroquine,Cyclophosphamide,2719,2907,DDInter359,DDInter456,"ABCB1 (P-gp), CYP3A4","CYP induction, CYP inhibition, transporter inhibition"
Chlorpheniramine,Vincristine,2725,5978,DDInter362,DDInter1937;DDInter1938,CYP3A4,CYP inhibition
Ketoprofen,Sorafenib,3825,216239,DDInter1009,DDInter1702,"ABCC4 (MRP4), CYP2C9","CYP inhibition, transporter inhibition"
Cyclophosphamide,Nisoldipine,2907,4499,DDInter456,DDInter1298,"ABCB1 (P-gp), CYP3A4","CYP induction, CYP inhibition, transporter inhibition"
1-(2-Methyl-3-sulfanylpropanoyl)proline,Gefitinib,2550,123631,DDInter292,DDInter810,"ABCB1 (P-gp), CYP2D6","CYP inhibition, transporter inhibition"
Metronidazole,Exemestane,4173,60198,DDInter1202,DDInter705,CYP3A4,CYP inhibition
Nifedipine,Arsenic Trioxide,4485,14888,DDInter1291,DDInter120,"ABCB1 (P-gp), ABCC2 (MRP2), CYP3A4","CYP induction, CYP inhibition, transporter induction, transporter inhibition"
Acebutolol,Gefitinib,1978,123631,DDInter12,DDInter810,"ABCB1 (P-gp), CYP2D6","CYP inhibition, transporter inhibition"
Tamoxifen,Zopiclone,5376,5735,DDInter1744,DDInter1972,CYP3A4,"CYP induction, CYP inhibition"
Acebutolol,Tamoxifen,1978,5376,DDInter12,DDInter1744,"ABCB1 (P-gp), CYP2D6","CYP inhibition, transporter induction, transporter inhibition"
Verapamil,Flutamide,2520,3397,DDInter1928,DDInter765,CYP1A2,CYP inhibition
Bupropion,Bicalutamide,444,2375,DDInter252,DDInter204,CYP3A4,CYP inhibition
Pantoprazole,Temozolomide,4679,5394,DDInter1388,DDInter1762,CYP3A4,CYP induction
Ondansetron,Temozolomide,4595,5394,DDInter1342,DDInter1762,CYP3A4,CYP induction
Citalopram,Temozolomide,2771,5394,DDInter388,DDInter1762,CYP3A4,CYP induction
Aspirin,Flutamide,2244,3397,DDInter20,DDInter765,CYP2C19,CYP induction
Clonazepam,Temozolomide,2802,5394,DDInter411,DDInter1762,CYP3A4,CYP induction
Letrozole,Rofecoxib,3902,5090,DDInter1040,DDInter1613,CYP3A4,CYP induction
Loperamide,Temozolomide,3954,5394,DDInter1088,DDInter1762,CYP3A4,CYP induction
Prochlorperazine,Temozolomide,4917,5394,DDInter1527,DDInter1762,CYP3A4,CYP induction
Prilosec,Temozolomide,4594,5394,DDInter1340,DDInter1762,CYP3A4,CYP induction
Celecoxib,Oxcarbazepine,2662,34312,DDInter336,DDInter1360,CYP3A4,CYP induction
Bumetanide,Thalidomide,2471,5426,DDInter248,DDInter1789,PTGS2,CYP induction
Carvedilol,Carboplatin,2585,38904,DDInter305,DDInter298,XDH,CYP induction
Carmustine,Pantoprazole,2578,4679,DDInter302,DDInter1388,CYP1A2,CYP induction
Cyclobenzaprine,Temozolomide,2895,5394,DDInter454,DDInter1762,CYP3A4,CYP induction
Oxybutynin,Thalidomide,4634,5426,DDInter1365,DDInter1789,CYP3A5,CYP induction
Temozolomide,Zonisamide,5394,5734,DDInter1762,DDInter1971,CYP3A4,CYP induction
Carbamazepine,Temozolomide,2554,5394,DDInter293,DDInter1762,CYP3A4,CYP induction
Carbamazepine,Celecoxib,2554,2662,DDInter293,DDInter336,CYP3A4,CYP induction
Rofecoxib,Fulvestrant,5090,104741,DDInter1613,DDInter789,CYP3A4,CYP induction
Bupropion,Temozolomide,444,5394,DDInter252,DDInter1762,CYP3A4,CYP induction
Carvedilol,Temozolomide,2585,5394,DDInter305,DDInter1762,CYP3A4,CYP induction
Temozolomide,Zolpidem,5394,5732,DDInter1762,DDInter1970,CYP3A4,CYP induction
Aspirin,Cyclophosphamide,2244,2907,DDInter20,DDInter456,"ABCB1 (P-gp), CYP2C9","CYP induction, transporter inhibition"
Temazepam,Temozolomide,5391,5394,DDInter1761,DDInter1762,CYP3A4,CYP induction
Pantoprazole,Exemestane,4679,60198,DDInter1388,DDInter705,CYP3A4,CYP induction
Phenytoin,Temozolomide,1775,5394,DDInter1460,DDInter1762,CYP3A4,CYP induction
Letrozole,Pantoprazole,3902,4679,DDInter1040,DDInter1388,CYP3A4,CYP induction
Busulfan,Pantoprazole,2478,4679,DDInter255,DDInter1388,CYP3A4,CYP induction
Enalapril,Temozolomide,3222,5394,DDInter638,DDInter1762,CYP3A4,CYP induction
Pantoprazole,Fulvestrant,4679,104741,DDInter1388,DDInter789,CYP3A4,CYP induction
(3H)granisetron,Temozolomide,3510,5394,DDInter840,DDInter1762,CYP3A4,CYP induction
Fenofibrate,Temozolomide,3339,5394,DDInter718,DDInter1762,CYP3A4,CYP induction
Minoxidil,Bortezomib,4201,93860,DDInter1226,DDInter222,PTGS1,CYP induction
Letrozole,Pioglitazone,3902,4829,DDInter1040,DDInter1472,CYP3A4,CYP induction
Celecoxib,Primidone,2662,4909,DDInter336,DDInter1521,CYP3A4,CYP induction
Salmeterol,Thalidomide,5152,5426,DDInter1635,DDInter1789,CYP3A5,CYP induction
Indapamide,Temozolomide,3702,5394,DDInter916,DDInter1762,CYP3A4,CYP induction
Pioglitazone,Exemestane,4829,60198,DDInter1472,DDInter705,CYP3A4,CYP induction
Carbamazepine,Letrozole,2554,3902,DDInter293,DDInter1040,CYP3A4,CYP induction
Bumetanide,Lenalidomide,2471,216326,DDInter248,DDInter1035,PTGS2,CYP induction
Arthrotec,Temozolomide,3032,5394,DDInter537;DDInter538;DDInter539,DDInter1762,CYP3A4,CYP induction
Pioglitazone,Temozolomide,4829,5394,DDInter1472,DDInter1762,CYP3A4,CYP induction
Temozolomide,Oxcarbazepine,5394,34312,DDInter1762,DDInter1360,CYP3A4,CYP induction
Quetiapine,Temozolomide,5002,5394,DDInter1553,DDInter1762,CYP3A4,CYP induction
Temozolomide,Tolterodine,5394,5512,DDInter1762,DDInter1832,CYP3A4,CYP induction
Bisoprolol,Temozolomide,2405,5394,DDInter216,DDInter1762,CYP3A4,CYP induction
Carbamazepine,Fulvestrant,2554,104741,DDInter293,DDInter789,CYP3A4,CYP induction
Temozolomide,Trimethoprim,5394,5578,DDInter1762,DDInter1874,CYP3A4,CYP induction
Celecoxib,Pyridostigmine,2662,4991,DDInter336,DDInter1548,CYP3A4,CYP induction
Rofecoxib,Exemestane,5090,60198,DDInter1613,DDInter705,CYP3A4,CYP induction
Salmeterol,Temozolomide,5152,5394,DDInter1635,DDInter1762,CYP3A4,CYP induction
3-(1-Methylpyrrolidin-2-yl)pyridine,Temozolomide,942,5394,DDInter1290,DDInter1762,CYP3A4,CYP induction
Thalidomide,CID 152945,5426,152945,DDInter1789,DDInter611,CYP3A5,CYP induction
Donepezil,Temozolomide,3152,5394,DDInter583,DDInter1762,CYP3A4,CYP induction
Anzemet,Temozolomide,3148,5394,DDInter581,DDInter1762,CYP3A4,CYP induction
Carmustine,Lansoprazole,2578,3883,DDInter302,DDInter1022,CYP1A2,CYP induction
Oxazepam,Temozolomide,4616,5394,DDInter1359,DDInter1762,CYP3A4,CYP induction
Rofecoxib,Temozolomide,5090,5394,DDInter1613,DDInter1762,CYP3A4,CYP induction
Furosemide,6-Mercaptopurine,3440,667490,DDInter790,DDInter1156,SLCO1B3? (OATP),transporter inhibition
Methotrexate,Nifedipine,4112,4485,DDInter1174,DDInter1291,ABCB1 (P-gp),"transporter induction, transporter inhibition"
Methotrexate,Ezetimibe,4112,150311,DDInter1174,DDInter707,ABCC2 (MRP2),transporter inhibition
Amitriptyline,Methotrexate,2160,4112,DDInter78,DDInter1174,ABCB1 (P-gp),transporter inhibition
Metoprolol,Vincristine,4171,5978,DDInter1200,DDInter1937;DDInter1938,ABCB1 (P-gp),"transporter induction, transporter inhibition"
Lidocaine,Lenalidomide,3676,216326,DDInter1066;DDInter1067;DDInter1068,DDInter1035,ABCB1 (P-gp),transporter inhibition
Fluconazole,Lenalidomide,3365,216326,DDInter743,DDInter1035,ABCB1 (P-gp),transporter inhibition
Verapamil,Methotrexate,2520,4112,DDInter1928,DDInter1174,"ABCB1 (P-gp), ABCC2 (MRP2)","transporter induction, transporter inhibition"
Terazosin,Vincristine,5401,5978,DDInter1767,DDInter1937;DDInter1938,ABCB1 (P-gp),"transporter induction, transporter inhibition"
Fentanyl,Lenalidomide,3345,216326,DDInter722,DDInter1035,ABCB1 (P-gp),transporter inhibition
Verapamil,Lenalidomide,2520,216326,DDInter1928,DDInter1035,ABCB1 (P-gp),"transporter induction, transporter inhibition"
Lidocaine,Methotrexate,3676,4112,DDInter1066;DDInter1067;DDInter1068,DDInter1174,ABCB1 (P-gp),transporter inhibition
Enalapril,5-Fluorouracil,3222,3385,DDInter638,DDInter757,SLC22A7,transporter inhibition
Enalapril,Gefitinib,3222,123631,DDInter638,DDInter810,ABCB1 (P-gp),transporter inhibition
Methotrexate,Metoprolol,4112,4171,DDInter1174,DDInter1200,ABCB1 (P-gp),transporter inhibition
Pantoprazole,Lenalidomide,4679,216326,DDInter1388,DDInter1035,ABCB1 (P-gp),transporter inhibition
Vincristine,Levetiracetam,5978,59708,DDInter1937;DDInter1938,DDInter1046,ABCB1 (P-gp),"transporter induction, transporter inhibition"
Felodipine,Methotrexate,3333,4112,DDInter716,DDInter1174,ABCB1 (P-gp),transporter inhibition
Bumetanide,Methotrexate,2471,4112,DDInter248,DDInter1174,SLCO1B1 (OATP1B1),transporter inhibition
Loratadine,Methotrexate,3957,4112,DDInter1091,DDInter1174,ABCB1 (P-gp),transporter inhibition
Carbamazepine,Lenalidomide,2554,216326,DDInter293,DDInter1035,ABCB1 (P-gp),"transporter induction, transporter inhibition"
Glibenclamide,Carboplatin,3488,38904,DDInter831,DDInter298,ABCC2 (MRP2),transporter inhibition
Metformin,Imatinib,4091,5291,DDInter1164,DDInter909,SLC22A2,transporter inhibition
Fexofenadine,Methotrexate,3348,4112,DDInter732,DDInter1174,ABCB1 (P-gp),transporter inhibition
Carvedilol,Lenalidomide,2585,216326,DDInter305,DDInter1035,ABCB1 (P-gp),transporter inhibition
Cimetidine,Methotrexate,2756,4112,DDInter380,DDInter1174,"ABCB1 (P-gp), SLCO1B1 (OATP1B1)","transporter induction, transporter inhibition"
Ciprofloxacin,Lenalidomide,2764,216326,DDInter384,DDInter1035,ABCB1 (P-gp),transporter inhibition
Lansoprazole,Lenalidomide,3883,216326,DDInter1022,DDInter1035,ABCB1 (P-gp),transporter inhibition
Doxepin,Methotrexate,3158,4112,DDInter593;DDInter594,DDInter1174,ABCB1 (P-gp),transporter inhibition
Methotrexate,Arsenic Trioxide,4112,14888,DDInter1174,DDInter120,ABCC2 (MRP2),"transporter induction, transporter inhibition"
Methotrexate,Promethazine,4112,4927,DDInter1174,DDInter1533,ABCB1 (P-gp),transporter inhibition
Methotrexate,Sumatriptan,4112,5358,DDInter1174,DDInter1730,"ABCB1 (P-gp), SLCO1A2 (OATP1A2)","transporter induction, transporter inhibition"
Methotrexate,Telmisartan,4112,65999,DDInter1174,DDInter1759,ABCB1 (P-gp),transporter inhibition
Paroxetine,Vincristine,4691,5978,DDInter1397,DDInter1937;DDInter1938,ABCB1 (P-gp),"transporter induction, transporter inhibition"
Fexofenadine,Mitoxantrone,3348,4212,DDInter732,DDInter1234,ABCB1 (P-gp),"transporter induction, transporter inhibition"
Leflunomide,Telmisartan,3899,65999,DDInter1033,DDInter1759,ABCG2 (BCRP),transporter inhibition
Venlafaxine,Lenalidomide,5656,216326,DDInter1927,DDInter1035,ABCB1 (P-gp),transporter inhibition
Doxepin,Lenalidomide,3158,216326,DDInter593;DDInter594,DDInter1035,ABCB1 (P-gp),transporter inhibition
Glibenclamide,Lenalidomide,3488,216326,DDInter831,DDInter1035,ABCB1 (P-gp),transporter inhibition
Methotrexate,Paroxetine,4112,4691,DDInter1174,DDInter1397,ABCB1 (P-gp),transporter inhibition
Fexofenadine,Lenalidomide,3348,216326,DDInter732,DDInter1035,ABCB1 (P-gp),transporter inhibition
Clotrimazole,Lenalidomide,2812,216326,DDInter416,DDInter1035,ABCB1 (P-gp),"transporter induction, transporter inhibition"
Doxorubicin,Atazanavir,1690,148192,DDInter596;DDInter597,DDInter129,ABCC1,transporter inhibition
Baclofen,Methotrexate,2284,4112,DDInter162,DDInter1174,SLCO1B3? (OATP),transporter inhibition
Imatinib,Terazosin,5291,5401,DDInter909,DDInter1767,ABCB1 (P-gp),transporter inhibition
Acetazolamide,Methotrexate,1986,4112,DDInter15,DDInter1174,SLCO1B1 (OATP1B1),transporter inhibition
Promethazine,Vincristine,4927,5978,DDInter1533,DDInter1937;DDInter1938,ABCB1 (P-gp),"transporter induction, transporter inhibition"
Phosphonatoformate,Methotrexate,3414,4112,DDInter779,DDInter1174,SLCO1B1 (OATP1B1),transporter inhibition
Methotrexate,Atazanavir,4112,148192,DDInter1174,DDInter129,ABCB1 (P-gp),transporter inhibition
Lidocaine,Mitomycin C,3676,5746,DDInter1066;DDInter1067;DDInter1068,DDInter1232,ABCB1 (P-gp),transporter inhibition
Acetaminophen,Mitomycin C,1983,5746,DDInter14,DDInter1232,ABCB1 (P-gp),transporter inhibition
Methotrexate,Dasatinib,4112,3062316,DDInter1174,DDInter484,ABCB1 (P-gp),transporter inhibition
Dipyridamole,5-Fluorouracil,3108,3385,DDInter573,DDInter757,ABCC4 (MRP4),transporter inhibition
Fentanyl,Methotrexate,3345,4112,DDInter722,DDInter1174,ABCB1 (P-gp),transporter inhibition
Dactinomycin (USP),Cyclophosphamide,2019,2907,DDInter466,DDInter456,ABCB1 (P-gp),transporter inhibition
Indomethacin,Vincristine,3715,5978,DDInter921,DDInter1937;DDInter1938,ABCB1 (P-gp),"transporter induction, transporter inhibition"
Rofecoxib,6-Mercaptopurine,5090,667490,DDInter1613,DDInter1156,ABCC4 (MRP4),transporter inhibition
Vincristine,Zoledronic Acid,5978,68740,DDInter1937;DDInter1938,DDInter1968,ABCC1,transporter inhibition
Enalapril,Erlotinib,3222,176870,DDInter638,DDInter667,ABCB1 (P-gp),transporter inhibition
Methotrexate,Desloratadine,4112,124087,DDInter1174,DDInter506,ABCB1 (P-gp),transporter inhibition
Ibuprofen,Vincristine,3672,5978,DDInter900,DDInter1937;DDInter1938,ABCB1 (P-gp),"transporter induction, transporter inhibition"
Amlodipine,Lenalidomide,2162,216326,DDInter79,DDInter1035,ABCB1 (P-gp),transporter inhibition
Clomipramine,Methotrexate,2801,4112,DDInter410,DDInter1174,ABCB1 (P-gp),transporter inhibition
5-Fluorouracil,Telmisartan,3385,65999,DDInter757,DDInter1759,ABCG2 (BCRP),transporter inhibition
Cyclophosphamide,Doxazosin,2907,3157,DDInter456,DDInter592,ABCB1 (P-gp),transporter inhibition
Methotrexate,Propranolol,4112,4946,DDInter1174,DDInter1539,ABCB1 (P-gp),transporter inhibition
Furosemide,Tamoxifen,3440,5376,DDInter790,DDInter1744,ABCC2 (MRP2),transporter inhibition
Methotrexate,Venlafaxine,4112,5656,DDInter1174,DDInter1927,"ABCB1 (P-gp), ABCG2 (BCRP)","transporter induction, transporter inhibition"
8-iso Prostaglandin E1,Methotrexate,214,4112,DDInter55,DDInter1174,ABCC4 (MRP4),transporter inhibition
Sumatriptan,Tamoxifen,5358,5376,DDInter1730,DDInter1744,ABCB1 (P-gp),"transporter induction, transporter inhibition"
Mitoxantrone,Promethazine,4212,4927,DDInter1234,DDInter1533,ABCB1 (P-gp),"transporter induction, transporter inhibition"
Imipramine,Methotrexate,3696,4112,DDInter912,DDInter1174,ABCB1 (P-gp),transporter inhibition
1-(2-Methyl-3-sulfanylpropanoyl)proline,Cyclophosphamide,2550,2907,DDInter292,DDInter456,ABCB1 (P-gp),transporter inhibition
Cyclophosphamide,Prazosin,2907,4893,DDInter456,DDInter1511,ABCB1 (P-gp),transporter inhibition
Verapamil,Carboplatin,2520,38904,DDInter1928,DDInter298,ABCC2 (MRP2),transporter inhibition
Doxazosin,Lenalidomide,3157,216326,DDInter592,DDInter1035,ABCB1 (P-gp),transporter inhibition
Methotrexate,Scopolamine,4112,5184,DDInter1174,DDInter1647,ABCB1 (P-gp),transporter inhibition
Mitoxantrone,Paroxetine,4212,4691,DDInter1234,DDInter1397,ABCB1 (P-gp),"transporter induction, transporter inhibition"
1-(2-Methyl-3-sulfanylpropanoyl)proline,Vincristine,2550,5978,DDInter292,DDInter1937;DDInter1938,ABCB1 (P-gp),"transporter induction, transporter inhibition"
Dipyridamole,Lenalidomide,3108,216326,DDInter573,DDInter1035,ABCB1 (P-gp),transporter inhibition
Dipyridamole,Gefitinib,3108,123631,DDInter573,DDInter810,ABCB1 (P-gp),transporter inhibition
Lansoprazole,Clofarabine,3883,119182,DDInter1022,DDInter405,ABCG2 (BCRP),transporter inhibition
Enalapril,Lenalidomide,3222,216326,DDInter638,DDInter1035,ABCB1 (P-gp),transporter inhibition
Losartan,Lenalidomide,3961,216326,DDInter1095,DDInter1035,ABCB1 (P-gp),transporter inhibition
Doxorubicin,Ibuprofen,1690,3672,DDInter596;DDInter597,DDInter900,ABCC1,transporter inhibition
Metoprolol,Mitoxantrone,4171,4212,DDInter1200,DDInter1234,ABCB1 (P-gp),"transporter induction, transporter inhibition"
Buspirone,Lenalidomide,2477,216326,DDInter254,DDInter1035,ABCB1 (P-gp),transporter inhibition
Losartan,Methotrexate,3961,4112,DDInter1095,DDInter1174,SLCO1B1 (OATP1B1),transporter inhibition
Carvedilol,Methotrexate,2585,4112,DDInter305,DDInter1174,ABCB1 (P-gp),transporter inhibition
Doxorubicin,Glibenclamide,1690,3488,DDInter596;DDInter597,DDInter831,ABCC1,transporter inhibition
Methotrexate,Terazosin,4112,5401,DDInter1174,DDInter1767,ABCB1 (P-gp),transporter inhibition
Felodipine,Lenalidomide,3333,216326,DDInter716,DDInter1035,ABCB1 (P-gp),transporter inhibition
Terazosin,Lenalidomide,5401,216326,DDInter1767,DDInter1035,ABCB1 (P-gp),transporter inhibition
Azelastine,Methotrexate,2267,4112,DDInter153;DDInter154,DDInter1174,ABCB1 (P-gp),transporter inhibition
Lamotrigine,Imatinib,3878,5291,DDInter1020,DDInter909,ABCB1 (P-gp),transporter inhibition
Pantoprazole,Clofarabine,4679,119182,DDInter1388,DDInter405,ABCG2 (BCRP),transporter inhibition
Bumetanide,5-Fluorouracil,2471,3385,DDInter248,DDInter757,SLC22A7,transporter inhibition
Dactinomycin (USP),Valproic Acid,2019,3121,DDInter466,DDInter1913,SLC22A5,transporter inhibition
Buspirone,Methotrexate,2477,4112,DDInter254,DDInter1174,ABCB1 (P-gp),transporter inhibition
Pantoprazole,Mitomycin C,4679,5746,DDInter1388,DDInter1232,ABCB1 (P-gp),transporter inhibition
Cyclophosphamide,Dipyridamole,2907,3108,DDInter456,DDInter573,ABCB1 (P-gp),transporter inhibition
Dactinomycin (USP),Vincristine,2019,5978,DDInter466,DDInter1937;DDInter1938,ABCB1 (P-gp),"transporter induction, transporter inhibition"
Cyclophosphamide,Scopolamine,2907,5184,DDInter456,DDInter1647,ABCB1 (P-gp),transporter inhibition
Loperamide,Lenalidomide,3954,216326,DDInter1088,DDInter1035,ABCB1 (P-gp),transporter inhibition
Furosemide,Sorafenib,3440,216239,DDInter790,DDInter1702,ABCC2 (MRP2),transporter inhibition
Mitoxantrone,Zoledronic Acid,4212,68740,DDInter1234,DDInter1968,ABCC1,transporter inhibition
Imatinib,Levetiracetam,5291,59708,DDInter909,DDInter1046,ABCB1 (P-gp),transporter inhibition
Metoprolol,Lenalidomide,4171,216326,DDInter1200,DDInter1035,ABCB1 (P-gp),transporter inhibition
Terazosin,Sorafenib,5401,216239,DDInter1767,DDInter1702,ABCB1 (P-gp),transporter inhibition
Aspirin,Mitoxantrone,2244,4212,DDInter20,DDInter1234,ABCB1 (P-gp),"transporter induction, transporter inhibition"
Ibuprofen,Mitoxantrone,3672,4212,DDInter900,DDInter1234,ABCB1 (P-gp),"transporter induction, transporter inhibition"
Methotrexate,Nisoldipine,4112,4499,DDInter1174,DDInter1298,ABCB1 (P-gp),transporter inhibition
Aspirin,Vincristine,2244,5978,DDInter20,DDInter1937;DDInter1938,ABCB1 (P-gp),"transporter induction, transporter inhibition"
Amlodipine,Methotrexate,2162,4112,DDInter79,DDInter1174,ABCB1 (P-gp),transporter inhibition
Nadolol,Sorafenib,4411,216239,DDInter1255,DDInter1702,ABCB1 (P-gp),transporter inhibition
Paroxetine,Lenalidomide,4691,216326,DDInter1397,DDInter1035,ABCB1 (P-gp),transporter inhibition
Itrizole,Lenalidomide,3793,216326,DDInter995,DDInter1035,ABCB1 (P-gp),transporter inhibition
Enalapril,Dasatinib,3222,3062316,DDInter638,DDInter484,ABCB1 (P-gp),transporter inhibition
Fluoxetine,Methotrexate,3386,4112,DDInter758,DDInter1174,ABCB1 (P-gp),transporter inhibition
Promethazine,Lenalidomide,4927,216326,DDInter1533,DDInter1035,ABCB1 (P-gp),transporter inhibition
Valproic Acid,6-Mercaptopurine,3121,667490,DDInter1913,DDInter1156,SLCO1B3? (OATP),transporter inhibition
Doxazosin,Methotrexate,3157,4112,DDInter592,DDInter1174,ABCB1 (P-gp),transporter inhibition
Furosemide,Vincristine,3440,5978,DDInter790,DDInter1937;DDInter1938,ABCC2 (MRP2),transporter inhibition
Dactinomycin (USP),Amlodipine,2019,2162,DDInter466,DDInter79,ABCB1 (P-gp),transporter inhibition
Mitomycin C,Gefitinib,5746,123631,DDInter1232,DDInter810,ABCB1 (P-gp),transporter inhibition
Doxorubicin,Arthrotec,1690,3032,DDInter596;DDInter597,DDInter537;DDInter538;DDInter539,ABCC1,transporter inhibition
Chlorambucil,Simvastatin,2708,54454,DDInter350,DDInter1675,SLCO1A2 (OATP1A2),transporter inhibition
Cyclophosphamide,Levetiracetam,2907,59708,DDInter456,DDInter1046,ABCB1 (P-gp),transporter inhibition
Loratadine,Lenalidomide,3957,216326,DDInter1091,DDInter1035,ABCB1 (P-gp),transporter inhibition
Levetiracetam,Gefitinib,59708,123631,DDInter1046,DDInter810,ABCB1 (P-gp),transporter inhibition
Carvedilol,Erlotinib,2585,176870,DDInter305,DDInter667,ABCB1 (P-gp),transporter inhibition
Loperamide,Mitomycin C,3954,5746,DDInter1088,DDInter1232,ABCB1 (P-gp),transporter inhibition
Vincristine,Lenalidomide,5978,216326,DDInter1937;DDInter1938,DDInter1035,ABCB1 (P-gp),"transporter induction, transporter inhibition"
Methotrexate,Propafenone,4112,4932,DDInter1174,DDInter1534,ABCB1 (P-gp),transporter inhibition
Metoprolol,Arsenic Trioxide,4171,14888,DDInter1200,DDInter120,ABCB1 (P-gp),transporter inhibition
Mitoxantrone,Sumatriptan,4212,5358,DDInter1234,DDInter1730,ABCB1 (P-gp),"transporter induction, transporter inhibition"
Ketoconazole,Lenalidomide,3823,216326,DDInter1008,DDInter1035,ABCB1 (P-gp),transporter inhibition
Fluoxetine,Lenalidomide,3386,216326,DDInter758,DDInter1035,ABCB1 (P-gp),transporter inhibition
Vinblastine,Zoledronic Acid,13342,68740,DDInter1936,DDInter1968,ABCC1,"transporter induction, transporter inhibition"
Methotrexate,Nitrazepam,4112,4506,DDInter1174,DDInter1301,ABCB1 (P-gp),transporter inhibition
Acetaminophen,Dactinomycin (USP),1983,2019,DDInter14,DDInter466,ABCB1 (P-gp),transporter inhibition
Indomethacin,Carboplatin,3715,38904,DDInter921,DDInter298,ABCC2 (MRP2),transporter inhibition
Metformin,Vincristine,4091,5978,DDInter1164,DDInter1937;DDInter1938,SLC22A3,transporter inhibition
Nizatidine,Vincristine,4513,5978,DDInter1309,DDInter1937;DDInter1938,ABCB1 (P-gp),"transporter induction, transporter inhibition"
Ibuprofen,6-Mercaptopurine,3672,667490,DDInter900,DDInter1156,SLCO1B3? (OATP),transporter inhibition
Dipyridamole,Methotrexate,3108,4112,DDInter573,DDInter1174,ABCC4 (MRP4),transporter inhibition
Loperamide,Methotrexate,3954,4112,DDInter1088,DDInter1174,ABCB1 (P-gp),transporter inhibition
Methotrexate,Miconazole,4112,4189,DDInter1174,DDInter1209,ABCB1 (P-gp),transporter inhibition
Glibenclamide,Methotrexate,3488,4112,DDInter831,DDInter1174,ABCC2 (MRP2),transporter inhibition
Propranolol,Lenalidomide,4946,216326,DDInter1539,DDInter1035,ABCB1 (P-gp),transporter inhibition
Doxazosin,Vincristine,3157,5978,DDInter592,DDInter1937;DDInter1938,ABCB1 (P-gp),"transporter induction, transporter inhibition"
Metoprolol,Dasatinib,4171,3062316,DDInter1200,DDInter484,ABCB1 (P-gp),transporter inhibition
Dactinomycin (USP),Carbamazepine,2019,2554,DDInter466,DDInter293,ABCB1 (P-gp),"transporter induction, transporter inhibition"
Dactinomycin (USP),Methotrexate,2019,4112,DDInter466,DDInter1174,ABCC1,transporter inhibition
Lamotrigine,Tamoxifen,3878,5376,DDInter1020,DDInter1744,ABCB1 (P-gp),"transporter induction, transporter inhibition"
Telmisartan,Erlotinib,65999,176870,DDInter1759,DDInter667,ABCG2 (BCRP),transporter inhibition
Carboplatin,Telmisartan,38904,65999,DDInter298,DDInter1759,ABCC2 (MRP2),transporter inhibition
Nifedipine,Lenalidomide,4485,216326,DDInter1291,DDInter1035,ABCB1 (P-gp),"transporter induction, transporter inhibition"
Ritonavir,Carboplatin,5076,38904,DDInter1607,DDInter298,"ABCC2 (MRP2), ABCG2 (BCRP)","transporter induction, transporter inhibition"
Dipyridamole,Vincristine,3108,5978,DDInter573,DDInter1937;DDInter1938,ABCB1 (P-gp),"transporter induction, transporter inhibition"
Dipyridamole,Mitomycin C,3108,5746,DDInter573,DDInter1232,ABCB1 (P-gp),transporter inhibition
Celecoxib,6-Mercaptopurine,2662,667490,DDInter336,DDInter1156,ABCC4 (MRP4),transporter inhibition
Felodipine,Mitomycin C,3333,5746,DDInter716,DDInter1232,ABCB1 (P-gp),transporter inhibition
Arthrotec,Mitomycin C,3032,5746,DDInter537;DDInter538;DDInter539,DDInter1232,ABCB1 (P-gp),transporter inhibition
Levetiracetam,Sorafenib,59708,216239,DDInter1046,DDInter1702,ABCB1 (P-gp),transporter inhibition
Carvedilol,Dasatinib,2585,3062316,DDInter305,DDInter484,ABCB1 (P-gp),transporter inhibition
Mitoxantrone,Levetiracetam,4212,59708,DDInter1234,DDInter1046,ABCB1 (P-gp),"transporter induction, transporter inhibition"
Paroxetine,Arsenic Trioxide,4691,14888,DDInter1397,DDInter120,ABCB1 (P-gp),transporter inhibition
Cyclophosphamide,Terazosin,2907,5401,DDInter456,DDInter1767,ABCB1 (P-gp),transporter inhibition
Fexofenadine,Vincristine,3348,5978,DDInter732,DDInter1937;DDInter1938,ABCB1 (P-gp),"transporter induction, transporter inhibition"
Verapamil,6-Mercaptopurine,2520,667490,DDInter1928,DDInter1156,ABCC4 (MRP4),transporter inhibition
Dactinomycin (USP),1-(2-Methyl-3-sulfanylpropanoyl)proline,2019,2550,DDInter466,DDInter292,ABCB1 (P-gp),transporter inhibition
Doxazosin,Erlotinib,3157,176870,DDInter592,DDInter667,ABCB1 (P-gp),transporter inhibition
Mitomycin C,Simvastatin,5746,54454,DDInter1232,DDInter1675,ABCB1 (P-gp),transporter inhibition
Diazepam,Mitomycin C,3016,5746,DDInter534,DDInter1232,ABCB1 (P-gp),transporter inhibition
Carboplatin,Dasatinib,38904,3062316,DDInter298,DDInter484,ABCG2 (BCRP),transporter inhibition
Lamotrigine,Vincristine,3878,5978,DDInter1020,DDInter1937;DDInter1938,ABCB1 (P-gp),"transporter induction, transporter inhibition"
Vincristine,Telmisartan,5978,65999,DDInter1937;DDInter1938,DDInter1759,ABCB1 (P-gp),"transporter induction, transporter inhibition"
Trimethoprim,Lenalidomide,5578,216326,DDInter1874,DDInter1035,ABCB1 (P-gp),"transporter induction, transporter inhibition"
Methadone,Methotrexate,4095,4112,DDInter1166,DDInter1174,ABCB1 (P-gp),transporter inhibition
Venlafaxine,Carboplatin,5656,38904,DDInter1927,DDInter298,ABCG2 (BCRP),transporter induction
Methotrexate,Trazodone,4112,5533,DDInter1174,DDInter1851,ABCB1 (P-gp),transporter induction
Clotrimazole,Carboplatin,2812,38904,DDInter416,DDInter298,ABCC2 (MRP2),transporter induction
Nifedipine,Carboplatin,4485,38904,DDInter1291,DDInter298,ABCC2 (MRP2),transporter induction
