CID_A,drug_A,CID_B,drug_B,enzyme_gene,uniprot,direction,severity
2187,Anastrozole,60198,Exemestane,CYP19A1,P11511,inhibition,Unknown
1983,Acetaminophen,3902,Letrozole,CYP3A4,P08684,induction,Unknown
1983,Acetaminophen,3902,Letrozole,CYP2A6,P11509,inhibition,Unknown
2907,Cyclophosphamide,3016,Diazepam,ABCB1 (P-gp),P08183,transporter_inhibition,Unknown
2907,Cyclophosphamide,3016,Diazepam,CYP3A4,P08684,induction,Unknown
2907,Cyclophosphamide,3016,Diazepam,CYP3A4,P08684,inhibition,Unknown
3222,1-(2-{[1-(Ethoxycarbonyl)-3-phenylpropyl]amino}propanoyl)proline maleate,93860,"Bortezomib, (1S,2R)-",CYP3A4,P08684,inhibition,Unknown
3386,Fluoxetine,5291,Imatinib,ABCB1 (P-gp),P08183,transporter_inhibition,Moderate
3386,Fluoxetine,5291,Imatinib,CYP3A4,P08684,inhibition,Moderate
2662,Celecoxib,3715,Indomethacin,ABCC4 (MRP4),O15439,transporter_inhibition,Moderate
2662,Celecoxib,3715,Indomethacin,PTGS2,P35354,inhibition,Moderate
4171,Metoprolol,5291,Imatinib,CYP2D6,P10635,inhibition,Moderate
4171,Metoprolol,5291,Imatinib,ABCB1 (P-gp),P08183,transporter_inhibition,Moderate
2907,Cyclophosphamide,2955,Dapsone,CYP3A4,P08684,inhibition,Unknown
2907,Cyclophosphamide,2955,Dapsone,CYP2C9,P11712,induction,Unknown
2162,Amlodipine,2907,Cyclophosphamide,ABCB1 (P-gp),P08183,transporter_inhibition,Unknown
2162,Amlodipine,2907,Cyclophosphamide,CYP3A4,P08684,induction,Unknown
2162,Amlodipine,2907,Cyclophosphamide,CYP3A4,P08684,inhibition,Unknown
2907,Cyclophosphamide,5578,Trimethoprim,ABCB1 (P-gp),P08183,transporter_induction,Unknown
2907,Cyclophosphamide,5578,Trimethoprim,CYP3A4,P08684,induction,Unknown
2907,Cyclophosphamide,5578,Trimethoprim,CYP2C9,P11712,inhibition,Unknown
2907,Cyclophosphamide,5578,Trimethoprim,ABCB1 (P-gp),P08183,transporter_inhibition,Unknown
2662,Celecoxib,3365,Fluconazole,CYP3A4,P08684,inhibition,Moderate
2907,Cyclophosphamide,4943,Propofol,CYP3A4,P08684,inhibition,Unknown
2907,Cyclophosphamide,4943,Propofol,CYP3A4,P08684,induction,Unknown
2662,Celecoxib,5732,Zolpidem,CYP2D6,P10635,inhibition,Unknown
3902,Letrozole,3957,Loratadine,CYP3A4,P08684,induction,Unknown
3902,Letrozole,3957,Loratadine,CYP3A4,P08684,inhibition,Unknown
2662,Celecoxib,3957,Loratadine,CYP3A4,P08684,induction,Moderate
2662,Celecoxib,3957,Loratadine,CYP3A4,P08684,inhibition,Moderate
4594,Prilosec,5978,Vincristine,CYP3A4,P08684,inhibition,Unknown
2955,Dapsone,93860,"Bortezomib, (1S,2R)-",CYP2C9,P11712,induction,Moderate
2955,Dapsone,93860,"Bortezomib, (1S,2R)-",CYP3A4,P08684,inhibition,Moderate
5376,"(E,Z)-Tamoxifen",5732,Zolpidem,CYP3A4,P08684,induction,Unknown
5376,"(E,Z)-Tamoxifen",5732,Zolpidem,CYP3A4,P08684,inhibition,Unknown
3793,Itrizole,5291,Imatinib,ABCB1 (P-gp),P08183,transporter_inhibition,Moderate
3793,Itrizole,5291,Imatinib,CYP3A4,P08684,inhibition,Moderate
5391,Temazepam,216239,Sorafenib,CYP3A4,P08684,inhibition,Unknown
2244,Aspirin,216239,Sorafenib,CYP2C19,P33261,induction,Unknown
2244,Aspirin,216239,Sorafenib,CYP2C9,P11712,inhibition,Unknown
2244,Aspirin,216239,Sorafenib,ABCB1 (P-gp),P08183,transporter_inhibition,Unknown
2662,Celecoxib,5073,Risperidone,CYP3A4,P08684,inhibition,Moderate
2907,Cyclophosphamide,4594,Prilosec,CYP3A4,P08684,induction,Unknown
2907,Cyclophosphamide,4594,Prilosec,CYP2C19,P33261,inhibition,Unknown
2083,Salbutamol,93860,"Bortezomib, (1S,2R)-",CYP3A4,P08684,inhibition,Unknown
1983,Acetaminophen,2907,Cyclophosphamide,ABCB1 (P-gp),P08183,transporter_inhibition,Unknown
1983,Acetaminophen,2907,Cyclophosphamide,CYP3A4,P08684,induction,Unknown
1983,Acetaminophen,2907,Cyclophosphamide,CYP3A4,P08684,inhibition,Unknown
2907,Cyclophosphamide,5978,Vincristine,CYP3A4,P08684,inhibition,Unknown
2907,Cyclophosphamide,5978,Vincristine,CYP3A4,P08684,induction,Unknown
2907,Cyclophosphamide,5978,Vincristine,ABCB1 (P-gp),P08183,transporter_inhibition,Unknown
2907,Cyclophosphamide,5978,Vincristine,ABCB1 (P-gp),P08183,transporter_induction,Unknown
2187,Anastrozole,60953,Capecitabine,CYP2C9,P11712,inhibition,Unknown
3899,Leflunomide,5735,Zopiclone,CYP2C9,P11712,inhibition,Unknown
4691,"3-(1,3-Benzodioxol-5-yloxymethyl)-4-(4-fluorophenyl)piperidine",123631,Gefitinib,ABCB1 (P-gp),P08183,transporter_inhibition,Unknown
4691,"3-(1,3-Benzodioxol-5-yloxymethyl)-4-(4-fluorophenyl)piperidine",123631,Gefitinib,CYP2C9,P11712,inhibition,Unknown
2662,Celecoxib,3883,Lansoprazole,CYP3A4,P08684,induction,Unknown
2662,Celecoxib,3883,Lansoprazole,CYP3A4,P08684,inhibition,Unknown
1983,Acetaminophen,13342,Vinblastine,CYP3A4,P08684,inhibition,Unknown
1983,Acetaminophen,13342,Vinblastine,CYP3A4,P08684,induction,Unknown
1983,Acetaminophen,13342,Vinblastine,ABCB1 (P-gp),P08183,transporter_inhibition,Unknown
1983,Acetaminophen,13342,Vinblastine,ABCB1 (P-gp),P08183,transporter_induction,Unknown
2585,Carvedilol,2662,Celecoxib,CYP2D6,P10635,inhibition,Moderate
2907,Cyclophosphamide,3652,Hydroxychloroquine,CYP2D6,P10635,inhibition,Unknown
2462,Respules,2907,Cyclophosphamide,CYP3A4,P08684,induction,Unknown
2462,Respules,2907,Cyclophosphamide,CYP3A4,P08684,inhibition,Unknown
3385,5-Fluorouracil,4485,Nifedipine,CYP1A2,P05177,inhibition,Unknown
3385,5-Fluorouracil,4485,Nifedipine,ABCC3,O15438,transporter_induction,Unknown
3385,5-Fluorouracil,4485,Nifedipine,CYP2C9,P11712,induction,Unknown
1983,Acetaminophen,93860,"Bortezomib, (1S,2R)-",CYP3A4,P08684,induction,Unknown
1983,Acetaminophen,93860,"Bortezomib, (1S,2R)-",CYP1A2,P05177,inhibition,Unknown
444,Bupropion,3899,Leflunomide,CYP2C9,P11712,inhibition,Major
3657,Hydroxyurea,4171,Metoprolol,CYP2D6,P10635,inhibition,Unknown
5732,Zolpidem,60953,Capecitabine,CYP2C9,P11712,inhibition,Unknown
4594,Prilosec,93860,"Bortezomib, (1S,2R)-",CYP3A4,P08684,inhibition,Minor
2662,Celecoxib,4499,Nisoldipine,CYP3A4,P08684,inhibition,Unknown
2895,Cyclobenzaprine,2907,Cyclophosphamide,CYP3A4,P08684,induction,Unknown
2895,Cyclobenzaprine,2907,Cyclophosphamide,CYP3A4,P08684,inhibition,Unknown
2187,Anastrozole,4679,Pantoprazole,CYP1A2,P05177,induction,Unknown
2187,Anastrozole,4679,Pantoprazole,CYP2C9,P11712,inhibition,Unknown
3385,5-Fluorouracil,54454,Simvastatin,CYP2C9,P11712,inhibition,Unknown
3385,5-Fluorouracil,54454,Simvastatin,CYP2C9,P11712,induction,Unknown
2244,Aspirin,5376,"(E,Z)-Tamoxifen",CYP2C9,P11712,inhibition,Unknown
2244,Aspirin,5376,"(E,Z)-Tamoxifen",ABCB1 (P-gp),P08183,transporter_inhibition,Unknown
2244,Aspirin,5376,"(E,Z)-Tamoxifen",ABCB1 (P-gp),P08183,transporter_induction,Unknown
2244,Aspirin,5376,"(E,Z)-Tamoxifen",CYP2C19,P33261,induction,Unknown
4594,Prilosec,5376,"(E,Z)-Tamoxifen",CYP3A4,P08684,induction,Unknown
4594,Prilosec,5376,"(E,Z)-Tamoxifen",CYP3A4,P08684,inhibition,Unknown
4927,Promethazine,5376,"(E,Z)-Tamoxifen",CYP2C9,P11712,inhibition,Moderate
4927,Promethazine,5376,"(E,Z)-Tamoxifen",ABCB1 (P-gp),P08183,transporter_inhibition,Moderate
4927,Promethazine,5376,"(E,Z)-Tamoxifen",ABCB1 (P-gp),P08183,transporter_induction,Moderate
2662,Celecoxib,3672,"Ibuprofen, (+-)-",ABCC4 (MRP4),O15439,transporter_inhibition,Moderate
2662,Celecoxib,3672,"Ibuprofen, (+-)-",CYP2C9,P11712,inhibition,Moderate
3883,Lansoprazole,3899,Leflunomide,CYP1A2,P05177,induction,Unknown
3883,Lansoprazole,3899,Leflunomide,ABCG2 (BCRP),Q9UNQ0,transporter_inhibition,Unknown
3883,Lansoprazole,3899,Leflunomide,CYP2C9,P11712,inhibition,Unknown
2662,Celecoxib,2771,Citalopram,CYP2D6,P10635,inhibition,Moderate
2162,Amlodipine,5291,Imatinib,ABCB1 (P-gp),P08183,transporter_inhibition,Moderate
2162,Amlodipine,5291,Imatinib,CYP3A4,P08684,inhibition,Moderate
3749,Irbesartan,93860,"Bortezomib, (1S,2R)-",CYP1A2,P05177,inhibition,Unknown
5732,Zolpidem,216239,Sorafenib,CYP1A2,P05177,inhibition,Unknown
942,3-(1-Methylpyrrolidin-2-yl)pyridine,2662,Celecoxib,CYP2D6,P10635,inhibition,Unknown
2907,Cyclophosphamide,3222,1-(2-{[1-(Ethoxycarbonyl)-3-phenylpropyl]amino}propanoyl)proline maleate,ABCB1 (P-gp),P08183,transporter_inhibition,Unknown
2907,Cyclophosphamide,3222,1-(2-{[1-(Ethoxycarbonyl)-3-phenylpropyl]amino}propanoyl)proline maleate,CYP3A4,P08684,induction,Unknown
2907,Cyclophosphamide,3222,1-(2-{[1-(Ethoxycarbonyl)-3-phenylpropyl]amino}propanoyl)proline maleate,CYP3A4,P08684,inhibition,Unknown
3152,Donepezil,5376,"(E,Z)-Tamoxifen",CYP3A4,P08684,induction,Moderate
3152,Donepezil,5376,"(E,Z)-Tamoxifen",CYP3A4,P08684,inhibition,Moderate
3899,Leflunomide,5090,Rofecoxib,CYP1A2,P05177,inhibition,Major
2764,Ciprofloxacin,5426,Thalidomide,CYP1A2,P05177,inhibition,Moderate
2764,Ciprofloxacin,5426,Thalidomide,CYP3A5,P20815,induction,Moderate
2907,Cyclophosphamide,3559,Haloperidol,CYP3A4,P08684,inhibition,Unknown
2907,Cyclophosphamide,3559,Haloperidol,CYP2D6,P10635,induction,Unknown
2907,Cyclophosphamide,3559,Haloperidol,ABCB1 (P-gp),P08183,transporter_inhibition,Unknown
4173,Metronidazole,5394,Temozolomide,CYP3A4,P08684,inhibition,Unknown
4173,Metronidazole,5394,Temozolomide,CYP3A4,P08684,induction,Unknown
4917,Prochlorperazine,93860,"Bortezomib, (1S,2R)-",CYP3A4,P08684,inhibition,Unknown
3386,Fluoxetine,3902,Letrozole,CYP3A4,P08684,inhibition,Unknown
2662,Celecoxib,3345,Fentanyl,CYP3A4,P08684,inhibition,Unknown
5426,Thalidomide,5512,2-(3-(Di(propan-2-yl)amino)-1-phenylpropyl)-4-methylphenol,CYP2C19,P33261,inhibition,Unknown
2662,Celecoxib,3157,Doxazosin,CYP2D6,P10635,inhibition,Unknown
2662,Celecoxib,3784,Isradipine,CYP3A4,P08684,inhibition,Unknown
2806,(RS)-Clopidogrel,3899,Leflunomide,CYP2C9,P11712,inhibition,Unknown
5376,"(E,Z)-Tamoxifen",60198,Exemestane,CYP3A4,P08684,induction,Unknown
5376,"(E,Z)-Tamoxifen",60198,Exemestane,CYP19A1,P11511,inhibition,Unknown
4171,Metoprolol,5376,"(E,Z)-Tamoxifen",ABCB1 (P-gp),P08183,transporter_inhibition,Unknown
4171,Metoprolol,5376,"(E,Z)-Tamoxifen",CYP2D6,P10635,inhibition,Unknown
4171,Metoprolol,5376,"(E,Z)-Tamoxifen",ABCB1 (P-gp),P08183,transporter_induction,Unknown
2907,Cyclophosphamide,4829,Pioglitazone,CYP2C9,P11712,inhibition,Unknown
2907,Cyclophosphamide,4829,Pioglitazone,CYP3A4,P08684,induction,Unknown
3385,5-Fluorouracil,4595,Ondansetron,CYP1A2,P05177,inhibition,Unknown
3385,5-Fluorouracil,4946,Propranolol,CYP1A2,P05177,inhibition,Unknown
3883,Lansoprazole,216239,Sorafenib,CYP1A2,P05177,induction,Unknown
3883,Lansoprazole,216239,Sorafenib,ABCB1 (P-gp),P08183,transporter_inhibition,Unknown
3883,Lansoprazole,216239,Sorafenib,CYP1A2,P05177,inhibition,Unknown
3702,Indapamide,5376,"(E,Z)-Tamoxifen",CYP3A4,P08684,induction,Unknown
3702,Indapamide,5376,"(E,Z)-Tamoxifen",CYP3A4,P08684,inhibition,Unknown
2662,Celecoxib,5512,2-(3-(Di(propan-2-yl)amino)-1-phenylpropyl)-4-methylphenol,CYP2D6,P10635,inhibition,Minor
2662,Celecoxib,3488,Glibenclamide,CYP3A4,P08684,inhibition,Moderate
2806,(RS)-Clopidogrel,176870,Erlotinib,CYP2C8,P10632,inhibition,Unknown
3902,Letrozole,1349907,Methimazole,CYP3A4,P08684,inhibition,Unknown
2662,Celecoxib,4634,Oxybutynin,CYP3A4,P08684,inhibition,Unknown
5732,Zolpidem,93860,"Bortezomib, (1S,2R)-",CYP1A2,P05177,inhibition,Unknown
3676,Lidocaine,5376,"(E,Z)-Tamoxifen",ABCB1 (P-gp),P08183,transporter_induction,Unknown
3676,Lidocaine,5376,"(E,Z)-Tamoxifen",ABCB1 (P-gp),P08183,transporter_inhibition,Unknown
3676,Lidocaine,5376,"(E,Z)-Tamoxifen",CYP3A4,P08684,induction,Unknown
3676,Lidocaine,5376,"(E,Z)-Tamoxifen",CYP3A4,P08684,inhibition,Unknown
2662,Celecoxib,5095,Ropinirole,CYP2D6,P10635,inhibition,Unknown
3255,"6-((4-(Dimethylamino)-3-hydroxy-6-methyloxan-2-yl)oxy)-14-ethyl-7,12,13-trihydroxy-4-((5-hydroxy-4-methoxy-4,6-dimethyloxan-2-yl)oxy)-3,5,7,9,11,13-hexamethyl-1-oxacyclotetradecane-2,10-dione",3899,Leflunomide,CYP1A2,P05177,inhibition,Major
4236,Modafinil,60953,Capecitabine,CYP2C9,P11712,induction,Unknown
4236,Modafinil,60953,Capecitabine,CYP2C9,P11712,inhibition,Unknown
3962,"8-(2-(4-Hydroxy-6-oxooxan-2-yl)ethyl)-3,7-dimethyl-1,2,3,7,8,8a-hexahydronaphthalen-1-yl 2-methylbutanoate",93860,"Bortezomib, (1S,2R)-",CYP2C9,P11712,induction,Moderate
3962,"8-(2-(4-Hydroxy-6-oxooxan-2-yl)ethyl)-3,7-dimethyl-1,2,3,7,8,8a-hexahydronaphthalen-1-yl 2-methylbutanoate",93860,"Bortezomib, (1S,2R)-",CYP3A4,P08684,inhibition,Moderate
2662,Celecoxib,4946,Propranolol,CYP2D6,P10635,inhibition,Moderate
2662,Celecoxib,4819,"2(3H)-Furanone, 3-ethyldihydro-4-((1-methyl-1H-imidazol-5-yl)methyl)-, (3S-cis)-",CYP3A4,P08684,inhibition,Unknown
2662,Celecoxib,3333,Felodipine,CYP3A4,P08684,inhibition,Unknown
2662,Celecoxib,3385,5-Fluorouracil,CYP2C9,P11712,inhibition,Unknown
2662,Celecoxib,3385,5-Fluorouracil,ABCC4 (MRP4),O15439,transporter_inhibition,Unknown
3385,5-Fluorouracil,3961,Losartan,CYP1A2,P05177,inhibition,Unknown
4595,Ondansetron,5376,"(E,Z)-Tamoxifen",CYP3A4,P08684,induction,Moderate
4595,Ondansetron,5376,"(E,Z)-Tamoxifen",CYP3A4,P08684,inhibition,Moderate
2477,Buspirone,2662,Celecoxib,CYP2D6,P10635,inhibition,Unknown
4212,Mitoxantrone,4595,Ondansetron,CYP3A4,P08684,inhibition,Unknown
2250,Atorvastatin EP Impurity B,2907,Cyclophosphamide,ABCB1 (P-gp),P08183,transporter_inhibition,Unknown
2250,Atorvastatin EP Impurity B,2907,Cyclophosphamide,CYP3A4,P08684,induction,Unknown
2250,Atorvastatin EP Impurity B,2907,Cyclophosphamide,CYP3A4,P08684,inhibition,Unknown
3899,Leflunomide,5578,Trimethoprim,CYP2C9,P11712,inhibition,Unknown
2585,Carvedilol,2907,Cyclophosphamide,ABCB1 (P-gp),P08183,transporter_inhibition,Unknown
2585,Carvedilol,2907,Cyclophosphamide,CYP3A4,P08684,induction,Unknown
2585,Carvedilol,2907,Cyclophosphamide,CYP3A4,P08684,inhibition,Unknown
4205,Mirtazapine,60198,Exemestane,CYP3A4,P08684,inhibition,Unknown
2907,Cyclophosphamide,4168,Metoclopramide,CYP2D6,P10635,inhibition,Unknown
2662,Celecoxib,150311,Ezetimibe,CYP3A4,P08684,inhibition,Unknown
2153,Theophylline,2662,Celecoxib,CYP2D6,P10635,inhibition,Unknown
3488,Glibenclamide,5376,"(E,Z)-Tamoxifen",ABCB1 (P-gp),P08183,transporter_induction,Unknown
3488,Glibenclamide,5376,"(E,Z)-Tamoxifen",ABCB1 (P-gp),P08183,transporter_inhibition,Unknown
3488,Glibenclamide,5376,"(E,Z)-Tamoxifen",CYP3A4,P08684,induction,Unknown
3488,Glibenclamide,5376,"(E,Z)-Tamoxifen",CYP3A4,P08684,inhibition,Unknown
4594,Prilosec,5426,Thalidomide,CYP2C19,P33261,inhibition,Unknown
3657,Hydroxyurea,4917,Prochlorperazine,CYP2D6,P10635,inhibition,Unknown
2585,Carvedilol,5291,Imatinib,ABCB1 (P-gp),P08183,transporter_inhibition,Moderate
2585,Carvedilol,5291,Imatinib,CYP3A4,P08684,inhibition,Moderate
1983,Acetaminophen,216326,Lenalidomide,ABCB1 (P-gp),P08183,transporter_inhibition,Unknown
1983,Acetaminophen,216326,Lenalidomide,PTGS2,P35354,inhibition,Unknown
4212,Mitoxantrone,4917,Prochlorperazine,CYP3A4,P08684,inhibition,Unknown
1983,Acetaminophen,5978,Vincristine,CYP3A4,P08684,inhibition,Unknown
1983,Acetaminophen,5978,Vincristine,CYP3A4,P08684,induction,Unknown
1983,Acetaminophen,5978,Vincristine,ABCB1 (P-gp),P08183,transporter_inhibition,Unknown
1983,Acetaminophen,5978,Vincristine,ABCB1 (P-gp),P08183,transporter_induction,Unknown
4236,Modafinil,176870,Erlotinib,CYP1A2,P05177,induction,Minor
4236,Modafinil,176870,Erlotinib,CYP1A2,P05177,inhibition,Minor
2771,Citalopram,5291,Imatinib,CYP3A4,P08684,inhibition,Minor
3690,Ifosfamide,5291,Imatinib,CYP3A4,P08684,inhibition,Moderate
3690,Ifosfamide,5291,Imatinib,CYP3A4,P08684,induction,Moderate
3676,Lidocaine,3899,Leflunomide,CYP2C9,P11712,inhibition,Unknown
5394,Temozolomide,54454,Simvastatin,CYP3A4,P08684,induction,Unknown
5394,Temozolomide,54454,Simvastatin,CYP3A4,P08684,inhibition,Unknown
3657,Hydroxyurea,54454,Simvastatin,CYP2D6,P10635,inhibition,Unknown
3957,Loratadine,216239,Sorafenib,CYP3A4,P08684,inhibition,Unknown
3957,Loratadine,216239,Sorafenib,CYP3A4,P08684,induction,Unknown
3957,Loratadine,216239,Sorafenib,ABCB1 (P-gp),P08183,transporter_inhibition,Unknown
2162,Amlodipine,93860,"Bortezomib, (1S,2R)-",CYP1A2,P05177,inhibition,Unknown
2187,Anastrozole,3957,Loratadine,CYP3A4,P08684,induction,Unknown
2187,Anastrozole,3957,Loratadine,CYP3A4,P08684,inhibition,Unknown
3899,Leflunomide,4173,Metronidazole,CYP2C9,P11712,inhibition,Moderate
2187,Anastrozole,150311,Ezetimibe,CYP3A4,P08684,inhibition,Unknown
2907,Cyclophosphamide,13342,Vinblastine,CYP3A4,P08684,inhibition,Moderate
2907,Cyclophosphamide,13342,Vinblastine,CYP3A4,P08684,induction,Moderate
2907,Cyclophosphamide,13342,Vinblastine,ABCB1 (P-gp),P08183,transporter_inhibition,Moderate
2907,Cyclophosphamide,13342,Vinblastine,ABCB1 (P-gp),P08183,transporter_induction,Moderate
3333,Felodipine,216239,Sorafenib,CYP3A4,P08684,inhibition,Unknown
3333,Felodipine,216239,Sorafenib,ABCB1 (P-gp),P08183,transporter_inhibition,Unknown
2662,Celecoxib,5656,Venlafaxine,CYP3A4,P08684,inhibition,Moderate
2662,Celecoxib,4171,Metoprolol,CYP2D6,P10635,inhibition,Moderate
2662,Celecoxib,5478,(+-)-Timolol,CYP2D6,P10635,inhibition,Moderate
2171,"6-(2-Amino(4-hydroxyphenyl)acetamido)-3,3-dimethyl-7-oxo-4-thia-1-azabicyclo(3.2.0)heptane-2-carboxylic acid",93860,"Bortezomib, (1S,2R)-",CYP2C19,P33261,inhibition,Unknown
4583,Ofloxacin,5426,Thalidomide,CYP1A2,P05177,inhibition,Moderate
4236,Modafinil,10631,Medroxyprogesterone,CYP3A4,P08684,induction,Moderate
4236,Modafinil,10631,Medroxyprogesterone,CYP2C9,P11712,inhibition,Moderate
4173,Metronidazole,93860,"Bortezomib, (1S,2R)-",CYP3A4,P08684,inhibition,Moderate
3339,Fenofibrate,3385,5-Fluorouracil,CYP2C9,P11712,inhibition,Unknown
4594,Prilosec,5291,Imatinib,CYP3A4,P08684,inhibition,Unknown
2806,(RS)-Clopidogrel,5978,Vincristine,CYP3A4,P08684,inhibition,Unknown
2806,(RS)-Clopidogrel,5978,Vincristine,ABCB1 (P-gp),P08183,transporter_inhibition,Unknown
2806,(RS)-Clopidogrel,5978,Vincristine,ABCB1 (P-gp),P08183,transporter_induction,Unknown
3476,"1H-Pyrrole-1-carboxamide, 3-ethyl-2,5-dihydro-4-methyl-N-2-4-(trans-4-methylcyclohexyl)aminocarbonylaminosulfonylphenylethyl-2-oxo-",5291,Imatinib,CYP2C9,P11712,inhibition,Moderate
3365,Fluconazole,14888,Arsenic Trioxide,CYP3A4,P08684,inhibition,Major
3365,Fluconazole,14888,Arsenic Trioxide,ABCB1 (P-gp),P08183,transporter_inhibition,Major
3899,Leflunomide,4485,Nifedipine,CYP1A2,P05177,inhibition,Unknown
3899,Leflunomide,4485,Nifedipine,CYP2C9,P11712,induction,Unknown
60953,Capecitabine,124087,Desloratadine,CYP2C9,P11712,inhibition,Unknown
5391,Temazepam,5426,Thalidomide,CYP2C19,P33261,inhibition,Moderate
2662,Celecoxib,4679,Pantoprazole,CYP2C9,P11712,inhibition,Unknown
2662,Celecoxib,4679,Pantoprazole,CYP3A4,P08684,induction,Unknown
2267,Azelastine,2662,Celecoxib,CYP2D6,P10635,inhibition,Unknown
2756,Cimetidine,2907,Cyclophosphamide,ABCB1 (P-gp),P08183,transporter_induction,Unknown
2756,Cimetidine,2907,Cyclophosphamide,ABCB1 (P-gp),P08183,transporter_inhibition,Unknown
2756,Cimetidine,2907,Cyclophosphamide,CYP3A4,P08684,induction,Unknown
2756,Cimetidine,2907,Cyclophosphamide,CYP3A4,P08684,inhibition,Unknown
2907,Cyclophosphamide,74989,"3-(4-(4-Chlorophenyl)cyclohexyl)-4-hydroxynaphthalene-1,2-dione",CYP2C9,P11712,inhibition,Unknown
2907,Cyclophosphamide,74989,"3-(4-(4-Chlorophenyl)cyclohexyl)-4-hydroxynaphthalene-1,2-dione",CYP2C9,P11712,induction,Unknown
2806,(RS)-Clopidogrel,5291,Imatinib,ABCB1 (P-gp),P08183,transporter_inhibition,Unknown
2806,(RS)-Clopidogrel,5291,Imatinib,CYP3A4,P08684,inhibition,Unknown
2187,Anastrozole,5512,2-(3-(Di(propan-2-yl)amino)-1-phenylpropyl)-4-methylphenol,CYP3A4,P08684,inhibition,Unknown
3961,Losartan,93860,"Bortezomib, (1S,2R)-",CYP1A2,P05177,inhibition,Unknown
2244,Aspirin,3899,Leflunomide,CYP2C9,P11712,inhibition,Major
2662,Celecoxib,4449,Nefazodone,CYP3A4,P08684,inhibition,Unknown
4168,Metoclopramide,176870,Erlotinib,CYP2D6,P10635,inhibition,Unknown
3121,Valproic Acid,5394,Temozolomide,CYP3A4,P08684,inhibition,Minor
3121,Valproic Acid,5394,Temozolomide,CYP3A4,P08684,induction,Minor
2662,Celecoxib,3825,Ketoprofen,ABCC4 (MRP4),O15439,transporter_inhibition,Moderate
2662,Celecoxib,3825,Ketoprofen,CYP2C9,P11712,inhibition,Moderate
2771,Citalopram,4212,Mitoxantrone,CYP3A4,P08684,inhibition,Unknown
3657,Hydroxyurea,5291,Imatinib,CYP2D6,P10635,inhibition,Moderate
2162,Amlodipine,5426,Thalidomide,CYP3A5,P20815,induction,Moderate
2162,Amlodipine,5426,Thalidomide,CYP1A2,P05177,inhibition,Moderate
3672,"Ibuprofen, (+-)-",5376,"(E,Z)-Tamoxifen",CYP2C9,P11712,inhibition,Unknown
3672,"Ibuprofen, (+-)-",5376,"(E,Z)-Tamoxifen",ABCB1 (P-gp),P08183,transporter_inhibition,Unknown
3672,"Ibuprofen, (+-)-",5376,"(E,Z)-Tamoxifen",ABCB1 (P-gp),P08183,transporter_induction,Unknown
3488,Glibenclamide,123631,Gefitinib,ABCB1 (P-gp),P08183,transporter_inhibition,Unknown
3488,Glibenclamide,123631,Gefitinib,CYP2C9,P11712,inhibition,Unknown
3676,Lidocaine,93860,"Bortezomib, (1S,2R)-",CYP1A2,P05177,inhibition,Unknown
2160,Amitriptyline,5426,Thalidomide,CYP3A5,P20815,induction,Moderate
2160,Amitriptyline,5426,Thalidomide,CYP2C19,P33261,inhibition,Moderate
2764,Ciprofloxacin,5376,"(E,Z)-Tamoxifen",ABCB1 (P-gp),P08183,transporter_induction,Moderate
2764,Ciprofloxacin,5376,"(E,Z)-Tamoxifen",ABCB1 (P-gp),P08183,transporter_inhibition,Moderate
2764,Ciprofloxacin,5376,"(E,Z)-Tamoxifen",CYP3A4,P08684,induction,Moderate
2764,Ciprofloxacin,5376,"(E,Z)-Tamoxifen",CYP3A4,P08684,inhibition,Moderate
2907,Cyclophosphamide,3749,Irbesartan,CYP3A4,P08684,induction,Unknown
2907,Cyclophosphamide,3749,Irbesartan,CYP3A4,P08684,inhibition,Unknown
2250,Atorvastatin EP Impurity B,60953,Capecitabine,CYP2C9,P11712,inhibition,Unknown
2250,Atorvastatin EP Impurity B,60953,Capecitabine,CYP2C9,P11712,induction,Unknown
3899,Leflunomide,5656,Venlafaxine,ABCG2 (BCRP),Q9UNQ0,transporter_induction,Unknown
3899,Leflunomide,5656,Venlafaxine,CYP2C9,P11712,inhibition,Unknown
5376,"(E,Z)-Tamoxifen",10631,Medroxyprogesterone,CYP3A4,P08684,induction,Minor
5376,"(E,Z)-Tamoxifen",10631,Medroxyprogesterone,CYP2C9,P11712,inhibition,Minor
2083,Salbutamol,2187,Anastrozole,CYP3A4,P08684,inhibition,Unknown
2771,Citalopram,5426,Thalidomide,CYP2C19,P33261,inhibition,Moderate
2907,Cyclophosphamide,5426,Thalidomide,CYP3A5,P20815,induction,Major
2907,Cyclophosphamide,5426,Thalidomide,CYP2C19,P33261,inhibition,Major
3385,5-Fluorouracil,60953,Capecitabine,CYP2C9,P11712,inhibition,Moderate
3222,1-(2-{[1-(Ethoxycarbonyl)-3-phenylpropyl]amino}propanoyl)proline maleate,5978,Vincristine,CYP3A4,P08684,inhibition,Unknown
3222,1-(2-{[1-(Ethoxycarbonyl)-3-phenylpropyl]amino}propanoyl)proline maleate,5978,Vincristine,ABCB1 (P-gp),P08183,transporter_inhibition,Unknown
3222,1-(2-{[1-(Ethoxycarbonyl)-3-phenylpropyl]amino}propanoyl)proline maleate,5978,Vincristine,ABCB1 (P-gp),P08183,transporter_induction,Unknown
5426,Thalidomide,5478,(+-)-Timolol,CYP2C19,P33261,inhibition,Moderate
2662,Celecoxib,5523,2-((Dimethylamino)methyl)-1-(3-methoxyphenyl)cyclohexanol,CYP3A4,P08684,inhibition,Moderate
444,Bupropion,5376,"(E,Z)-Tamoxifen",CYP3A4,P08684,induction,Major
444,Bupropion,5376,"(E,Z)-Tamoxifen",CYP3A4,P08684,inhibition,Major
71616,Voriconazole,93860,"Bortezomib, (1S,2R)-",CYP3A4,P08684,inhibition,Moderate
3899,Leflunomide,5512,2-(3-(Di(propan-2-yl)amino)-1-phenylpropyl)-4-methylphenol,CYP2C9,P11712,inhibition,Unknown
2907,Cyclophosphamide,3365,Fluconazole,ABCB1 (P-gp),P08183,transporter_inhibition,Unknown
2907,Cyclophosphamide,3365,Fluconazole,CYP3A4,P08684,induction,Unknown
2907,Cyclophosphamide,3365,Fluconazole,CYP3A4,P08684,inhibition,Unknown
4173,Metronidazole,5426,Thalidomide,CYP2C9,P11712,inhibition,Moderate
2375,Bicalutamide,3488,Glibenclamide,CYP3A4,P08684,inhibition,Unknown
3121,Valproic Acid,10631,Medroxyprogesterone,CYP3A4,P08684,induction,Moderate
3121,Valproic Acid,10631,Medroxyprogesterone,CYP2C9,P11712,inhibition,Moderate
4946,Propranolol,176870,Erlotinib,ABCB1 (P-gp),P08183,transporter_inhibition,Unknown
4946,Propranolol,176870,Erlotinib,CYP1A2,P05177,inhibition,Unknown
2806,(RS)-Clopidogrel,93860,"Bortezomib, (1S,2R)-",CYP1A2,P05177,inhibition,Moderate
5291,Imatinib,124087,Desloratadine,ABCB1 (P-gp),P08183,transporter_inhibition,Unknown
5291,Imatinib,124087,Desloratadine,CYP1A2,P05177,inhibition,Unknown
4485,Nifedipine,176870,Erlotinib,ABCB1 (P-gp),P08183,transporter_inhibition,Unknown
4485,Nifedipine,176870,Erlotinib,CYP2C8,P10632,inhibition,Unknown
4485,Nifedipine,176870,Erlotinib,CYP3A4,P08684,induction,Unknown
4485,Nifedipine,176870,Erlotinib,ABCB1 (P-gp),P08183,transporter_induction,Unknown
2806,(RS)-Clopidogrel,5426,Thalidomide,CYP3A5,P20815,induction,Unknown
2806,(RS)-Clopidogrel,5426,Thalidomide,CYP2C19,P33261,inhibition,Unknown
4679,Pantoprazole,5291,Imatinib,ABCB1 (P-gp),P08183,transporter_inhibition,Unknown
4679,Pantoprazole,5291,Imatinib,CYP1A2,P05177,induction,Unknown
4679,Pantoprazole,5291,Imatinib,CYP3A4,P08684,inhibition,Unknown
2187,Anastrozole,2585,Carvedilol,CYP1A2,P05177,inhibition,Unknown
2662,Celecoxib,4917,Prochlorperazine,CYP2D6,P10635,inhibition,Moderate
2662,Celecoxib,3559,Haloperidol,CYP3A4,P08684,inhibition,Moderate
2662,Celecoxib,3559,Haloperidol,CYP2D6,P10635,induction,Moderate
4058,Meperidine,13342,Vinblastine,CYP3A4,P08684,inhibition,Unknown
2662,Celecoxib,4173,Metronidazole,CYP3A4,P08684,inhibition,Moderate
2244,Aspirin,5426,Thalidomide,CYP2C19,P33261,induction,Unknown
2244,Aspirin,5426,Thalidomide,CYP2C19,P33261,inhibition,Unknown
3385,5-Fluorouracil,4173,Metronidazole,CYP2C9,P11712,inhibition,Moderate
2662,Celecoxib,3463,Gemfibrozil,CYP3A4,P08684,induction,Moderate
2662,Celecoxib,3463,Gemfibrozil,CYP3A4,P08684,inhibition,Moderate
2554,Carbamazepine,10631,Medroxyprogesterone,CYP3A4,P08684,induction,Moderate
2554,Carbamazepine,10631,Medroxyprogesterone,CYP2C9,P11712,inhibition,Moderate
3440,Furosemide,4112,"Methotrexate, (A+-)-",ABCC2 (MRP2),Q92887,transporter_inhibition,Unknown
3440,Furosemide,4112,"Methotrexate, (A+-)-",SLCO1B1 (OATP1B1),Q4U2R8,transporter_induction,Unknown
3440,Furosemide,4112,"Methotrexate, (A+-)-",PGD,P52209,inhibition,Unknown
2895,Cyclobenzaprine,4212,Mitoxantrone,CYP3A4,P08684,inhibition,Unknown
4679,Pantoprazole,5426,Thalidomide,CYP1A2,P05177,induction,Unknown
4679,Pantoprazole,5426,Thalidomide,CYP2C19,P33261,inhibition,Unknown
4583,Ofloxacin,176870,Erlotinib,CYP1A2,P05177,inhibition,Unknown
2160,Amitriptyline,3899,Leflunomide,CYP2C9,P11712,inhibition,Unknown
2244,Aspirin,60953,Capecitabine,CYP2C9,P11712,inhibition,Unknown
2375,Bicalutamide,4171,Metoprolol,CYP2D6,P10635,inhibition,Unknown
4691,"3-(1,3-Benzodioxol-5-yloxymethyl)-4-(4-fluorophenyl)piperidine",5426,Thalidomide,CYP2C9,P11712,inhibition,Moderate
54454,Simvastatin,60953,Capecitabine,CYP2C9,P11712,inhibition,Unknown
54454,Simvastatin,60953,Capecitabine,CYP2C9,P11712,induction,Unknown
2162,Amlodipine,60953,Capecitabine,CYP2C9,P11712,inhibition,Unknown
2478,Busulfan,3365,Fluconazole,CYP3A4,P08684,inhibition,Unknown
1775,Phenytoin,2907,Cyclophosphamide,ABCB1 (P-gp),P08183,transporter_inhibition,Moderate
1775,Phenytoin,2907,Cyclophosphamide,CYP3A4,P08684,induction,Moderate
1775,Phenytoin,2907,Cyclophosphamide,CYP3A4,P08684,inhibition,Moderate
5426,Thalidomide,5656,Venlafaxine,CYP2C19,P33261,inhibition,Moderate
3962,"8-(2-(4-Hydroxy-6-oxooxan-2-yl)ethyl)-3,7-dimethyl-1,2,3,7,8,8a-hexahydronaphthalen-1-yl 2-methylbutanoate",5426,Thalidomide,CYP3A5,P20815,induction,Moderate
3962,"8-(2-(4-Hydroxy-6-oxooxan-2-yl)ethyl)-3,7-dimethyl-1,2,3,7,8,8a-hexahydronaphthalen-1-yl 2-methylbutanoate",5426,Thalidomide,CYP2C19,P33261,inhibition,Moderate
3690,Ifosfamide,5978,Vincristine,CYP3A4,P08684,inhibition,Unknown
3690,Ifosfamide,5978,Vincristine,CYP3A4,P08684,induction,Unknown
2244,Aspirin,5291,Imatinib,CYP2C9,P11712,inhibition,Unknown
2244,Aspirin,5291,Imatinib,CYP2C19,P33261,induction,Unknown
2244,Aspirin,5291,Imatinib,ABCB1 (P-gp),P08183,transporter_inhibition,Unknown
2662,Celecoxib,2895,Cyclobenzaprine,CYP2D6,P10635,inhibition,Unknown
4917,Prochlorperazine,5291,Imatinib,CYP3A4,P08684,inhibition,Moderate
3676,Lidocaine,5426,Thalidomide,CYP1A2,P05177,inhibition,Unknown
3676,Lidocaine,5426,Thalidomide,CYP3A5,P20815,induction,Unknown
2907,Cyclophosphamide,3883,Lansoprazole,CYP3A4,P08684,induction,Unknown
2907,Cyclophosphamide,3883,Lansoprazole,CYP3A4,P08684,inhibition,Unknown
2907,Cyclophosphamide,3883,Lansoprazole,ABCB1 (P-gp),P08183,transporter_inhibition,Unknown
3962,"8-(2-(4-Hydroxy-6-oxooxan-2-yl)ethyl)-3,7-dimethyl-1,2,3,7,8,8a-hexahydronaphthalen-1-yl 2-methylbutanoate",176870,Erlotinib,ABCB1 (P-gp),P08183,transporter_inhibition,Unknown
3962,"8-(2-(4-Hydroxy-6-oxooxan-2-yl)ethyl)-3,7-dimethyl-1,2,3,7,8,8a-hexahydronaphthalen-1-yl 2-methylbutanoate",176870,Erlotinib,CYP2C8,P10632,inhibition,Unknown
3385,5-Fluorouracil,3672,"Ibuprofen, (+-)-",ABCC4 (MRP4),O15439,transporter_inhibition,Unknown
3385,5-Fluorouracil,3672,"Ibuprofen, (+-)-",CYP2C9,P11712,inhibition,Unknown
2662,Celecoxib,4829,Pioglitazone,CYP2C9,P11712,inhibition,Unknown
2662,Celecoxib,4829,Pioglitazone,CYP3A4,P08684,induction,Unknown
2118,Alprazolam,5376,"(E,Z)-Tamoxifen",CYP3A4,P08684,induction,Unknown
2118,Alprazolam,5376,"(E,Z)-Tamoxifen",CYP3A4,P08684,inhibition,Unknown
2662,Celecoxib,3826,Ketorolac,PTGS2,P35354,inhibition,Major
1775,Phenytoin,2662,Celecoxib,CYP2C9,P11712,inhibition,Unknown
1775,Phenytoin,2662,Celecoxib,CYP3A4,P08684,induction,Unknown
2250,Atorvastatin EP Impurity B,104741,Fulvestrant,CYP3A4,P08684,induction,Unknown
2250,Atorvastatin EP Impurity B,104741,Fulvestrant,CYP3A4,P08684,inhibition,Unknown
2520,Verapamil,3902,Letrozole,CYP3A4,P08684,inhibition,Unknown
3961,Losartan,176870,Erlotinib,CYP2C8,P10632,inhibition,Unknown
3961,Losartan,176870,Erlotinib,ABCB1 (P-gp),P08183,transporter_inhibition,Unknown
3339,Fenofibrate,93860,"Bortezomib, (1S,2R)-",CYP3A4,P08684,inhibition,Unknown
4679,Pantoprazole,5376,"(E,Z)-Tamoxifen",ABCB1 (P-gp),P08183,transporter_induction,Unknown
4679,Pantoprazole,5376,"(E,Z)-Tamoxifen",ABCB1 (P-gp),P08183,transporter_inhibition,Unknown
4679,Pantoprazole,5376,"(E,Z)-Tamoxifen",CYP3A4,P08684,induction,Unknown
4679,Pantoprazole,5376,"(E,Z)-Tamoxifen",CYP3A4,P08684,inhibition,Unknown
3954,Loperamide(1+),5376,"(E,Z)-Tamoxifen",ABCB1 (P-gp),P08183,transporter_induction,Moderate
3954,Loperamide(1+),5376,"(E,Z)-Tamoxifen",ABCB1 (P-gp),P08183,transporter_inhibition,Moderate
3954,Loperamide(1+),5376,"(E,Z)-Tamoxifen",CYP3A4,P08684,induction,Moderate
3954,Loperamide(1+),5376,"(E,Z)-Tamoxifen",CYP3A4,P08684,inhibition,Moderate
3899,Leflunomide,5391,Temazepam,CYP2C9,P11712,inhibition,Unknown
4173,Metronidazole,4212,Mitoxantrone,CYP3A4,P08684,inhibition,Unknown
4595,Ondansetron,123631,Gefitinib,CYP2C9,P11712,inhibition,Unknown
5291,Imatinib,5426,Thalidomide,CYP3A5,P20815,induction,Moderate
5291,Imatinib,5426,Thalidomide,CYP2C19,P33261,inhibition,Moderate
2083,Salbutamol,5376,"(E,Z)-Tamoxifen",CYP3A4,P08684,induction,Moderate
2083,Salbutamol,5376,"(E,Z)-Tamoxifen",CYP3A4,P08684,inhibition,Moderate
5002,Quetiapine,5376,"(E,Z)-Tamoxifen",ABCB1 (P-gp),P08183,transporter_induction,Moderate
5002,Quetiapine,5376,"(E,Z)-Tamoxifen",ABCB1 (P-gp),P08183,transporter_inhibition,Moderate
5002,Quetiapine,5376,"(E,Z)-Tamoxifen",CYP3A4,P08684,induction,Moderate
5002,Quetiapine,5376,"(E,Z)-Tamoxifen",CYP3A4,P08684,inhibition,Moderate
2662,Celecoxib,4927,Promethazine,CYP2C9,P11712,inhibition,Moderate
3954,Loperamide(1+),93860,"Bortezomib, (1S,2R)-",CYP3A4,P08684,inhibition,Unknown
2802,Clonazepam,3690,Ifosfamide,CYP3A4,P08684,inhibition,Moderate
2802,Clonazepam,3690,Ifosfamide,CYP3A4,P08684,induction,Moderate
2771,Citalopram,5376,"(E,Z)-Tamoxifen",CYP3A4,P08684,induction,Major
2771,Citalopram,5376,"(E,Z)-Tamoxifen",CYP3A4,P08684,inhibition,Major
2662,Celecoxib,3255,"6-((4-(Dimethylamino)-3-hydroxy-6-methyloxan-2-yl)oxy)-14-ethyl-7,12,13-trihydroxy-4-((5-hydroxy-4-methoxy-4,6-dimethyloxan-2-yl)oxy)-3,5,7,9,11,13-hexamethyl-1-oxacyclotetradecane-2,10-dione",CYP3A4,P08684,inhibition,Unknown
3385,5-Fluorouracil,5095,Ropinirole,CYP1A2,P05177,inhibition,Unknown
3386,Fluoxetine,5426,Thalidomide,CYP3A5,P20815,induction,Moderate
3386,Fluoxetine,5426,Thalidomide,CYP2C19,P33261,inhibition,Moderate
93860,"Bortezomib, (1S,2R)-",150311,Ezetimibe,CYP3A4,P08684,inhibition,Unknown
3385,5-Fluorouracil,5090,Rofecoxib,CYP1A2,P05177,inhibition,Unknown
3385,5-Fluorouracil,5090,Rofecoxib,ABCC4 (MRP4),O15439,transporter_inhibition,Unknown
1983,Acetaminophen,14888,Arsenic Trioxide,ABCB1 (P-gp),P08183,transporter_inhibition,Unknown
1983,Acetaminophen,14888,Arsenic Trioxide,CYP3A4,P08684,induction,Unknown
1983,Acetaminophen,14888,Arsenic Trioxide,CYP3A4,P08684,inhibition,Unknown
3345,Fentanyl,104741,Fulvestrant,CYP3A4,P08684,inhibition,Unknown
2802,Clonazepam,93860,"Bortezomib, (1S,2R)-",CYP3A4,P08684,inhibition,Unknown
3345,Fentanyl,5376,"(E,Z)-Tamoxifen",ABCB1 (P-gp),P08183,transporter_induction,Unknown
3345,Fentanyl,5376,"(E,Z)-Tamoxifen",ABCB1 (P-gp),P08183,transporter_inhibition,Unknown
3345,Fentanyl,5376,"(E,Z)-Tamoxifen",CYP3A4,P08684,induction,Unknown
3345,Fentanyl,5376,"(E,Z)-Tamoxifen",CYP3A4,P08684,inhibition,Unknown
3961,Losartan,123631,Gefitinib,ABCB1 (P-gp),P08183,transporter_inhibition,Unknown
3961,Losartan,123631,Gefitinib,CYP2C9,P11712,inhibition,Unknown
3825,Ketoprofen,3899,Leflunomide,CYP2C9,P11712,inhibition,Major
2187,Anastrozole,3016,Diazepam,CYP1A2,P05177,inhibition,Unknown
1983,Acetaminophen,2662,Celecoxib,CYP3A4,P08684,induction,Unknown
1983,Acetaminophen,2662,Celecoxib,CYP2D6,P10635,inhibition,Unknown
2187,Anastrozole,27661,Isosorbide Mononitrate,CYP3A4,P08684,inhibition,Unknown
444,Bupropion,3657,Hydroxyurea,CYP2D6,P10635,inhibition,Unknown
4212,Mitoxantrone,4594,Prilosec,CYP3A4,P08684,inhibition,Unknown
2662,Celecoxib,3032,Arthrotec,ABCC4 (MRP4),O15439,transporter_inhibition,Moderate
2662,Celecoxib,3032,Arthrotec,CYP2C9,P11712,inhibition,Moderate
3345,Fentanyl,93860,"Bortezomib, (1S,2R)-",CYP3A4,P08684,inhibition,Unknown
2162,Amlodipine,60198,Exemestane,CYP3A4,P08684,inhibition,Unknown
4595,Ondansetron,5978,Vincristine,CYP3A4,P08684,inhibition,Unknown
2806,(RS)-Clopidogrel,2907,Cyclophosphamide,ABCB1 (P-gp),P08183,transporter_inhibition,Unknown
2806,(RS)-Clopidogrel,2907,Cyclophosphamide,CYP3A4,P08684,induction,Unknown
2806,(RS)-Clopidogrel,2907,Cyclophosphamide,CYP3A4,P08684,inhibition,Unknown
2764,Ciprofloxacin,3899,Leflunomide,CYP1A2,P05177,inhibition,Unknown
3365,Fluconazole,3385,5-Fluorouracil,CYP2C9,P11712,inhibition,Unknown
2907,Cyclophosphamide,3488,Glibenclamide,CYP3A4,P08684,inhibition,Moderate
2907,Cyclophosphamide,3488,Glibenclamide,CYP3A4,P08684,induction,Moderate
2907,Cyclophosphamide,3488,Glibenclamide,ABCB1 (P-gp),P08183,transporter_inhibition,Moderate
2662,Celecoxib,3676,Lidocaine,CYP3A4,P08684,inhibition,Unknown
5291,Imatinib,5732,Zolpidem,CYP3A4,P08684,inhibition,Moderate
4212,Mitoxantrone,5978,Vincristine,CYP3A4,P08684,inhibition,Unknown
4212,Mitoxantrone,5978,Vincristine,ABCB1 (P-gp),P08183,transporter_inhibition,Unknown
4212,Mitoxantrone,5978,Vincristine,ABCB1 (P-gp),P08183,transporter_induction,Unknown
2771,Citalopram,5978,Vincristine,CYP3A4,P08684,inhibition,Unknown
2520,Verapamil,60953,Capecitabine,CYP2C9,P11712,inhibition,Unknown
2118,Alprazolam,3385,5-Fluorouracil,CYP2C9,P11712,inhibition,Unknown
3510,(3H)granisetron,93860,"Bortezomib, (1S,2R)-",CYP2D6,P10635,induction,Unknown
3510,(3H)granisetron,93860,"Bortezomib, (1S,2R)-",CYP3A4,P08684,inhibition,Unknown
5426,Thalidomide,54454,Simvastatin,CYP2C9,P11712,inhibition,Moderate
5426,Thalidomide,54454,Simvastatin,CYP2C9,P11712,induction,Moderate
2662,Celecoxib,3899,Leflunomide,CYP2C9,P11712,inhibition,Major
2244,Aspirin,216326,Lenalidomide,PTGS2,P35354,inhibition,Unknown
4485,Nifedipine,93860,"Bortezomib, (1S,2R)-",CYP3A4,P08684,induction,Unknown
4485,Nifedipine,93860,"Bortezomib, (1S,2R)-",CYP1A2,P05177,inhibition,Unknown
3222,1-(2-{[1-(Ethoxycarbonyl)-3-phenylpropyl]amino}propanoyl)proline maleate,5376,"(E,Z)-Tamoxifen",ABCB1 (P-gp),P08183,transporter_induction,Unknown
3222,1-(2-{[1-(Ethoxycarbonyl)-3-phenylpropyl]amino}propanoyl)proline maleate,5376,"(E,Z)-Tamoxifen",ABCB1 (P-gp),P08183,transporter_inhibition,Unknown
3222,1-(2-{[1-(Ethoxycarbonyl)-3-phenylpropyl]amino}propanoyl)proline maleate,5376,"(E,Z)-Tamoxifen",CYP3A4,P08684,induction,Unknown
3222,1-(2-{[1-(Ethoxycarbonyl)-3-phenylpropyl]amino}propanoyl)proline maleate,5376,"(E,Z)-Tamoxifen",CYP3A4,P08684,inhibition,Unknown
2907,Cyclophosphamide,71616,Voriconazole,CYP3A4,P08684,induction,Unknown
2907,Cyclophosphamide,71616,Voriconazole,CYP3A4,P08684,inhibition,Unknown
2907,Cyclophosphamide,4679,Pantoprazole,CYP2C9,P11712,inhibition,Unknown
2907,Cyclophosphamide,4679,Pantoprazole,ABCB1 (P-gp),P08183,transporter_inhibition,Unknown
2907,Cyclophosphamide,4679,Pantoprazole,CYP3A4,P08684,induction,Unknown
3899,Leflunomide,4946,Propranolol,CYP1A2,P05177,inhibition,Unknown
4212,Mitoxantrone,71616,Voriconazole,CYP3A4,P08684,inhibition,Unknown
3308,Etodolac,3899,Leflunomide,CYP2C9,P11712,inhibition,Major
4168,Metoclopramide,93860,"Bortezomib, (1S,2R)-",CYP2D6,P10635,inhibition,Unknown
3672,"Ibuprofen, (+-)-",93860,"Bortezomib, (1S,2R)-",CYP2C9,P11712,inhibition,Unknown
2162,Amlodipine,3902,Letrozole,CYP2A6,P11509,inhibition,Unknown
4173,Metronidazole,5978,Vincristine,CYP3A4,P08684,inhibition,Moderate
3476,"1H-Pyrrole-1-carboxamide, 3-ethyl-2,5-dihydro-4-methyl-N-2-4-(trans-4-methylcyclohexyl)aminocarbonylaminosulfonylphenylethyl-2-oxo-",60953,Capecitabine,CYP2C9,P11712,inhibition,Unknown
4158,Methylphenidate,93860,"Bortezomib, (1S,2R)-",CYP2D6,P10635,inhibition,Unknown
2187,Anastrozole,3385,5-Fluorouracil,CYP2C9,P11712,inhibition,Unknown
3385,5-Fluorouracil,4829,Pioglitazone,CYP2C9,P11712,inhibition,Unknown
4616,Oxazepam,216239,Sorafenib,CYP3A4,P08684,inhibition,Unknown
2250,Atorvastatin EP Impurity B,10631,Medroxyprogesterone,CYP3A4,P08684,induction,Minor
2250,Atorvastatin EP Impurity B,10631,Medroxyprogesterone,CYP2C9,P11712,inhibition,Minor
3749,Irbesartan,5978,Vincristine,CYP3A4,P08684,inhibition,Unknown
3899,Leflunomide,4499,Nisoldipine,CYP1A2,P05177,inhibition,Unknown
2520,Verapamil,3385,5-Fluorouracil,CYP2C9,P11712,inhibition,Unknown
2520,Verapamil,3385,5-Fluorouracil,ABCC3,O15438,transporter_inhibition,Unknown
2662,Celecoxib,2764,Ciprofloxacin,CYP3A4,P08684,inhibition,Moderate
3476,"1H-Pyrrole-1-carboxamide, 3-ethyl-2,5-dihydro-4-methyl-N-2-4-(trans-4-methylcyclohexyl)aminocarbonylaminosulfonylphenylethyl-2-oxo-",93860,"Bortezomib, (1S,2R)-",CYP2C9,P11712,inhibition,Moderate
2187,Anastrozole,4691,"3-(1,3-Benzodioxol-5-yloxymethyl)-4-(4-fluorophenyl)piperidine",CYP2C9,P11712,inhibition,Unknown
3961,Losartan,5376,"(E,Z)-Tamoxifen",ABCB1 (P-gp),P08183,transporter_induction,Unknown
3961,Losartan,5376,"(E,Z)-Tamoxifen",ABCB1 (P-gp),P08183,transporter_inhibition,Unknown
3961,Losartan,5376,"(E,Z)-Tamoxifen",CYP3A4,P08684,induction,Unknown
3961,Losartan,5376,"(E,Z)-Tamoxifen",CYP3A4,P08684,inhibition,Unknown
4173,Metronidazole,5291,Imatinib,CYP3A4,P08684,inhibition,Unknown
3478,Glipizide,10631,Medroxyprogesterone,CYP3A4,P08684,induction,Moderate
3478,Glipizide,10631,Medroxyprogesterone,CYP2C9,P11712,inhibition,Moderate
3957,Loratadine,5426,Thalidomide,CYP2C19,P33261,induction,Unknown
3957,Loratadine,5426,Thalidomide,CYP2C19,P33261,inhibition,Unknown
41781,Torasemide,93860,"Bortezomib, (1S,2R)-",CYP2C9,P11712,inhibition,Unknown
2812,Clotrimazole,93860,"Bortezomib, (1S,2R)-",CYP3A4,P08684,induction,Moderate
2812,Clotrimazole,93860,"Bortezomib, (1S,2R)-",CYP1A2,P05177,inhibition,Moderate
2907,Cyclophosphamide,3961,Losartan,CYP3A4,P08684,inhibition,Unknown
2907,Cyclophosphamide,3961,Losartan,CYP3A4,P08684,induction,Unknown
2907,Cyclophosphamide,3961,Losartan,ABCB1 (P-gp),P08183,transporter_inhibition,Unknown
4212,Mitoxantrone,5512,2-(3-(Di(propan-2-yl)amino)-1-phenylpropyl)-4-methylphenol,CYP3A4,P08684,inhibition,Unknown
2662,Celecoxib,5002,Quetiapine,CYP2D6,P10635,inhibition,Unknown
2662,Celecoxib,4543,Nortriptyline,CYP2D6,P10635,inhibition,Moderate
3899,Leflunomide,5556,Triazolam,CYP2C9,P11712,inhibition,Unknown
2162,Amlodipine,2375,Bicalutamide,CYP3A4,P08684,inhibition,Unknown
3385,5-Fluorouracil,5512,2-(3-(Di(propan-2-yl)amino)-1-phenylpropyl)-4-methylphenol,CYP2C9,P11712,inhibition,Unknown
2907,Cyclophosphamide,5394,Temozolomide,CYP3A4,P08684,inhibition,Unknown
2907,Cyclophosphamide,5394,Temozolomide,CYP3A4,P08684,induction,Unknown
3148,Anzemet,3385,5-Fluorouracil,CYP2C9,P11712,inhibition,Unknown
2118,Alprazolam,60953,Capecitabine,CYP2C9,P11712,inhibition,Unknown
4829,Pioglitazone,5376,"(E,Z)-Tamoxifen",CYP3A4,P08684,induction,Unknown
4829,Pioglitazone,5376,"(E,Z)-Tamoxifen",CYP3A4,P08684,inhibition,Unknown
4829,Pioglitazone,93860,"Bortezomib, (1S,2R)-",CYP3A4,P08684,induction,Moderate
4829,Pioglitazone,93860,"Bortezomib, (1S,2R)-",CYP3A4,P08684,inhibition,Moderate
2662,Celecoxib,3954,Loperamide(1+),CYP2D6,P10635,inhibition,Unknown
3032,Arthrotec,216239,Sorafenib,ABCB1 (P-gp),P08183,transporter_inhibition,Unknown
3032,Arthrotec,216239,Sorafenib,CYP1A2,P05177,inhibition,Unknown
4171,Metoprolol,216239,Sorafenib,CYP2C19,P33261,inhibition,Unknown
4171,Metoprolol,216239,Sorafenib,ABCB1 (P-gp),P08183,transporter_inhibition,Unknown
2375,Bicalutamide,2662,Celecoxib,CYP2D6,P10635,inhibition,Unknown
4158,Methylphenidate,5376,"(E,Z)-Tamoxifen",CYP2D6,P10635,inhibition,Unknown
3690,Ifosfamide,5732,Zolpidem,CYP3A4,P08684,inhibition,Moderate
3690,Ifosfamide,5732,Zolpidem,CYP3A4,P08684,induction,Moderate
2662,Celecoxib,2676,"7-[4-(4-Fluorophenyl)-5-(methoxymethyl)-2,6-di(propan-2-yl)pyridin-3-yl]-3,5-dihydroxyhept-6-enoic acid",CYP3A4,P08684,inhibition,Unknown
2662,Celecoxib,2676,"7-[4-(4-Fluorophenyl)-5-(methoxymethyl)-2,6-di(propan-2-yl)pyridin-3-yl]-3,5-dihydroxyhept-6-enoic acid",CYP3A4,P08684,induction,Unknown
1983,Acetaminophen,2478,Busulfan,CYP3A4,P08684,induction,Moderate
1983,Acetaminophen,2478,Busulfan,CYP3A4,P08684,inhibition,Moderate
4679,Pantoprazole,60953,Capecitabine,CYP2C9,P11712,inhibition,Unknown
3488,Glibenclamide,3899,Leflunomide,ABCG2 (BCRP),Q9UNQ0,transporter_inhibition,Moderate
3488,Glibenclamide,3899,Leflunomide,CYP2C9,P11712,inhibition,Moderate
3899,Leflunomide,4539,Norfloxacin,CYP1A2,P05177,inhibition,Unknown
4616,Oxazepam,5291,Imatinib,CYP3A4,P08684,inhibition,Unknown
3345,Fentanyl,3062316,Dasatinib,CYP3A4,P08684,inhibition,Major
3345,Fentanyl,3062316,Dasatinib,ABCB1 (P-gp),P08183,transporter_inhibition,Major
2244,Aspirin,123631,Gefitinib,ABCB1 (P-gp),P08183,transporter_inhibition,Unknown
2244,Aspirin,123631,Gefitinib,CYP2C19,P33261,induction,Unknown
2244,Aspirin,123631,Gefitinib,CYP2C9,P11712,inhibition,Unknown
4212,Mitoxantrone,5453,Thiotepa,CYP3A4,P08684,inhibition,Moderate
2578,Carmustine,4595,Ondansetron,CYP1A2,P05177,inhibition,Unknown
4054,Memantine,5376,"(E,Z)-Tamoxifen",CYP2B6,P20813,inhibition,Unknown
2662,Celecoxib,2806,(RS)-Clopidogrel,CYP2C9,P11712,inhibition,Moderate
3657,Hydroxyurea,4595,Ondansetron,CYP2D6,P10635,inhibition,Unknown
2907,Cyclophosphamide,5656,Venlafaxine,CYP3A4,P08684,inhibition,Unknown
2907,Cyclophosphamide,5656,Venlafaxine,CYP3A4,P08684,induction,Unknown
2907,Cyclophosphamide,5656,Venlafaxine,ABCB1 (P-gp),P08183,transporter_inhibition,Unknown
3488,Glibenclamide,10631,Medroxyprogesterone,CYP3A4,P08684,induction,Moderate
3488,Glibenclamide,10631,Medroxyprogesterone,CYP2C9,P11712,inhibition,Moderate
4594,Prilosec,14888,Arsenic Trioxide,CYP3A4,P08684,inhibition,Unknown
5073,Risperidone,5376,"(E,Z)-Tamoxifen",ABCB1 (P-gp),P08183,transporter_induction,Moderate
5073,Risperidone,5376,"(E,Z)-Tamoxifen",ABCB1 (P-gp),P08183,transporter_inhibition,Moderate
5073,Risperidone,5376,"(E,Z)-Tamoxifen",CYP3A4,P08684,induction,Moderate
5073,Risperidone,5376,"(E,Z)-Tamoxifen",CYP3A4,P08684,inhibition,Moderate
2662,Celecoxib,3749,Irbesartan,CYP3A4,P08684,inhibition,Moderate
93860,"Bortezomib, (1S,2R)-",148211,"Palonosetron, (3aR)-",CYP1A2,P05177,inhibition,Unknown
2662,Celecoxib,4943,Propofol,CYP3A4,P08684,inhibition,Unknown
3825,Ketoprofen,123631,Gefitinib,CYP2C9,P11712,inhibition,Unknown
2478,Busulfan,3793,Itrizole,CYP3A4,P08684,inhibition,Moderate
444,Bupropion,2662,Celecoxib,CYP2D6,P10635,inhibition,Unknown
2187,Anastrozole,104741,Fulvestrant,CYP3A4,P08684,inhibition,Unknown
4212,Mitoxantrone,4679,Pantoprazole,CYP3A4,P08684,inhibition,Unknown
4212,Mitoxantrone,4679,Pantoprazole,ABCB1 (P-gp),P08183,transporter_inhibition,Unknown
4212,Mitoxantrone,4679,Pantoprazole,CYP3A4,P08684,induction,Unknown
4212,Mitoxantrone,4679,Pantoprazole,ABCB1 (P-gp),P08183,transporter_induction,Unknown
3385,5-Fluorouracil,5376,"(E,Z)-Tamoxifen",CYP2C9,P11712,inhibition,Unknown
2806,(RS)-Clopidogrel,216239,Sorafenib,ABCB1 (P-gp),P08183,transporter_inhibition,Unknown
2806,(RS)-Clopidogrel,216239,Sorafenib,CYP1A2,P05177,inhibition,Unknown
1983,Acetaminophen,216239,Sorafenib,CYP3A4,P08684,induction,Unknown
1983,Acetaminophen,216239,Sorafenib,ABCB1 (P-gp),P08183,transporter_inhibition,Unknown
1983,Acetaminophen,216239,Sorafenib,CYP1A2,P05177,inhibition,Unknown
3793,Itrizole,4212,Mitoxantrone,CYP3A4,P08684,inhibition,Moderate
3793,Itrizole,4212,Mitoxantrone,ABCB1 (P-gp),P08183,transporter_induction,Moderate
3793,Itrizole,4212,Mitoxantrone,ABCB1 (P-gp),P08183,transporter_inhibition,Moderate
2802,Clonazepam,5426,Thalidomide,CYP2E1,P05181,inhibition,Moderate
4583,Ofloxacin,93860,"Bortezomib, (1S,2R)-",CYP1A2,P05177,inhibition,Unknown
5035,Raloxifene,5376,"(E,Z)-Tamoxifen",CYP3A4,P08684,induction,Unknown
5035,Raloxifene,5376,"(E,Z)-Tamoxifen",CYP3A4,P08684,inhibition,Unknown
2764,Ciprofloxacin,3902,Letrozole,CYP3A4,P08684,inhibition,Unknown
2662,Celecoxib,3348,Fexofenadine,CYP2D6,P10635,inhibition,Unknown
5512,2-(3-(Di(propan-2-yl)amino)-1-phenylpropyl)-4-methylphenol,216239,Sorafenib,CYP3A4,P08684,inhibition,Unknown
3883,Lansoprazole,5376,"(E,Z)-Tamoxifen",ABCB1 (P-gp),P08183,transporter_induction,Unknown
3883,Lansoprazole,5376,"(E,Z)-Tamoxifen",ABCB1 (P-gp),P08183,transporter_inhibition,Unknown
3883,Lansoprazole,5376,"(E,Z)-Tamoxifen",CYP3A4,P08684,induction,Unknown
3883,Lansoprazole,5376,"(E,Z)-Tamoxifen",CYP3A4,P08684,inhibition,Unknown
3339,Fenofibrate,5376,"(E,Z)-Tamoxifen",CYP3A4,P08684,induction,Moderate
3339,Fenofibrate,5376,"(E,Z)-Tamoxifen",CYP3A4,P08684,inhibition,Moderate
150311,Ezetimibe,216239,Sorafenib,CYP3A4,P08684,inhibition,Unknown
150311,Ezetimibe,216239,Sorafenib,ABCB1 (P-gp),P08183,transporter_inhibition,Unknown
3348,Fexofenadine,93860,"Bortezomib, (1S,2R)-",CYP2D6,P10635,inhibition,Unknown
2662,Celecoxib,3386,Fluoxetine,CYP3A4,P08684,inhibition,Moderate
2907,Cyclophosphamide,3902,Letrozole,CYP3A4,P08684,induction,Unknown
2907,Cyclophosphamide,3902,Letrozole,CYP2A6,P11509,inhibition,Unknown
2907,Cyclophosphamide,4205,Mirtazapine,CYP3A4,P08684,inhibition,Unknown
2907,Cyclophosphamide,4205,Mirtazapine,CYP2D6,P10635,induction,Unknown
2162,Amlodipine,3657,Hydroxyurea,CYP2D6,P10635,inhibition,Unknown
2907,Cyclophosphamide,4173,Metronidazole,CYP3A4,P08684,inhibition,Moderate
2907,Cyclophosphamide,4173,Metronidazole,CYP3A4,P08684,induction,Moderate
2662,Celecoxib,119607,Valdecoxib,CYP2C9,P11712,inhibition,Unknown
3672,"Ibuprofen, (+-)-",3690,Ifosfamide,CYP2C9,P11712,induction,Unknown
3672,"Ibuprofen, (+-)-",3690,Ifosfamide,PTGS1,P23219,inhibition,Unknown
2118,Alprazolam,2907,Cyclophosphamide,CYP3A4,P08684,induction,Unknown
2118,Alprazolam,2907,Cyclophosphamide,CYP3A4,P08684,inhibition,Unknown
2806,(RS)-Clopidogrel,3397,Flutamide,CYP1A2,P05177,inhibition,Unknown
2662,Celecoxib,3961,Losartan,CYP3A4,P08684,inhibition,Moderate
3016,Diazepam,60953,Capecitabine,CYP2C9,P11712,inhibition,Unknown
74989,"3-(4-(4-Chlorophenyl)cyclohexyl)-4-hydroxynaphthalene-1,2-dione",93860,"Bortezomib, (1S,2R)-",CYP2C9,P11712,inhibition,Unknown
2662,Celecoxib,123631,Gefitinib,CYP2C9,P11712,inhibition,Unknown
2662,Celecoxib,3059,Diflunisal,PTGS2,P35354,inhibition,Moderate
4679,Pantoprazole,93860,"Bortezomib, (1S,2R)-",CYP1A2,P05177,induction,Minor
4679,Pantoprazole,93860,"Bortezomib, (1S,2R)-",CYP1A2,P05177,inhibition,Minor
2907,Cyclophosphamide,3032,Arthrotec,CYP3A4,P08684,induction,Unknown
2907,Cyclophosphamide,3032,Arthrotec,CYP2C9,P11712,inhibition,Unknown
2907,Cyclophosphamide,3032,Arthrotec,ABCB1 (P-gp),P08183,transporter_inhibition,Unknown
3365,Fluconazole,5394,Temozolomide,CYP3A4,P08684,induction,Unknown
3365,Fluconazole,5394,Temozolomide,CYP3A4,P08684,inhibition,Unknown
2375,Bicalutamide,4917,Prochlorperazine,CYP3A4,P08684,inhibition,Moderate
3657,Hydroxyurea,3883,Lansoprazole,CYP2D6,P10635,inhibition,Unknown
3672,"Ibuprofen, (+-)-",5426,Thalidomide,CYP2C19,P33261,inhibition,Unknown
3657,Hydroxyurea,5076,"N-[3-hydroxy-5-[[3-methyl-2-[[[methyl-[(2-propan-2-yl-4-thiazolyl)methyl]amino]-oxomethyl]amino]-1-oxobutyl]amino]-1,6-diphenylhexan-2-yl]carbamic acid 5-thiazolylmethyl ester",CYP2D6,P10635,inhibition,Unknown
2662,Celecoxib,4205,Mirtazapine,CYP3A4,P08684,inhibition,Moderate
2662,Celecoxib,4205,Mirtazapine,CYP2D6,P10635,induction,Moderate
3488,Glibenclamide,5291,Imatinib,ABCB1 (P-gp),P08183,transporter_inhibition,Unknown
3488,Glibenclamide,5291,Imatinib,CYP3A4,P08684,inhibition,Unknown
2478,Busulfan,5291,Imatinib,CYP3A4,P08684,inhibition,Moderate
4946,Propranolol,5376,"(E,Z)-Tamoxifen",ABCB1 (P-gp),P08183,transporter_induction,Unknown
4946,Propranolol,5376,"(E,Z)-Tamoxifen",ABCB1 (P-gp),P08183,transporter_inhibition,Unknown
4946,Propranolol,5376,"(E,Z)-Tamoxifen",CYP3A4,P08684,induction,Unknown
4946,Propranolol,5376,"(E,Z)-Tamoxifen",CYP3A4,P08684,inhibition,Unknown
5512,2-(3-(Di(propan-2-yl)amino)-1-phenylpropyl)-4-methylphenol,93860,"Bortezomib, (1S,2R)-",CYP3A4,P08684,inhibition,Unknown
2662,Celecoxib,3962,"8-(2-(4-Hydroxy-6-oxooxan-2-yl)ethyl)-3,7-dimethyl-1,2,3,7,8,8a-hexahydronaphthalen-1-yl 2-methylbutanoate",CYP2C9,P11712,induction,Unknown
2662,Celecoxib,3962,"8-(2-(4-Hydroxy-6-oxooxan-2-yl)ethyl)-3,7-dimethyl-1,2,3,7,8,8a-hexahydronaphthalen-1-yl 2-methylbutanoate",CYP3A4,P08684,inhibition,Unknown
14888,Arsenic Trioxide,54454,Simvastatin,ABCC2 (MRP2),Q92887,transporter_induction,Unknown
14888,Arsenic Trioxide,54454,Simvastatin,ABCB1 (P-gp),P08183,transporter_inhibition,Unknown
14888,Arsenic Trioxide,54454,Simvastatin,CYP3A4,P08684,induction,Unknown
14888,Arsenic Trioxide,54454,Simvastatin,CYP3A4,P08684,inhibition,Unknown
2907,Cyclophosphamide,5291,Imatinib,ABCB1 (P-gp),P08183,transporter_inhibition,Moderate
2907,Cyclophosphamide,5291,Imatinib,CYP3A4,P08684,induction,Moderate
2907,Cyclophosphamide,5291,Imatinib,CYP3A4,P08684,inhibition,Moderate
2244,Aspirin,176870,Erlotinib,CYP2C8,P10632,inhibition,Unknown
2083,Salbutamol,2662,Celecoxib,CYP3A4,P08684,inhibition,Unknown
2662,Celecoxib,4168,Metoclopramide,CYP2D6,P10635,inhibition,Unknown
2662,Celecoxib,3869,Labetalol,CYP2D6,P10635,inhibition,Moderate
2187,Anastrozole,3883,Lansoprazole,CYP3A4,P08684,inhibition,Unknown
2187,Anastrozole,3883,Lansoprazole,CYP1A2,P05177,induction,Unknown
2662,Celecoxib,3016,Diazepam,CYP3A4,P08684,inhibition,Unknown
4679,Pantoprazole,5978,Vincristine,CYP3A4,P08684,inhibition,Unknown
4679,Pantoprazole,5978,Vincristine,ABCB1 (P-gp),P08183,transporter_inhibition,Unknown
4679,Pantoprazole,5978,Vincristine,CYP3A4,P08684,induction,Unknown
4679,Pantoprazole,5978,Vincristine,ABCB1 (P-gp),P08183,transporter_induction,Unknown
2812,Clotrimazole,5426,Thalidomide,CYP2C19,P33261,inhibition,Unknown
3899,Leflunomide,124087,Desloratadine,CYP1A2,P05177,inhibition,Unknown
4205,Mirtazapine,93860,"Bortezomib, (1S,2R)-",CYP2D6,P10635,induction,Unknown
4205,Mirtazapine,93860,"Bortezomib, (1S,2R)-",CYP1A2,P05177,inhibition,Unknown
2907,Cyclophosphamide,5453,Thiotepa,CYP3A4,P08684,induction,Major
2907,Cyclophosphamide,5453,Thiotepa,CYP2B6,P20813,inhibition,Major
2771,Citalopram,216239,Sorafenib,CYP3A4,P08684,inhibition,Major
5426,Thalidomide,93860,"Bortezomib, (1S,2R)-",CYP1A2,P05177,inhibition,Moderate
3657,Hydroxyurea,4463,Nevirapine,CYP2D6,P10635,inhibition,Unknown
3222,1-(2-{[1-(Ethoxycarbonyl)-3-phenylpropyl]amino}propanoyl)proline maleate,5291,Imatinib,ABCB1 (P-gp),P08183,transporter_inhibition,Unknown
3222,1-(2-{[1-(Ethoxycarbonyl)-3-phenylpropyl]amino}propanoyl)proline maleate,5291,Imatinib,CYP3A4,P08684,inhibition,Unknown
3365,Fluconazole,10631,Medroxyprogesterone,CYP3A4,P08684,induction,Moderate
3365,Fluconazole,10631,Medroxyprogesterone,CYP2C9,P11712,inhibition,Moderate
444,Bupropion,176870,Erlotinib,CYP2C8,P10632,inhibition,Unknown
5376,"(E,Z)-Tamoxifen",5394,Temozolomide,CYP3A4,P08684,inhibition,Unknown
5376,"(E,Z)-Tamoxifen",5394,Temozolomide,CYP3A4,P08684,induction,Unknown
5073,Risperidone,5394,Temozolomide,CYP3A4,P08684,inhibition,Unknown
5073,Risperidone,5394,Temozolomide,CYP3A4,P08684,induction,Unknown
2187,Anastrozole,3476,"1H-Pyrrole-1-carboxamide, 3-ethyl-2,5-dihydro-4-methyl-N-2-4-(trans-4-methylcyclohexyl)aminocarbonylaminosulfonylphenylethyl-2-oxo-",CYP2C9,P11712,inhibition,Unknown
2162,Amlodipine,5978,Vincristine,CYP3A4,P08684,inhibition,Unknown
2162,Amlodipine,5978,Vincristine,ABCB1 (P-gp),P08183,transporter_inhibition,Unknown
2162,Amlodipine,5978,Vincristine,ABCB1 (P-gp),P08183,transporter_induction,Unknown
2662,Celecoxib,4771,Phentermine,CYP2C9,P11712,induction,Unknown
2662,Celecoxib,4771,Phentermine,CYP2C9,P11712,inhibition,Unknown
2907,Cyclophosphamide,54454,Simvastatin,ABCB1 (P-gp),P08183,transporter_inhibition,Unknown
2907,Cyclophosphamide,54454,Simvastatin,CYP3A4,P08684,induction,Unknown
2907,Cyclophosphamide,54454,Simvastatin,CYP3A4,P08684,inhibition,Unknown
60198,Exemestane,150311,Ezetimibe,CYP3A4,P08684,inhibition,Unknown
2520,Verapamil,93860,"Bortezomib, (1S,2R)-",CYP1A2,P05177,inhibition,Unknown
4409,Nabumetone,216326,Lenalidomide,PTGS2,P35354,inhibition,Unknown
5291,Imatinib,65999,Telmisartan,ABCB1 (P-gp),P08183,transporter_inhibition,Unknown
5291,Imatinib,65999,Telmisartan,CYP2C19,P33261,inhibition,Unknown
5426,Thalidomide,5732,Zolpidem,CYP3A5,P20815,induction,Moderate
5426,Thalidomide,5732,Zolpidem,CYP2C19,P33261,inhibition,Moderate
2907,Cyclophosphamide,3954,Loperamide(1+),ABCB1 (P-gp),P08183,transporter_inhibition,Unknown
2907,Cyclophosphamide,3954,Loperamide(1+),CYP3A4,P08684,induction,Unknown
2907,Cyclophosphamide,3954,Loperamide(1+),CYP3A4,P08684,inhibition,Unknown
2187,Anastrozole,3222,1-(2-{[1-(Ethoxycarbonyl)-3-phenylpropyl]amino}propanoyl)proline maleate,CYP3A4,P08684,inhibition,Unknown
2662,Celecoxib,5472,Ticlopidine,CYP3A4,P08684,inhibition,Moderate
2554,Carbamazepine,5376,"(E,Z)-Tamoxifen",ABCB1 (P-gp),P08183,transporter_induction,Moderate
2554,Carbamazepine,5376,"(E,Z)-Tamoxifen",ABCB1 (P-gp),P08183,transporter_inhibition,Moderate
2554,Carbamazepine,5376,"(E,Z)-Tamoxifen",CYP3A4,P08684,induction,Moderate
2554,Carbamazepine,5376,"(E,Z)-Tamoxifen",CYP3A4,P08684,inhibition,Moderate
1983,Acetaminophen,5291,Imatinib,CYP3A4,P08684,induction,Moderate
1983,Acetaminophen,5291,Imatinib,CYP3A4,P08684,inhibition,Moderate
1983,Acetaminophen,5291,Imatinib,ABCB1 (P-gp),P08183,transporter_inhibition,Moderate
2771,Citalopram,123631,Gefitinib,CYP2C19,P33261,inhibition,Unknown
2907,Cyclophosphamide,4616,Oxazepam,CYP3A4,P08684,induction,Unknown
2907,Cyclophosphamide,4616,Oxazepam,CYP3A4,P08684,inhibition,Unknown
2803,Clonidine,5376,"(E,Z)-Tamoxifen",ABCB1 (P-gp),P08183,transporter_induction,Unknown
2803,Clonidine,5376,"(E,Z)-Tamoxifen",ABCB1 (P-gp),P08183,transporter_inhibition,Unknown
2803,Clonidine,5376,"(E,Z)-Tamoxifen",CYP3A4,P08684,induction,Unknown
2803,Clonidine,5376,"(E,Z)-Tamoxifen",CYP3A4,P08684,inhibition,Unknown
2662,Celecoxib,123606,Almotriptan,CYP2D6,P10635,inhibition,Unknown
4946,Propranolol,5978,Vincristine,CYP3A4,P08684,inhibition,Unknown
4946,Propranolol,5978,Vincristine,ABCB1 (P-gp),P08183,transporter_inhibition,Unknown
4946,Propranolol,5978,Vincristine,ABCB1 (P-gp),P08183,transporter_induction,Unknown
54454,Simvastatin,216239,Sorafenib,CYP3A4,P08684,inhibition,Unknown
54454,Simvastatin,216239,Sorafenib,CYP3A4,P08684,induction,Unknown
54454,Simvastatin,216239,Sorafenib,ABCB1 (P-gp),P08183,transporter_inhibition,Unknown
2907,Cyclophosphamide,4634,Oxybutynin,CYP3A4,P08684,inhibition,Unknown
2907,Cyclophosphamide,4634,Oxybutynin,CYP3A4,P08684,induction,Unknown
3016,Diazepam,104741,Fulvestrant,CYP3A4,P08684,inhibition,Unknown
4171,Metoprolol,5426,Thalidomide,CYP2C19,P33261,inhibition,Moderate
3899,Leflunomide,4691,"3-(1,3-Benzodioxol-5-yloxymethyl)-4-(4-fluorophenyl)piperidine",CYP2C9,P11712,inhibition,Unknown
5002,Quetiapine,5426,Thalidomide,CYP3A5,P20815,induction,Moderate
5002,Quetiapine,5426,Thalidomide,CYP2C19,P33261,inhibition,Moderate
2895,Cyclobenzaprine,123631,Gefitinib,CYP2D6,P10635,inhibition,Unknown
2771,Citalopram,2907,Cyclophosphamide,CYP3A4,P08684,induction,Unknown
2771,Citalopram,2907,Cyclophosphamide,CYP3A4,P08684,inhibition,Unknown
3962,"8-(2-(4-Hydroxy-6-oxooxan-2-yl)ethyl)-3,7-dimethyl-1,2,3,7,8,8a-hexahydronaphthalen-1-yl 2-methylbutanoate",216239,Sorafenib,CYP3A4,P08684,inhibition,Unknown
3962,"8-(2-(4-Hydroxy-6-oxooxan-2-yl)ethyl)-3,7-dimethyl-1,2,3,7,8,8a-hexahydronaphthalen-1-yl 2-methylbutanoate",216239,Sorafenib,ABCB1 (P-gp),P08183,transporter_inhibition,Unknown
3962,"8-(2-(4-Hydroxy-6-oxooxan-2-yl)ethyl)-3,7-dimethyl-1,2,3,7,8,8a-hexahydronaphthalen-1-yl 2-methylbutanoate",216239,Sorafenib,CYP2C9,P11712,induction,Unknown
2083,Salbutamol,176870,Erlotinib,CYP3A4,P08684,inhibition,Unknown
2806,(RS)-Clopidogrel,5376,"(E,Z)-Tamoxifen",ABCB1 (P-gp),P08183,transporter_induction,Minor
2806,(RS)-Clopidogrel,5376,"(E,Z)-Tamoxifen",ABCB1 (P-gp),P08183,transporter_inhibition,Minor
2806,(RS)-Clopidogrel,5376,"(E,Z)-Tamoxifen",CYP3A4,P08684,induction,Minor
2806,(RS)-Clopidogrel,5376,"(E,Z)-Tamoxifen",CYP3A4,P08684,inhibition,Minor
3016,Diazepam,5376,"(E,Z)-Tamoxifen",ABCB1 (P-gp),P08183,transporter_induction,Unknown
3016,Diazepam,5376,"(E,Z)-Tamoxifen",ABCB1 (P-gp),P08183,transporter_inhibition,Unknown
3016,Diazepam,5376,"(E,Z)-Tamoxifen",CYP3A4,P08684,induction,Unknown
3016,Diazepam,5376,"(E,Z)-Tamoxifen",CYP3A4,P08684,inhibition,Unknown
5376,"(E,Z)-Tamoxifen",5656,Venlafaxine,ABCG2 (BCRP),Q9UNQ0,transporter_induction,Moderate
5376,"(E,Z)-Tamoxifen",5656,Venlafaxine,CYP3A4,P08684,inhibition,Moderate
5376,"(E,Z)-Tamoxifen",5656,Venlafaxine,CYP3A4,P08684,induction,Moderate
5376,"(E,Z)-Tamoxifen",5656,Venlafaxine,ABCB1 (P-gp),P08183,transporter_inhibition,Moderate
3255,"6-((4-(Dimethylamino)-3-hydroxy-6-methyloxan-2-yl)oxy)-14-ethyl-7,12,13-trihydroxy-4-((5-hydroxy-4-methoxy-4,6-dimethyloxan-2-yl)oxy)-3,5,7,9,11,13-hexamethyl-1-oxacyclotetradecane-2,10-dione",123631,Gefitinib,CYP3A4,P08684,inhibition,Moderate
3255,"6-((4-(Dimethylamino)-3-hydroxy-6-methyloxan-2-yl)oxy)-14-ethyl-7,12,13-trihydroxy-4-((5-hydroxy-4-methoxy-4,6-dimethyloxan-2-yl)oxy)-3,5,7,9,11,13-hexamethyl-1-oxacyclotetradecane-2,10-dione",123631,Gefitinib,ABCB1 (P-gp),P08183,transporter_inhibition,Moderate
3255,"6-((4-(Dimethylamino)-3-hydroxy-6-methyloxan-2-yl)oxy)-14-ethyl-7,12,13-trihydroxy-4-((5-hydroxy-4-methoxy-4,6-dimethyloxan-2-yl)oxy)-3,5,7,9,11,13-hexamethyl-1-oxacyclotetradecane-2,10-dione",123631,Gefitinib,ABCB1 (P-gp),P08183,transporter_induction,Moderate
14888,Arsenic Trioxide,93860,"Bortezomib, (1S,2R)-",CYP3A4,P08684,inhibition,Unknown
2083,Salbutamol,2907,Cyclophosphamide,CYP3A4,P08684,induction,Unknown
2083,Salbutamol,2907,Cyclophosphamide,CYP3A4,P08684,inhibition,Unknown
5376,"(E,Z)-Tamoxifen",5391,Temazepam,CYP3A4,P08684,induction,Unknown
5376,"(E,Z)-Tamoxifen",5391,Temazepam,CYP3A4,P08684,inhibition,Unknown
41781,Torasemide,216239,Sorafenib,CYP2C9,P11712,inhibition,Unknown
2662,Celecoxib,2907,Cyclophosphamide,CYP3A4,P08684,induction,Unknown
2662,Celecoxib,2907,Cyclophosphamide,CYP3A4,P08684,inhibition,Unknown
3672,"Ibuprofen, (+-)-",216326,Lenalidomide,PTGS2,P35354,inhibition,Unknown
4168,Metoclopramide,123631,Gefitinib,CYP2D6,P10635,inhibition,Unknown
3961,Losartan,5426,Thalidomide,CYP3A5,P20815,induction,Unknown
3961,Losartan,5426,Thalidomide,CYP2C19,P33261,inhibition,Unknown
2662,Celecoxib,2719,Chloroquine,CYP2D6,P10635,inhibition,Moderate
2375,Bicalutamide,3672,"Ibuprofen, (+-)-",CYP2C9,P11712,inhibition,Unknown
3365,Fluconazole,176870,Erlotinib,ABCB1 (P-gp),P08183,transporter_inhibition,Unknown
3365,Fluconazole,176870,Erlotinib,CYP3A4,P08684,inhibition,Unknown
2187,Anastrozole,5035,Raloxifene,CYP3A4,P08684,inhibition,Unknown
444,Bupropion,2187,Anastrozole,CYP1A2,P05177,inhibition,Unknown
4595,Ondansetron,5291,Imatinib,CYP3A4,P08684,inhibition,Moderate
2907,Cyclophosphamide,123631,Gefitinib,ABCB1 (P-gp),P08183,transporter_inhibition,Unknown
2907,Cyclophosphamide,123631,Gefitinib,CYP3A4,P08684,induction,Unknown
2907,Cyclophosphamide,123631,Gefitinib,CYP2C9,P11712,inhibition,Unknown
2662,Celecoxib,3158,Doxepin,CYP2D6,P10635,inhibition,Moderate
2764,Ciprofloxacin,3385,5-Fluorouracil,CYP1A2,P05177,inhibition,Minor
2375,Bicalutamide,27661,Isosorbide Mononitrate,CYP3A4,P08684,inhibition,Unknown
5732,Zolpidem,14888,Arsenic Trioxide,CYP3A4,P08684,inhibition,Unknown
4205,Mirtazapine,5978,Vincristine,CYP3A4,P08684,inhibition,Unknown
2907,Cyclophosphamide,4946,Propranolol,CYP3A4,P08684,induction,Unknown
2907,Cyclophosphamide,4946,Propranolol,ABCB1 (P-gp),P08183,transporter_inhibition,Unknown
2907,Cyclophosphamide,4946,Propranolol,CYP2D6,P10635,inhibition,Unknown
2083,Salbutamol,3902,Letrozole,CYP3A4,P08684,inhibition,Unknown
3365,Fluconazole,5978,Vincristine,CYP3A4,P08684,inhibition,Moderate
3365,Fluconazole,5978,Vincristine,ABCB1 (P-gp),P08183,transporter_inhibition,Moderate
3365,Fluconazole,5978,Vincristine,ABCB1 (P-gp),P08183,transporter_induction,Moderate
5291,Imatinib,5391,Temazepam,CYP3A4,P08684,inhibition,Unknown
5478,(+-)-Timolol,123631,Gefitinib,ABCB1 (P-gp),P08183,transporter_inhibition,Moderate
5478,(+-)-Timolol,123631,Gefitinib,CYP2C19,P33261,inhibition,Moderate
4212,Mitoxantrone,54454,Simvastatin,ABCB1 (P-gp),P08183,transporter_induction,Unknown
4212,Mitoxantrone,54454,Simvastatin,ABCB1 (P-gp),P08183,transporter_inhibition,Unknown
4212,Mitoxantrone,54454,Simvastatin,CYP3A4,P08684,induction,Unknown
4212,Mitoxantrone,54454,Simvastatin,CYP3A4,P08684,inhibition,Unknown
3559,Haloperidol,123631,Gefitinib,ABCB1 (P-gp),P08183,transporter_inhibition,Unknown
3559,Haloperidol,123631,Gefitinib,CYP2D6,P10635,induction,Unknown
3559,Haloperidol,123631,Gefitinib,CYP2C9,P11712,inhibition,Unknown
2907,Cyclophosphamide,3793,Itrizole,ABCB1 (P-gp),P08183,transporter_inhibition,Unknown
2907,Cyclophosphamide,3793,Itrizole,CYP3A4,P08684,induction,Unknown
2907,Cyclophosphamide,3793,Itrizole,CYP3A4,P08684,inhibition,Unknown
1983,Acetaminophen,3657,Hydroxyurea,CYP2D6,P10635,inhibition,Unknown
3883,Lansoprazole,104741,Fulvestrant,CYP3A4,P08684,induction,Unknown
3883,Lansoprazole,104741,Fulvestrant,CYP3A4,P08684,inhibition,Unknown
2907,Cyclophosphamide,148211,"Palonosetron, (3aR)-",CYP3A4,P08684,induction,Unknown
2907,Cyclophosphamide,148211,"Palonosetron, (3aR)-",CYP3A4,P08684,inhibition,Unknown
3324,Famciclovir,93860,"Bortezomib, (1S,2R)-",CYP3A4,P08684,inhibition,Unknown
2764,Ciprofloxacin,4212,Mitoxantrone,CYP3A4,P08684,inhibition,Minor
2764,Ciprofloxacin,4212,Mitoxantrone,ABCB1 (P-gp),P08183,transporter_induction,Minor
2764,Ciprofloxacin,4212,Mitoxantrone,ABCB1 (P-gp),P08183,transporter_inhibition,Minor
3961,Losartan,5978,Vincristine,CYP3A4,P08684,inhibition,Unknown
3961,Losartan,5978,Vincristine,ABCB1 (P-gp),P08183,transporter_inhibition,Unknown
3961,Losartan,5978,Vincristine,ABCB1 (P-gp),P08183,transporter_induction,Unknown
3899,Leflunomide,3957,Loratadine,CYP2C9,P11712,inhibition,Unknown
2250,Atorvastatin EP Impurity B,3902,Letrozole,CYP3A4,P08684,induction,Unknown
2250,Atorvastatin EP Impurity B,3902,Letrozole,CYP3A4,P08684,inhibition,Unknown
3899,Leflunomide,4829,Pioglitazone,CYP2C9,P11712,inhibition,Major
3345,Fentanyl,216239,Sorafenib,CYP3A4,P08684,inhibition,Unknown
3345,Fentanyl,216239,Sorafenib,ABCB1 (P-gp),P08183,transporter_inhibition,Unknown
5978,Vincristine,93860,"Bortezomib, (1S,2R)-",CYP3A4,P08684,inhibition,Moderate
2662,Celecoxib,3404,5-Methoxy-1-(4-(trifluoromethyl)phenyl)-1-pentanone O-(2-aminoethyl)oxime,CYP3A4,P08684,inhibition,Moderate
3157,Doxazosin,216239,Sorafenib,CYP2C19,P33261,inhibition,Unknown
3157,Doxazosin,216239,Sorafenib,ABCB1 (P-gp),P08183,transporter_inhibition,Unknown
2907,Cyclophosphamide,5376,"(E,Z)-Tamoxifen",ABCB1 (P-gp),P08183,transporter_induction,Moderate
2907,Cyclophosphamide,5376,"(E,Z)-Tamoxifen",ABCB1 (P-gp),P08183,transporter_inhibition,Moderate
2907,Cyclophosphamide,5376,"(E,Z)-Tamoxifen",CYP3A4,P08684,induction,Moderate
2907,Cyclophosphamide,5376,"(E,Z)-Tamoxifen",CYP3A4,P08684,inhibition,Moderate
3032,Arthrotec,3899,Leflunomide,CYP2C9,P11712,inhibition,Major
4034,Meclizine,5426,Thalidomide,CYP1A2,P05177,inhibition,Moderate
3385,5-Fluorouracil,3478,Glipizide,CYP2C9,P11712,inhibition,Unknown
2520,Verapamil,123631,Gefitinib,ABCB1 (P-gp),P08183,transporter_inhibition,Moderate
2520,Verapamil,123631,Gefitinib,ABCB1 (P-gp),P08183,transporter_induction,Moderate
2520,Verapamil,123631,Gefitinib,CYP2C9,P11712,inhibition,Moderate
5394,Temozolomide,5978,Vincristine,CYP3A4,P08684,inhibition,Unknown
5394,Temozolomide,5978,Vincristine,CYP3A4,P08684,induction,Unknown
2907,Cyclophosphamide,4485,Nifedipine,ABCB1 (P-gp),P08183,transporter_induction,Unknown
2907,Cyclophosphamide,4485,Nifedipine,ABCB1 (P-gp),P08183,transporter_inhibition,Unknown
2907,Cyclophosphamide,4485,Nifedipine,CYP3A4,P08684,induction,Unknown
2907,Cyclophosphamide,4485,Nifedipine,CYP3A4,P08684,inhibition,Unknown
2907,Cyclophosphamide,3324,Famciclovir,CYP3A4,P08684,induction,Unknown
2907,Cyclophosphamide,3324,Famciclovir,CYP3A4,P08684,inhibition,Unknown
5291,Imatinib,3062316,Dasatinib,ABCB1 (P-gp),P08183,transporter_inhibition,Moderate
5291,Imatinib,3062316,Dasatinib,CYP3A4,P08684,inhibition,Moderate
3016,Diazepam,3385,5-Fluorouracil,CYP2C9,P11712,inhibition,Unknown
2520,Verapamil,3899,Leflunomide,ABCG2 (BCRP),Q9UNQ0,transporter_inhibition,Unknown
2520,Verapamil,3899,Leflunomide,CYP2C9,P11712,inhibition,Unknown
3793,Itrizole,5426,Thalidomide,CYP3A5,P20815,induction,Unknown
3793,Itrizole,5426,Thalidomide,CYP2E1,P05181,inhibition,Unknown
2375,Bicalutamide,3032,Arthrotec,CYP2C9,P11712,inhibition,Unknown
5391,Temazepam,5978,Vincristine,CYP3A4,P08684,inhibition,Unknown
3961,Losartan,104741,Fulvestrant,CYP3A4,P08684,inhibition,Unknown
3345,Fentanyl,60198,Exemestane,CYP3A4,P08684,inhibition,Unknown
2118,Alprazolam,93860,"Bortezomib, (1S,2R)-",CYP3A4,P08684,inhibition,Unknown
3385,5-Fluorouracil,4927,Promethazine,CYP2C9,P11712,inhibition,Unknown
2187,Anastrozole,54454,Simvastatin,CYP3A4,P08684,induction,Unknown
2187,Anastrozole,54454,Simvastatin,CYP3A4,P08684,inhibition,Unknown
2771,Citalopram,3657,Hydroxyurea,CYP2D6,P10635,inhibition,Unknown
3385,5-Fluorouracil,123631,Gefitinib,ABCG2 (BCRP),Q9UNQ0,transporter_inhibition,Unknown
3385,5-Fluorouracil,123631,Gefitinib,CYP2C9,P11712,inhibition,Unknown
2187,Anastrozole,2802,Clonazepam,CYP3A4,P08684,inhibition,Unknown
3365,Fluconazole,4212,Mitoxantrone,CYP3A4,P08684,inhibition,Unknown
3365,Fluconazole,4212,Mitoxantrone,ABCB1 (P-gp),P08183,transporter_induction,Unknown
3365,Fluconazole,4212,Mitoxantrone,ABCB1 (P-gp),P08183,transporter_inhibition,Unknown
2662,Celecoxib,216326,Lenalidomide,PTGS2,P35354,inhibition,Unknown
2662,Celecoxib,3696,Imipramine,CYP2D6,P10635,inhibition,Moderate
3715,Indomethacin,216326,Lenalidomide,ABCB1 (P-gp),P08183,transporter_inhibition,Unknown
3715,Indomethacin,216326,Lenalidomide,PTGS2,P35354,inhibition,Unknown
3157,Doxazosin,5426,Thalidomide,CYP2C19,P33261,inhibition,Moderate
2554,Carbamazepine,93860,"Bortezomib, (1S,2R)-",CYP1A2,P05177,inhibition,Major
2554,Carbamazepine,93860,"Bortezomib, (1S,2R)-",CYP1A2,P05177,induction,Major
5376,"(E,Z)-Tamoxifen",104741,Fulvestrant,CYP3A4,P08684,induction,Unknown
5376,"(E,Z)-Tamoxifen",104741,Fulvestrant,CYP3A4,P08684,inhibition,Unknown
2375,Bicalutamide,5090,Rofecoxib,CYP3A4,P08684,induction,Unknown
2375,Bicalutamide,5090,Rofecoxib,CYP3A4,P08684,inhibition,Unknown
2662,Celecoxib,3394,Flurbiprofen,ABCC4 (MRP4),O15439,transporter_inhibition,Moderate
2662,Celecoxib,3394,Flurbiprofen,PTGS2,P35354,inhibition,Moderate
2160,Amitriptyline,2662,Celecoxib,CYP2D6,P10635,inhibition,Moderate
5090,Rofecoxib,5376,"(E,Z)-Tamoxifen",CYP3A4,P08684,induction,Unknown
5090,Rofecoxib,5376,"(E,Z)-Tamoxifen",CYP3A4,P08684,inhibition,Unknown
444,Bupropion,216239,Sorafenib,CYP1A2,P05177,inhibition,Unknown
1775,Phenytoin,5978,Vincristine,ABCB1 (P-gp),P08183,transporter_inhibition,Moderate
1775,Phenytoin,5978,Vincristine,CYP3A4,P08684,inhibition,Moderate
1775,Phenytoin,5978,Vincristine,CYP3A4,P08684,induction,Moderate
1775,Phenytoin,5978,Vincristine,ABCB1 (P-gp),P08183,transporter_induction,Moderate
3899,Leflunomide,4679,Pantoprazole,CYP1A2,P05177,induction,Unknown
3899,Leflunomide,4679,Pantoprazole,CYP2C9,P11712,inhibition,Unknown
3899,Leflunomide,4679,Pantoprazole,ABCG2 (BCRP),Q9UNQ0,transporter_inhibition,Unknown
4829,Pioglitazone,216239,Sorafenib,CYP3A4,P08684,inhibition,Unknown
4829,Pioglitazone,216239,Sorafenib,CYP3A4,P08684,induction,Unknown
4927,Promethazine,93860,"Bortezomib, (1S,2R)-",CYP2C9,P11712,inhibition,Unknown
2662,Celecoxib,5533,Trazodone,CYP2D6,P10635,inhibition,Moderate
2907,Cyclophosphamide,4917,Prochlorperazine,CYP3A4,P08684,induction,Unknown
2907,Cyclophosphamide,4917,Prochlorperazine,CYP3A4,P08684,inhibition,Unknown
2662,Celecoxib,5077,3-[1-(Dimethylamino)ethyl]phenyl ethyl(methyl)carbamate,CYP3A4,P08684,inhibition,Unknown
3657,Hydroxyurea,5073,Risperidone,CYP2D6,P10635,inhibition,Unknown
2187,Anastrozole,2803,Clonidine,CYP1A2,P05177,inhibition,Unknown
2162,Amlodipine,123631,Gefitinib,ABCB1 (P-gp),P08183,transporter_inhibition,Unknown
2162,Amlodipine,123631,Gefitinib,CYP2C9,P11712,inhibition,Unknown
2662,Celecoxib,4409,Nabumetone,PTGS2,P35354,inhibition,Moderate
4829,Pioglitazone,10631,Medroxyprogesterone,CYP3A4,P08684,induction,Minor
4829,Pioglitazone,10631,Medroxyprogesterone,CYP2C9,P11712,inhibition,Minor
3793,Itrizole,10631,Medroxyprogesterone,CYP3A4,P08684,induction,Moderate
3793,Itrizole,10631,Medroxyprogesterone,CYP3A4,P08684,inhibition,Moderate
4595,Ondansetron,60953,Capecitabine,CYP2C9,P11712,inhibition,Unknown
2907,Cyclophosphamide,4212,Mitoxantrone,ABCB1 (P-gp),P08183,transporter_induction,Moderate
2907,Cyclophosphamide,4212,Mitoxantrone,CYP3A4,P08684,inhibition,Moderate
2907,Cyclophosphamide,4212,Mitoxantrone,CYP3A4,P08684,induction,Moderate
2907,Cyclophosphamide,4212,Mitoxantrone,ABCB1 (P-gp),P08183,transporter_inhibition,Moderate
4595,Ondansetron,93860,"Bortezomib, (1S,2R)-",CYP1A2,P05177,inhibition,Unknown
4485,Nifedipine,5426,Thalidomide,CYP3A5,P20815,induction,Moderate
4485,Nifedipine,5426,Thalidomide,CYP1A2,P05177,inhibition,Moderate
1983,Acetaminophen,5394,Temozolomide,CYP3A4,P08684,inhibition,Unknown
1983,Acetaminophen,5394,Temozolomide,CYP3A4,P08684,induction,Unknown
2907,Cyclophosphamide,3510,(3H)granisetron,CYP2D6,P10635,inhibition,Unknown
2907,Cyclophosphamide,3510,(3H)granisetron,CYP2D6,P10635,induction,Unknown
1983,Acetaminophen,123631,Gefitinib,ABCB1 (P-gp),P08183,transporter_inhibition,Unknown
1983,Acetaminophen,123631,Gefitinib,CYP3A4,P08684,induction,Unknown
1983,Acetaminophen,123631,Gefitinib,CYP2C9,P11712,inhibition,Unknown
3961,Losartan,216239,Sorafenib,ABCB1 (P-gp),P08183,transporter_inhibition,Unknown
3961,Losartan,216239,Sorafenib,CYP1A2,P05177,inhibition,Unknown
2162,Amlodipine,176870,Erlotinib,CYP2C8,P10632,inhibition,Unknown
2162,Amlodipine,176870,Erlotinib,ABCB1 (P-gp),P08183,transporter_inhibition,Unknown
5978,Vincristine,71616,Voriconazole,CYP3A4,P08684,inhibition,Major
2585,Carvedilol,216239,Sorafenib,ABCB1 (P-gp),P08183,transporter_inhibition,Unknown
2585,Carvedilol,216239,Sorafenib,CYP1A2,P05177,inhibition,Unknown
2907,Cyclophosphamide,41781,Torasemide,CYP2C9,P11712,induction,Unknown
2907,Cyclophosphamide,41781,Torasemide,CYP2C19,P33261,inhibition,Unknown
3902,Letrozole,54454,Simvastatin,CYP3A4,P08684,induction,Unknown
3902,Letrozole,54454,Simvastatin,CYP3A4,P08684,inhibition,Unknown
2662,Celecoxib,3823,"1-(4-(4-((2-(2,4-Dichlorophenyl)-2-(1H-imidazol-1-ylmethyl)-1,3-dioxolan-4-yl)methoxy)phenyl)piperazin-1-yl)ethanone",CYP3A4,P08684,inhibition,Unknown
2162,Amlodipine,3690,Ifosfamide,CYP3A4,P08684,inhibition,Unknown
2162,Amlodipine,3690,Ifosfamide,CYP3A4,P08684,induction,Unknown
5656,Venlafaxine,60953,Capecitabine,CYP2C9,P11712,inhibition,Unknown
2520,Verapamil,5291,Imatinib,ABCB1 (P-gp),P08183,transporter_inhibition,Moderate
2520,Verapamil,5291,Imatinib,ABCB1 (P-gp),P08183,transporter_induction,Moderate
2520,Verapamil,5291,Imatinib,CYP3A4,P08684,inhibition,Moderate
2187,Anastrozole,2907,Cyclophosphamide,CYP3A4,P08684,induction,Unknown
2187,Anastrozole,2907,Cyclophosphamide,CYP3A4,P08684,inhibition,Unknown
2162,Amlodipine,216239,Sorafenib,ABCB1 (P-gp),P08183,transporter_inhibition,Unknown
2162,Amlodipine,216239,Sorafenib,CYP1A2,P05177,inhibition,Unknown
2162,Amlodipine,5376,"(E,Z)-Tamoxifen",ABCB1 (P-gp),P08183,transporter_induction,Unknown
2162,Amlodipine,5376,"(E,Z)-Tamoxifen",ABCB1 (P-gp),P08183,transporter_inhibition,Unknown
2162,Amlodipine,5376,"(E,Z)-Tamoxifen",CYP3A4,P08684,induction,Unknown
2162,Amlodipine,5376,"(E,Z)-Tamoxifen",CYP3A4,P08684,inhibition,Unknown
2907,Cyclophosphamide,3345,Fentanyl,CYP3A4,P08684,inhibition,Unknown
2907,Cyclophosphamide,3345,Fentanyl,CYP3A4,P08684,induction,Unknown
2907,Cyclophosphamide,3345,Fentanyl,ABCB1 (P-gp),P08183,transporter_inhibition,Unknown
2907,Cyclophosphamide,3385,5-Fluorouracil,CYP2C9,P11712,inhibition,Moderate
2907,Cyclophosphamide,3385,5-Fluorouracil,CYP2C9,P11712,induction,Moderate
1983,Acetaminophen,5426,Thalidomide,PTGS2,P35354,inhibition,Unknown
2405,Bisoprolol,93860,"Bortezomib, (1S,2R)-",CYP3A4,P08684,inhibition,Unknown
3339,Fenofibrate,216239,Sorafenib,CYP3A4,P08684,inhibition,Unknown
3672,"Ibuprofen, (+-)-",3899,Leflunomide,CYP2C9,P11712,inhibition,Major
4594,Prilosec,216239,Sorafenib,CYP3A4,P08684,inhibition,Unknown
4485,Nifedipine,216239,Sorafenib,ABCB1 (P-gp),P08183,transporter_induction,Unknown
4485,Nifedipine,216239,Sorafenib,CYP3A4,P08684,induction,Unknown
4485,Nifedipine,216239,Sorafenib,ABCB1 (P-gp),P08183,transporter_inhibition,Unknown
4485,Nifedipine,216239,Sorafenib,CYP1A2,P05177,inhibition,Unknown
3339,Fenofibrate,3899,Leflunomide,CYP2C9,P11712,inhibition,Major
2662,Celecoxib,5426,Thalidomide,PTGS2,P35354,inhibition,Unknown
2187,Anastrozole,2662,Celecoxib,CYP3A4,P08684,inhibition,Unknown
5291,Imatinib,60953,Capecitabine,CYP2C9,P11712,inhibition,Moderate
2907,Cyclophosphamide,104741,Fulvestrant,CYP3A4,P08684,induction,Unknown
2907,Cyclophosphamide,104741,Fulvestrant,CYP3A4,P08684,inhibition,Unknown
2662,Celecoxib,4595,Ondansetron,CYP2D6,P10635,inhibition,Moderate
3032,Arthrotec,5978,Vincristine,CYP3A4,P08684,inhibition,Unknown
3032,Arthrotec,5978,Vincristine,ABCB1 (P-gp),P08183,transporter_inhibition,Unknown
3032,Arthrotec,5978,Vincristine,ABCB1 (P-gp),P08183,transporter_induction,Unknown
2907,Cyclophosphamide,5090,Rofecoxib,CYP3A4,P08684,induction,Unknown
2907,Cyclophosphamide,5090,Rofecoxib,CYP3A4,P08684,inhibition,Unknown
3386,Fluoxetine,93860,"Bortezomib, (1S,2R)-",CYP1A2,P05177,inhibition,Unknown
4616,Oxazepam,5376,"(E,Z)-Tamoxifen",CYP3A4,P08684,induction,Unknown
4616,Oxazepam,5376,"(E,Z)-Tamoxifen",CYP3A4,P08684,inhibition,Unknown
2771,Citalopram,93860,"Bortezomib, (1S,2R)-",CYP3A4,P08684,inhibition,Minor
4171,Metoprolol,93860,"Bortezomib, (1S,2R)-",CYP2C19,P33261,inhibition,Unknown
3899,Leflunomide,4927,Promethazine,CYP2C9,P11712,inhibition,Unknown
2895,Cyclobenzaprine,5291,Imatinib,CYP3A4,P08684,inhibition,Moderate
2187,Anastrozole,4829,Pioglitazone,CYP2C9,P11712,inhibition,Unknown
2187,Anastrozole,4829,Pioglitazone,CYP3A4,P08684,induction,Unknown
2554,Carbamazepine,5426,Thalidomide,CYP3A5,P20815,induction,Moderate
2554,Carbamazepine,5426,Thalidomide,CYP2C19,P33261,inhibition,Moderate
3333,Felodipine,3657,Hydroxyurea,CYP2D6,P10635,inhibition,Unknown
3121,Valproic Acid,123631,Gefitinib,CYP2C9,P11712,inhibition,Unknown
2907,Cyclophosphamide,4595,Ondansetron,CYP2D6,P10635,inhibition,Minor
2907,Cyclophosphamide,4595,Ondansetron,CYP3A4,P08684,induction,Minor
2812,Clotrimazole,5394,Temozolomide,CYP3A4,P08684,inhibition,Unknown
2812,Clotrimazole,5394,Temozolomide,CYP3A4,P08684,induction,Unknown
4917,Prochlorperazine,5376,"(E,Z)-Tamoxifen",CYP3A4,P08684,induction,Moderate
4917,Prochlorperazine,5376,"(E,Z)-Tamoxifen",CYP3A4,P08684,inhibition,Moderate
3308,Etodolac,3385,5-Fluorouracil,CYP2C9,P11712,inhibition,Unknown
3899,Leflunomide,41781,Torasemide,CYP2C9,P11712,inhibition,Moderate
2662,Celecoxib,148192,Atazanavir,CYP3A4,P08684,inhibition,Unknown
3385,5-Fluorouracil,3883,Lansoprazole,ABCG2 (BCRP),Q9UNQ0,transporter_inhibition,Unknown
3385,5-Fluorouracil,3883,Lansoprazole,CYP2C9,P11712,inhibition,Unknown
3385,5-Fluorouracil,3883,Lansoprazole,CYP1A2,P05177,induction,Unknown
1983,Acetaminophen,2375,Bicalutamide,CYP3A4,P08684,induction,Unknown
1983,Acetaminophen,2375,Bicalutamide,CYP3A4,P08684,inhibition,Unknown
54454,Simvastatin,123631,Gefitinib,ABCB1 (P-gp),P08183,transporter_inhibition,Unknown
54454,Simvastatin,123631,Gefitinib,CYP3A4,P08684,induction,Unknown
54454,Simvastatin,123631,Gefitinib,CYP2C9,P11712,inhibition,Unknown
65999,Telmisartan,216239,Sorafenib,CYP2C19,P33261,inhibition,Unknown
65999,Telmisartan,216239,Sorafenib,ABCB1 (P-gp),P08183,transporter_inhibition,Unknown
2662,Celecoxib,4485,Nifedipine,CYP3A4,P08684,induction,Unknown
2662,Celecoxib,4485,Nifedipine,CYP3A4,P08684,inhibition,Unknown
2662,Celecoxib,54454,Simvastatin,CYP3A4,P08684,induction,Unknown
2662,Celecoxib,54454,Simvastatin,CYP3A4,P08684,inhibition,Unknown
2662,Celecoxib,3767,Isoniazid,CYP3A4,P08684,inhibition,Moderate
2478,Busulfan,2764,Ciprofloxacin,CYP3A4,P08684,inhibition,Minor
2187,Anastrozole,5002,Quetiapine,CYP3A4,P08684,inhibition,Unknown
3793,Itrizole,5978,Vincristine,CYP3A4,P08684,inhibition,Major
3793,Itrizole,5978,Vincristine,ABCB1 (P-gp),P08183,transporter_inhibition,Major
3793,Itrizole,5978,Vincristine,ABCB1 (P-gp),P08183,transporter_induction,Major
3385,5-Fluorouracil,4679,Pantoprazole,CYP1A2,P05177,induction,Unknown
3385,5-Fluorouracil,4679,Pantoprazole,CYP2C9,P11712,inhibition,Unknown
3385,5-Fluorouracil,4679,Pantoprazole,ABCG2 (BCRP),Q9UNQ0,transporter_inhibition,Unknown
3793,Itrizole,93860,"Bortezomib, (1S,2R)-",CYP1A1,P04798,induction,Moderate
3793,Itrizole,93860,"Bortezomib, (1S,2R)-",CYP3A4,P08684,inhibition,Moderate
2554,Carbamazepine,2907,Cyclophosphamide,ABCB1 (P-gp),P08183,transporter_induction,Moderate
2554,Carbamazepine,2907,Cyclophosphamide,ABCB1 (P-gp),P08183,transporter_inhibition,Moderate
2554,Carbamazepine,2907,Cyclophosphamide,CYP3A4,P08684,induction,Moderate
2554,Carbamazepine,2907,Cyclophosphamide,CYP3A4,P08684,inhibition,Moderate
2662,Celecoxib,4075,5-Aminosalicylic Acid,PTGS2,P35354,inhibition,Moderate
5391,Temazepam,123631,Gefitinib,CYP2C9,P11712,inhibition,Unknown
2801,Clomipramine,123631,Gefitinib,ABCB1 (P-gp),P08183,transporter_inhibition,Unknown
2801,Clomipramine,123631,Gefitinib,CYP2C19,P33261,inhibition,Unknown
2662,Celecoxib,5035,Raloxifene,CYP3A4,P08684,inhibition,Unknown
4212,Mitoxantrone,5732,Zolpidem,CYP3A4,P08684,inhibition,Unknown
3016,Diazepam,5426,Thalidomide,CYP3A5,P20815,induction,Moderate
3016,Diazepam,5426,Thalidomide,CYP2C19,P33261,inhibition,Moderate
3478,Glipizide,3899,Leflunomide,CYP2C9,P11712,inhibition,Moderate
3386,Fluoxetine,5376,"(E,Z)-Tamoxifen",ABCB1 (P-gp),P08183,transporter_induction,Major
3386,Fluoxetine,5376,"(E,Z)-Tamoxifen",ABCB1 (P-gp),P08183,transporter_inhibition,Major
3386,Fluoxetine,5376,"(E,Z)-Tamoxifen",CYP3A4,P08684,induction,Major
3386,Fluoxetine,5376,"(E,Z)-Tamoxifen",CYP3A4,P08684,inhibition,Major
60953,Capecitabine,216239,Sorafenib,CYP2C9,P11712,inhibition,Moderate
1983,Acetaminophen,60953,Capecitabine,CYP2C9,P11712,inhibition,Unknown
3385,5-Fluorouracil,5556,Triazolam,CYP2C9,P11712,inhibition,Unknown
2771,Citalopram,3690,Ifosfamide,CYP3A4,P08684,inhibition,Moderate
2771,Citalopram,3690,Ifosfamide,CYP3A4,P08684,induction,Moderate
3386,Fluoxetine,5394,Temozolomide,CYP3A4,P08684,inhibition,Unknown
3386,Fluoxetine,5394,Temozolomide,CYP3A4,P08684,induction,Unknown
2250,Atorvastatin EP Impurity B,5291,Imatinib,ABCB1 (P-gp),P08183,transporter_inhibition,Moderate
2250,Atorvastatin EP Impurity B,5291,Imatinib,CYP3A4,P08684,induction,Moderate
2250,Atorvastatin EP Impurity B,5291,Imatinib,CYP3A4,P08684,inhibition,Moderate
3016,Diazepam,216239,Sorafenib,ABCB1 (P-gp),P08183,transporter_inhibition,Unknown
3016,Diazepam,216239,Sorafenib,CYP1A2,P05177,inhibition,Unknown
4205,Mirtazapine,5376,"(E,Z)-Tamoxifen",CYP3A4,P08684,induction,Moderate
4205,Mirtazapine,5376,"(E,Z)-Tamoxifen",CYP3A4,P08684,inhibition,Moderate
3339,Fenofibrate,5426,Thalidomide,CYP2C9,P11712,inhibition,Unknown
2662,Celecoxib,3652,Hydroxychloroquine,CYP2D6,P10635,inhibition,Unknown
3478,Glipizide,5376,"(E,Z)-Tamoxifen",CYP3A4,P08684,induction,Unknown
3478,Glipizide,5376,"(E,Z)-Tamoxifen",CYP3A4,P08684,inhibition,Unknown
4595,Ondansetron,14888,Arsenic Trioxide,CYP3A4,P08684,inhibition,Major
4449,Nefazodone,10631,Medroxyprogesterone,CYP3A4,P08684,induction,Moderate
4449,Nefazodone,10631,Medroxyprogesterone,CYP3A4,P08684,inhibition,Moderate
2771,Citalopram,176870,Erlotinib,CYP2D6,P10635,inhibition,Unknown
3385,5-Fluorouracil,4634,Oxybutynin,CYP2C8,P10632,inhibition,Unknown
3954,Loperamide(1+),5978,Vincristine,CYP3A4,P08684,inhibition,Unknown
3954,Loperamide(1+),5978,Vincristine,ABCB1 (P-gp),P08183,transporter_inhibition,Unknown
3954,Loperamide(1+),5978,Vincristine,ABCB1 (P-gp),P08183,transporter_induction,Unknown
2162,Amlodipine,5394,Temozolomide,CYP3A4,P08684,inhibition,Unknown
2162,Amlodipine,5394,Temozolomide,CYP3A4,P08684,induction,Unknown
5376,"(E,Z)-Tamoxifen",54454,Simvastatin,ABCB1 (P-gp),P08183,transporter_induction,Unknown
5376,"(E,Z)-Tamoxifen",54454,Simvastatin,ABCB1 (P-gp),P08183,transporter_inhibition,Unknown
5376,"(E,Z)-Tamoxifen",54454,Simvastatin,CYP3A4,P08684,induction,Unknown
5376,"(E,Z)-Tamoxifen",54454,Simvastatin,CYP3A4,P08684,inhibition,Unknown
3339,Fenofibrate,82146,Bexarotene,CYP2C9,P11712,inhibition,Unknown
3339,Fenofibrate,82146,Bexarotene,CYP3A4,P08684,induction,Unknown
2554,Carbamazepine,2578,Carmustine,CYP1A2,P05177,inhibition,Unknown
2554,Carbamazepine,2578,Carmustine,CYP1A2,P05177,induction,Unknown
2662,Celecoxib,3308,Etodolac,CYP2C9,P11712,inhibition,Moderate
4583,Ofloxacin,5291,Imatinib,CYP1A2,P05177,inhibition,Unknown
2802,Clonazepam,4212,Mitoxantrone,CYP3A4,P08684,inhibition,Unknown
3345,Fentanyl,4212,Mitoxantrone,CYP3A4,P08684,inhibition,Unknown
3345,Fentanyl,4212,Mitoxantrone,ABCB1 (P-gp),P08183,transporter_induction,Unknown
3345,Fentanyl,4212,Mitoxantrone,ABCB1 (P-gp),P08183,transporter_inhibition,Unknown
2662,Celecoxib,72054,(+-)-Darifenacin,CYP2D6,P10635,inhibition,Moderate
2662,Celecoxib,4691,"3-(1,3-Benzodioxol-5-yloxymethyl)-4-(4-fluorophenyl)piperidine",CYP2C9,P11712,inhibition,Moderate
2244,Aspirin,2375,Bicalutamide,CYP2C19,P33261,induction,Unknown
2244,Aspirin,2375,Bicalutamide,CYP2C9,P11712,inhibition,Unknown
5002,Quetiapine,5291,Imatinib,ABCB1 (P-gp),P08183,transporter_inhibition,Moderate
5002,Quetiapine,5291,Imatinib,CYP3A4,P08684,inhibition,Moderate
1983,Acetaminophen,60198,Exemestane,CYP3A4,P08684,induction,Unknown
1983,Acetaminophen,60198,Exemestane,CYP3A4,P08684,inhibition,Unknown
2187,Anastrozole,3962,"8-(2-(4-Hydroxy-6-oxooxan-2-yl)ethyl)-3,7-dimethyl-1,2,3,7,8,8a-hexahydronaphthalen-1-yl 2-methylbutanoate",CYP2C9,P11712,induction,Unknown
2187,Anastrozole,3962,"8-(2-(4-Hydroxy-6-oxooxan-2-yl)ethyl)-3,7-dimethyl-1,2,3,7,8,8a-hexahydronaphthalen-1-yl 2-methylbutanoate",CYP3A4,P08684,inhibition,Unknown
2907,Cyclophosphamide,3121,Valproic Acid,CYP2A6,P11509,induction,Unknown
2907,Cyclophosphamide,3121,Valproic Acid,CYP3A4,P08684,inhibition,Unknown
4691,"3-(1,3-Benzodioxol-5-yloxymethyl)-4-(4-fluorophenyl)piperidine",5376,"(E,Z)-Tamoxifen",CYP2C9,P11712,inhibition,Major
4691,"3-(1,3-Benzodioxol-5-yloxymethyl)-4-(4-fluorophenyl)piperidine",5376,"(E,Z)-Tamoxifen",ABCB1 (P-gp),P08183,transporter_inhibition,Major
4691,"3-(1,3-Benzodioxol-5-yloxymethyl)-4-(4-fluorophenyl)piperidine",5376,"(E,Z)-Tamoxifen",ABCB1 (P-gp),P08183,transporter_induction,Major
3476,"1H-Pyrrole-1-carboxamide, 3-ethyl-2,5-dihydro-4-methyl-N-2-4-(trans-4-methylcyclohexyl)aminocarbonylaminosulfonylphenylethyl-2-oxo-",216239,Sorafenib,CYP2C9,P11712,inhibition,Unknown
4212,Mitoxantrone,60198,Exemestane,CYP3A4,P08684,inhibition,Unknown
3954,Loperamide(1+),216239,Sorafenib,CYP3A4,P08684,inhibition,Moderate
3954,Loperamide(1+),216239,Sorafenib,ABCB1 (P-gp),P08183,transporter_inhibition,Moderate
3672,"Ibuprofen, (+-)-",123631,Gefitinib,ABCB1 (P-gp),P08183,transporter_inhibition,Unknown
3672,"Ibuprofen, (+-)-",123631,Gefitinib,CYP2C9,P11712,inhibition,Unknown
3899,Leflunomide,4205,Mirtazapine,CYP2C9,P11712,inhibition,Unknown
3902,Letrozole,60198,Exemestane,CYP19A1,P11511,inhibition,Unknown
3016,Diazepam,5291,Imatinib,ABCB1 (P-gp),P08183,transporter_inhibition,Moderate
3016,Diazepam,5291,Imatinib,CYP3A4,P08684,inhibition,Moderate
2907,Cyclophosphamide,3962,"8-(2-(4-Hydroxy-6-oxooxan-2-yl)ethyl)-3,7-dimethyl-1,2,3,7,8,8a-hexahydronaphthalen-1-yl 2-methylbutanoate",ABCB1 (P-gp),P08183,transporter_inhibition,Unknown
2907,Cyclophosphamide,3962,"8-(2-(4-Hydroxy-6-oxooxan-2-yl)ethyl)-3,7-dimethyl-1,2,3,7,8,8a-hexahydronaphthalen-1-yl 2-methylbutanoate",CYP2C9,P11712,induction,Unknown
2907,Cyclophosphamide,3962,"8-(2-(4-Hydroxy-6-oxooxan-2-yl)ethyl)-3,7-dimethyl-1,2,3,7,8,8a-hexahydronaphthalen-1-yl 2-methylbutanoate",CYP3A4,P08684,inhibition,Unknown
4543,Nortriptyline,5426,Thalidomide,CYP3A5,P20815,induction,Moderate
4543,Nortriptyline,5426,Thalidomide,CYP2C19,P33261,inhibition,Moderate
2764,Ciprofloxacin,5978,Vincristine,CYP3A4,P08684,inhibition,Minor
2764,Ciprofloxacin,5978,Vincristine,ABCB1 (P-gp),P08183,transporter_inhibition,Minor
2764,Ciprofloxacin,5978,Vincristine,ABCB1 (P-gp),P08183,transporter_induction,Minor
2520,Verapamil,5376,"(E,Z)-Tamoxifen",ABCB1 (P-gp),P08183,transporter_induction,Unknown
2520,Verapamil,5376,"(E,Z)-Tamoxifen",ABCB1 (P-gp),P08183,transporter_inhibition,Unknown
2520,Verapamil,5376,"(E,Z)-Tamoxifen",CYP3A4,P08684,induction,Unknown
2520,Verapamil,5376,"(E,Z)-Tamoxifen",CYP3A4,P08684,inhibition,Unknown
1983,Acetaminophen,3690,Ifosfamide,CYP3A4,P08684,inhibition,Unknown
1983,Acetaminophen,3690,Ifosfamide,CYP3A4,P08684,induction,Unknown
4691,"3-(1,3-Benzodioxol-5-yloxymethyl)-4-(4-fluorophenyl)piperidine",60953,Capecitabine,CYP2C9,P11712,inhibition,Unknown
2520,Verapamil,2662,Celecoxib,ABCC4 (MRP4),O15439,transporter_inhibition,Unknown
2520,Verapamil,2662,Celecoxib,CYP2D6,P10635,inhibition,Unknown
4634,Oxybutynin,123631,Gefitinib,CYP2D6,P10635,inhibition,Unknown
2187,Anastrozole,2771,Citalopram,CYP3A4,P08684,inhibition,Unknown
2907,Cyclophosphamide,148192,Atazanavir,CYP3A4,P08684,inhibition,Unknown
2907,Cyclophosphamide,148192,Atazanavir,CYP3A4,P08684,induction,Unknown
2907,Cyclophosphamide,148192,Atazanavir,ABCB1 (P-gp),P08183,transporter_inhibition,Unknown
4946,Propranolol,216239,Sorafenib,ABCB1 (P-gp),P08183,transporter_inhibition,Unknown
4946,Propranolol,216239,Sorafenib,CYP1A2,P05177,inhibition,Unknown
2907,Cyclophosphamide,152945,CID 152945,CYP3A4,P08684,induction,Unknown
2907,Cyclophosphamide,152945,CID 152945,CYP3A4,P08684,inhibition,Unknown
3157,Doxazosin,123631,Gefitinib,ABCB1 (P-gp),P08183,transporter_inhibition,Unknown
3157,Doxazosin,123631,Gefitinib,CYP2C19,P33261,inhibition,Unknown
4178,Mexiletine,14888,Arsenic Trioxide,CYP3A4,P08684,inhibition,Unknown
3899,Leflunomide,3962,"8-(2-(4-Hydroxy-6-oxooxan-2-yl)ethyl)-3,7-dimethyl-1,2,3,7,8,8a-hexahydronaphthalen-1-yl 2-methylbutanoate",CYP2C9,P11712,inhibition,Major
3899,Leflunomide,3962,"8-(2-(4-Hydroxy-6-oxooxan-2-yl)ethyl)-3,7-dimethyl-1,2,3,7,8,8a-hexahydronaphthalen-1-yl 2-methylbutanoate",CYP2C9,P11712,induction,Major
2250,Atorvastatin EP Impurity B,216239,Sorafenib,CYP3A4,P08684,inhibition,Unknown
2250,Atorvastatin EP Impurity B,216239,Sorafenib,CYP3A4,P08684,induction,Unknown
2250,Atorvastatin EP Impurity B,216239,Sorafenib,ABCB1 (P-gp),P08183,transporter_inhibition,Unknown
2662,Celecoxib,4095,Methadone,CYP3A4,P08684,induction,Unknown
2662,Celecoxib,4095,Methadone,CYP3A4,P08684,inhibition,Unknown
3348,Fexofenadine,5291,Imatinib,CYP2D6,P10635,inhibition,Unknown
3348,Fexofenadine,5291,Imatinib,ABCB1 (P-gp),P08183,transporter_inhibition,Unknown
2405,Bisoprolol,2662,Celecoxib,CYP2D6,P10635,inhibition,Unknown
2520,Verapamil,3657,Hydroxyurea,CYP2D6,P10635,inhibition,Unknown
2250,Atorvastatin EP Impurity B,5426,Thalidomide,CYP3A5,P20815,induction,Moderate
2250,Atorvastatin EP Impurity B,5426,Thalidomide,CYP2C19,P33261,inhibition,Moderate
3365,Fluconazole,5426,Thalidomide,CYP3A5,P20815,induction,Moderate
3365,Fluconazole,5426,Thalidomide,CYP2C19,P33261,inhibition,Moderate
65999,Telmisartan,93860,"Bortezomib, (1S,2R)-",CYP2C19,P33261,inhibition,Unknown
4595,Ondansetron,3062316,Dasatinib,CYP1A2,P05177,inhibition,Moderate
54454,Simvastatin,93860,"Bortezomib, (1S,2R)-",CYP3A4,P08684,induction,Moderate
54454,Simvastatin,93860,"Bortezomib, (1S,2R)-",CYP3A4,P08684,inhibition,Moderate
3348,Fexofenadine,176870,Erlotinib,ABCB1 (P-gp),P08183,transporter_inhibition,Unknown
3348,Fexofenadine,176870,Erlotinib,CYP2D6,P10635,inhibition,Unknown
2806,(RS)-Clopidogrel,14888,Arsenic Trioxide,CYP3A4,P08684,inhibition,Unknown
4595,Ondansetron,5426,Thalidomide,CYP1A2,P05177,inhibition,Moderate
4595,Ondansetron,5426,Thalidomide,CYP3A5,P20815,induction,Moderate
2462,Respules,216239,Sorafenib,CYP3A4,P08684,inhibition,Unknown
4927,Promethazine,5291,Imatinib,CYP2C9,P11712,inhibition,Moderate
4927,Promethazine,5291,Imatinib,ABCB1 (P-gp),P08183,transporter_inhibition,Moderate
3478,Glipizide,216239,Sorafenib,CYP3A4,P08684,inhibition,Unknown
4927,Promethazine,60953,Capecitabine,CYP2C9,P11712,inhibition,Unknown
2662,Celecoxib,2803,Clonidine,CYP2D6,P10635,inhibition,Unknown
4173,Metronidazole,123631,Gefitinib,CYP2C9,P11712,inhibition,Unknown
3478,Glipizide,60953,Capecitabine,CYP2C9,P11712,inhibition,Unknown
2662,Celecoxib,4614,Oxaprozin,PTGS2,P35354,inhibition,Moderate
2585,Carvedilol,5978,Vincristine,CYP3A4,P08684,inhibition,Unknown
2585,Carvedilol,5978,Vincristine,ABCB1 (P-gp),P08183,transporter_inhibition,Unknown
2585,Carvedilol,5978,Vincristine,ABCB1 (P-gp),P08183,transporter_induction,Unknown
3365,Fluconazole,3899,Leflunomide,CYP2C9,P11712,inhibition,Major
2662,Celecoxib,4058,Meperidine,CYP2D6,P10635,inhibition,Unknown
4485,Nifedipine,5291,Imatinib,ABCB1 (P-gp),P08183,transporter_induction,Moderate
4485,Nifedipine,5291,Imatinib,ABCB1 (P-gp),P08183,transporter_inhibition,Moderate
4485,Nifedipine,5291,Imatinib,CYP3A4,P08684,induction,Moderate
4485,Nifedipine,5291,Imatinib,CYP3A4,P08684,inhibition,Moderate
2471,Bumetanide,2662,Celecoxib,PTGS2,P35354,inhibition,Moderate
2471,Bumetanide,2662,Celecoxib,PTGS2,P35354,induction,Moderate
3365,Fluconazole,93860,"Bortezomib, (1S,2R)-",CYP3A4,P08684,inhibition,Unknown
3957,Loratadine,5978,Vincristine,ABCB1 (P-gp),P08183,transporter_inhibition,Unknown
3957,Loratadine,5978,Vincristine,CYP3A4,P08684,inhibition,Unknown
3957,Loratadine,5978,Vincristine,CYP3A4,P08684,induction,Unknown
3957,Loratadine,5978,Vincristine,ABCB1 (P-gp),P08183,transporter_induction,Unknown
2250,Atorvastatin EP Impurity B,93860,"Bortezomib, (1S,2R)-",CYP3A4,P08684,induction,Moderate
2250,Atorvastatin EP Impurity B,93860,"Bortezomib, (1S,2R)-",CYP3A4,P08684,inhibition,Moderate
3345,Fentanyl,176870,Erlotinib,CYP3A4,P08684,inhibition,Unknown
3345,Fentanyl,176870,Erlotinib,ABCB1 (P-gp),P08183,transporter_inhibition,Unknown
5376,"(E,Z)-Tamoxifen",5523,2-((Dimethylamino)methyl)-1-(3-methoxyphenyl)cyclohexanol,CYP3A4,P08684,induction,Moderate
5376,"(E,Z)-Tamoxifen",5523,2-((Dimethylamino)methyl)-1-(3-methoxyphenyl)cyclohexanol,CYP3A4,P08684,inhibition,Moderate
4594,Prilosec,123631,Gefitinib,CYP2C19,P33261,inhibition,Moderate
3345,Fentanyl,3902,Letrozole,CYP3A4,P08684,inhibition,Unknown
5152,Salmeterol,5978,Vincristine,CYP3A4,P08684,inhibition,Unknown
2187,Anastrozole,3902,Letrozole,CYP19A1,P11511,inhibition,Unknown
2187,Anastrozole,5391,Temazepam,CYP3A4,P08684,inhibition,Unknown
3957,Loratadine,5291,Imatinib,CYP3A4,P08684,induction,Moderate
3957,Loratadine,5291,Imatinib,ABCB1 (P-gp),P08183,transporter_inhibition,Moderate
3957,Loratadine,5291,Imatinib,CYP3A4,P08684,inhibition,Moderate
3385,5-Fluorouracil,5656,Venlafaxine,CYP2C9,P11712,inhibition,Unknown
3385,5-Fluorouracil,5656,Venlafaxine,ABCG2 (BCRP),Q9UNQ0,transporter_induction,Unknown
2083,Salbutamol,5291,Imatinib,CYP3A4,P08684,inhibition,Unknown
3702,Indapamide,93860,"Bortezomib, (1S,2R)-",CYP3A4,P08684,inhibition,Unknown
3476,"1H-Pyrrole-1-carboxamide, 3-ethyl-2,5-dihydro-4-methyl-N-2-4-(trans-4-methylcyclohexyl)aminocarbonylaminosulfonylphenylethyl-2-oxo-",3899,Leflunomide,CYP2C9,P11712,inhibition,Moderate
3954,Loperamide(1+),5291,Imatinib,ABCB1 (P-gp),P08183,transporter_inhibition,Unknown
3954,Loperamide(1+),5291,Imatinib,CYP3A4,P08684,inhibition,Unknown
4927,Promethazine,5426,Thalidomide,CYP2C9,P11712,inhibition,Moderate
1978,Acebutolol,2662,Celecoxib,CYP2D6,P10635,inhibition,Unknown
2083,Salbutamol,5394,Temozolomide,CYP3A4,P08684,inhibition,Unknown
2083,Salbutamol,5394,Temozolomide,CYP3A4,P08684,induction,Unknown
5376,"(E,Z)-Tamoxifen",5556,Triazolam,CYP2C9,P11712,inhibition,Unknown
5376,"(E,Z)-Tamoxifen",5556,Triazolam,CYP3A4,P08684,induction,Unknown
4171,Metoprolol,176870,Erlotinib,ABCB1 (P-gp),P08183,transporter_inhibition,Unknown
4171,Metoprolol,176870,Erlotinib,CYP2D6,P10635,inhibition,Unknown
2375,Bicalutamide,5732,Zolpidem,CYP3A4,P08684,inhibition,Unknown
3255,"6-((4-(Dimethylamino)-3-hydroxy-6-methyloxan-2-yl)oxy)-14-ethyl-7,12,13-trihydroxy-4-((5-hydroxy-4-methoxy-4,6-dimethyloxan-2-yl)oxy)-3,5,7,9,11,13-hexamethyl-1-oxacyclotetradecane-2,10-dione",10631,Medroxyprogesterone,CYP3A4,P08684,inhibition,Moderate
3255,"6-((4-(Dimethylamino)-3-hydroxy-6-methyloxan-2-yl)oxy)-14-ethyl-7,12,13-trihydroxy-4-((5-hydroxy-4-methoxy-4,6-dimethyloxan-2-yl)oxy)-3,5,7,9,11,13-hexamethyl-1-oxacyclotetradecane-2,10-dione",10631,Medroxyprogesterone,CYP3A4,P08684,induction,Moderate
2585,Carvedilol,3657,Hydroxyurea,CYP2D6,P10635,inhibition,Unknown
3902,Letrozole,5656,Venlafaxine,CYP3A4,P08684,inhibition,Unknown
2907,Cyclophosphamide,3348,Fexofenadine,ABCB1 (P-gp),P08183,transporter_inhibition,Unknown
2907,Cyclophosphamide,3348,Fexofenadine,CYP2D6,P10635,inhibition,Unknown
2907,Cyclophosphamide,3386,Fluoxetine,CYP3A4,P08684,induction,Unknown
2907,Cyclophosphamide,3386,Fluoxetine,CYP3A4,P08684,inhibition,Unknown
2907,Cyclophosphamide,3386,Fluoxetine,ABCB1 (P-gp),P08183,transporter_inhibition,Unknown
2907,Cyclophosphamide,60198,Exemestane,CYP3A4,P08684,induction,Unknown
2907,Cyclophosphamide,60198,Exemestane,CYP3A4,P08684,inhibition,Unknown
2764,Ciprofloxacin,60198,Exemestane,CYP3A4,P08684,inhibition,Unknown
2907,Cyclophosphamide,3463,Gemfibrozil,CYP3A4,P08684,induction,Unknown
2907,Cyclophosphamide,3463,Gemfibrozil,CYP3A4,P08684,inhibition,Unknown
2083,Salbutamol,123631,Gefitinib,CYP3A4,P08684,inhibition,Unknown
5291,Imatinib,5376,"(E,Z)-Tamoxifen",ABCB1 (P-gp),P08183,transporter_induction,Moderate
5291,Imatinib,5376,"(E,Z)-Tamoxifen",ABCB1 (P-gp),P08183,transporter_inhibition,Moderate
5291,Imatinib,5376,"(E,Z)-Tamoxifen",CYP3A4,P08684,induction,Moderate
5291,Imatinib,5376,"(E,Z)-Tamoxifen",CYP3A4,P08684,inhibition,Moderate
150311,Ezetimibe,176870,Erlotinib,ABCG2 (BCRP),Q9UNQ0,transporter_inhibition,Unknown
150311,Ezetimibe,176870,Erlotinib,UGT1A1,P22309,inhibition,Unknown
3488,Glibenclamide,216239,Sorafenib,CYP3A4,P08684,inhibition,Unknown
3488,Glibenclamide,216239,Sorafenib,ABCB1 (P-gp),P08183,transporter_inhibition,Unknown
3899,Leflunomide,3961,Losartan,CYP1A2,P05177,inhibition,Moderate
2162,Amlodipine,4212,Mitoxantrone,CYP3A4,P08684,inhibition,Unknown
2162,Amlodipine,4212,Mitoxantrone,ABCB1 (P-gp),P08183,transporter_induction,Unknown
2162,Amlodipine,4212,Mitoxantrone,ABCB1 (P-gp),P08183,transporter_inhibition,Unknown
5735,Zopiclone,216239,Sorafenib,CYP3A4,P08684,inhibition,Unknown
27661,Isosorbide Mononitrate,93860,"Bortezomib, (1S,2R)-",CYP3A4,P08684,inhibition,Unknown
3345,Fentanyl,5394,Temozolomide,CYP3A4,P08684,inhibition,Unknown
3345,Fentanyl,5394,Temozolomide,CYP3A4,P08684,induction,Unknown
5556,Triazolam,123631,Gefitinib,CYP2C9,P11712,inhibition,Unknown
2662,Celecoxib,3121,Valproic Acid,CYP3A4,P08684,inhibition,Moderate
2662,Celecoxib,3410,Formoterol,CYP2D6,P10635,inhibition,Unknown
3676,Lidocaine,60953,Capecitabine,CYP2C9,P11712,inhibition,Unknown
5394,Temozolomide,216239,Sorafenib,CYP3A4,P08684,inhibition,Unknown
5394,Temozolomide,216239,Sorafenib,CYP3A4,P08684,induction,Unknown
3749,Irbesartan,3902,Letrozole,CYP3A4,P08684,inhibition,Unknown
1775,Phenytoin,3899,Leflunomide,CYP2C9,P11712,inhibition,Major
1775,Phenytoin,3899,Leflunomide,CYP2C9,P11712,induction,Major
2187,Anastrozole,3333,Felodipine,CYP3A4,P08684,inhibition,Unknown
3902,Letrozole,5376,"(E,Z)-Tamoxifen",CYP3A4,P08684,induction,Unknown
3902,Letrozole,5376,"(E,Z)-Tamoxifen",CYP3A4,P08684,inhibition,Unknown
2118,Alprazolam,123631,Gefitinib,CYP2C9,P11712,inhibition,Unknown
2662,Celecoxib,4044,Mefenamic Acid,CYP2C9,P11712,inhibition,Moderate
3016,Diazepam,60198,Exemestane,CYP3A4,P08684,inhibition,Unknown
3883,Lansoprazole,5394,Temozolomide,CYP3A4,P08684,inhibition,Unknown
3883,Lansoprazole,5394,Temozolomide,CYP3A4,P08684,induction,Unknown
3715,Indomethacin,3899,Leflunomide,CYP2C9,P11712,inhibition,Major
54454,Simvastatin,60198,Exemestane,CYP3A4,P08684,induction,Unknown
54454,Simvastatin,60198,Exemestane,CYP3A4,P08684,inhibition,Unknown
2803,Clonidine,5978,Vincristine,CYP3A4,P08684,inhibition,Unknown
2803,Clonidine,5978,Vincristine,ABCB1 (P-gp),P08183,transporter_inhibition,Unknown
2803,Clonidine,5978,Vincristine,ABCB1 (P-gp),P08183,transporter_induction,Unknown
5376,"(E,Z)-Tamoxifen",5426,Thalidomide,CYP3A5,P20815,induction,Major
5376,"(E,Z)-Tamoxifen",5426,Thalidomide,CYP2C19,P33261,inhibition,Major
1690,Doxorubicin (Adriamycin) HCl,3715,Indomethacin,ABCC1,P33527,transporter_inhibition,Unknown
1690,Doxorubicin (Adriamycin) HCl,3715,Indomethacin,UGT2B7,P16662,inhibition,Unknown
2907,Cyclophosphamide,3657,Hydroxyurea,CYP2D6,P10635,inhibition,Moderate
4583,Ofloxacin,5376,"(E,Z)-Tamoxifen",CYP1A2,P05177,inhibition,Moderate
4583,Ofloxacin,5376,"(E,Z)-Tamoxifen",ABCC2 (MRP2),Q92887,transporter_inhibition,Moderate
5090,Rofecoxib,5426,Thalidomide,PTGS2,P35354,inhibition,Unknown
444,Bupropion,60953,Capecitabine,CYP2C9,P11712,inhibition,Unknown
2585,Carvedilol,93860,"Bortezomib, (1S,2R)-",CYP1A2,P05177,inhibition,Unknown
5656,Venlafaxine,93860,"Bortezomib, (1S,2R)-",CYP3A4,P08684,inhibition,Unknown
2250,Atorvastatin EP Impurity B,60198,Exemestane,CYP3A4,P08684,induction,Unknown
2250,Atorvastatin EP Impurity B,60198,Exemestane,CYP3A4,P08684,inhibition,Unknown
1986,Acetazolamide,2662,Celecoxib,CYP3A4,P08684,inhibition,Unknown
4485,Nifedipine,60953,Capecitabine,CYP2C9,P11712,inhibition,Unknown
4485,Nifedipine,60953,Capecitabine,CYP2C9,P11712,induction,Unknown
2478,Busulfan,5978,Vincristine,CYP3A4,P08684,inhibition,Unknown
4205,Mirtazapine,4212,Mitoxantrone,CYP3A4,P08684,inhibition,Unknown
2662,Celecoxib,3657,Hydroxyurea,CYP2D6,P10635,inhibition,Unknown
3749,Irbesartan,176870,Erlotinib,CYP2C8,P10632,inhibition,Unknown
2478,Busulfan,4212,Mitoxantrone,CYP3A4,P08684,inhibition,Moderate
4112,"Methotrexate, (A+-)-",5035,Raloxifene,AOX1,Q06278,inhibition,Unknown
2662,Celecoxib,5584,Trimipramine,CYP2D6,P10635,inhibition,Moderate
2554,Carbamazepine,60953,Capecitabine,CYP2C9,P11712,induction,Unknown
2554,Carbamazepine,60953,Capecitabine,CYP2C9,P11712,inhibition,Unknown
2187,Anastrozole,3478,Glipizide,CYP3A4,P08684,inhibition,Unknown
2764,Ciprofloxacin,3062316,Dasatinib,CYP1A2,P05177,inhibition,Moderate
2764,Ciprofloxacin,3062316,Dasatinib,ABCB1 (P-gp),P08183,transporter_inhibition,Moderate
2803,Clonidine,2907,Cyclophosphamide,ABCB1 (P-gp),P08183,transporter_inhibition,Unknown
2803,Clonidine,2907,Cyclophosphamide,CYP3A4,P08684,induction,Unknown
2803,Clonidine,2907,Cyclophosphamide,CYP3A4,P08684,inhibition,Unknown
4917,Prochlorperazine,5978,Vincristine,CYP3A4,P08684,inhibition,Unknown
2907,Cyclophosphamide,3715,Indomethacin,ABCB1 (P-gp),P08183,transporter_inhibition,Minor
2907,Cyclophosphamide,3715,Indomethacin,CYP2C9,P11712,induction,Minor
2907,Cyclophosphamide,3715,Indomethacin,CYP2C19,P33261,inhibition,Minor
2812,Clotrimazole,123631,Gefitinib,ABCB1 (P-gp),P08183,transporter_inhibition,Moderate
2812,Clotrimazole,123631,Gefitinib,CYP3A4,P08684,induction,Moderate
2812,Clotrimazole,123631,Gefitinib,CYP2C9,P11712,inhibition,Moderate
2812,Clotrimazole,123631,Gefitinib,ABCB1 (P-gp),P08183,transporter_induction,Moderate
3962,"8-(2-(4-Hydroxy-6-oxooxan-2-yl)ethyl)-3,7-dimethyl-1,2,3,7,8,8a-hexahydronaphthalen-1-yl 2-methylbutanoate",5376,"(E,Z)-Tamoxifen",ABCB1 (P-gp),P08183,transporter_induction,Unknown
3962,"8-(2-(4-Hydroxy-6-oxooxan-2-yl)ethyl)-3,7-dimethyl-1,2,3,7,8,8a-hexahydronaphthalen-1-yl 2-methylbutanoate",5376,"(E,Z)-Tamoxifen",ABCB1 (P-gp),P08183,transporter_inhibition,Unknown
3962,"8-(2-(4-Hydroxy-6-oxooxan-2-yl)ethyl)-3,7-dimethyl-1,2,3,7,8,8a-hexahydronaphthalen-1-yl 2-methylbutanoate",5376,"(E,Z)-Tamoxifen",CYP3A4,P08684,induction,Unknown
3962,"8-(2-(4-Hydroxy-6-oxooxan-2-yl)ethyl)-3,7-dimethyl-1,2,3,7,8,8a-hexahydronaphthalen-1-yl 2-methylbutanoate",5376,"(E,Z)-Tamoxifen",CYP3A4,P08684,inhibition,Unknown
3385,5-Fluorouracil,4205,Mirtazapine,CYP2C9,P11712,inhibition,Unknown
5376,"(E,Z)-Tamoxifen",60953,Capecitabine,CYP2C9,P11712,inhibition,Unknown
2907,Cyclophosphamide,3767,Isoniazid,CYP3A4,P08684,inhibition,Unknown
2907,Cyclophosphamide,3767,Isoniazid,CYP3A4,P08684,induction,Unknown
2550,1-(2-Methyl-3-sulfanylpropanoyl)proline,2662,Celecoxib,CYP2D6,P10635,inhibition,Moderate
1983,Acetaminophen,3899,Leflunomide,CYP2C9,P11712,inhibition,Major
3476,"1H-Pyrrole-1-carboxamide, 3-ethyl-2,5-dihydro-4-methyl-N-2-4-(trans-4-methylcyclohexyl)aminocarbonylaminosulfonylphenylethyl-2-oxo-",123631,Gefitinib,CYP2C9,P11712,inhibition,Unknown
2462,Respules,93860,"Bortezomib, (1S,2R)-",CYP3A4,P08684,inhibition,Unknown
2187,Anastrozole,3345,Fentanyl,CYP3A4,P08684,inhibition,Unknown
2187,Anastrozole,3672,"Ibuprofen, (+-)-",CYP2C9,P11712,inhibition,Unknown
3032,Arthrotec,3385,5-Fluorouracil,CYP2C9,P11712,inhibition,Unknown
3032,Arthrotec,3385,5-Fluorouracil,ABCC4 (MRP4),O15439,transporter_inhibition,Unknown
2187,Anastrozole,5090,Rofecoxib,CYP3A4,P08684,induction,Unknown
2187,Anastrozole,5090,Rofecoxib,CYP1A2,P05177,inhibition,Unknown
2662,Celecoxib,1349907,Methimazole,CYP3A4,P08684,inhibition,Unknown
3121,Valproic Acid,5978,Vincristine,CYP3A4,P08684,inhibition,Unknown
5656,Venlafaxine,176870,Erlotinib,ABCG2 (BCRP),Q9UNQ0,transporter_induction,Unknown
5656,Venlafaxine,176870,Erlotinib,CYP3A4,P08684,inhibition,Unknown
5656,Venlafaxine,176870,Erlotinib,ABCG2 (BCRP),Q9UNQ0,transporter_inhibition,Unknown
5391,Temazepam,176870,Erlotinib,CYP2C8,P10632,inhibition,Unknown
2375,Bicalutamide,2806,(RS)-Clopidogrel,CYP2C9,P11712,inhibition,Unknown
3016,Diazepam,4212,Mitoxantrone,CYP3A4,P08684,inhibition,Unknown
3016,Diazepam,4212,Mitoxantrone,ABCB1 (P-gp),P08183,transporter_induction,Unknown
3016,Diazepam,4212,Mitoxantrone,ABCB1 (P-gp),P08183,transporter_inhibition,Unknown
2907,Cyclophosphamide,3672,"Ibuprofen, (+-)-",ABCB1 (P-gp),P08183,transporter_inhibition,Unknown
2907,Cyclophosphamide,3672,"Ibuprofen, (+-)-",CYP2C9,P11712,inhibition,Unknown
2907,Cyclophosphamide,3672,"Ibuprofen, (+-)-",CYP2C9,P11712,induction,Unknown
2803,Clonidine,216239,Sorafenib,ABCB1 (P-gp),P08183,transporter_inhibition,Unknown
2803,Clonidine,216239,Sorafenib,CYP1A2,P05177,inhibition,Unknown
1983,Acetaminophen,4212,Mitoxantrone,ABCB1 (P-gp),P08183,transporter_induction,Unknown
1983,Acetaminophen,4212,Mitoxantrone,CYP3A4,P08684,inhibition,Unknown
1983,Acetaminophen,4212,Mitoxantrone,CYP3A4,P08684,induction,Unknown
1983,Acetaminophen,4212,Mitoxantrone,ABCB1 (P-gp),P08183,transporter_inhibition,Unknown
5426,Thalidomide,14888,Arsenic Trioxide,CYP1A1,P04798,inhibition,Moderate
3386,Fluoxetine,3899,Leflunomide,CYP2C9,P11712,inhibition,Unknown
2907,Cyclophosphamide,5732,Zolpidem,CYP3A4,P08684,induction,Unknown
2907,Cyclophosphamide,5732,Zolpidem,CYP3A4,P08684,inhibition,Unknown
3672,"Ibuprofen, (+-)-",60953,Capecitabine,CYP2C9,P11712,inhibition,Unknown
3883,Lansoprazole,5291,Imatinib,ABCB1 (P-gp),P08183,transporter_inhibition,Moderate
3883,Lansoprazole,5291,Imatinib,CYP3A4,P08684,inhibition,Moderate
3883,Lansoprazole,5291,Imatinib,CYP1A2,P05177,induction,Moderate
3148,Anzemet,93860,"Bortezomib, (1S,2R)-",CYP3A4,P08684,inhibition,Unknown
5453,Thiotepa,5978,Vincristine,CYP3A4,P08684,inhibition,Unknown
2187,Anastrozole,2764,Ciprofloxacin,CYP1A2,P05177,inhibition,Unknown
3657,Hydroxyurea,3954,Loperamide(1+),CYP2D6,P10635,inhibition,Unknown
2907,Cyclophosphamide,5512,2-(3-(Di(propan-2-yl)amino)-1-phenylpropyl)-4-methylphenol,CYP3A4,P08684,induction,Unknown
2907,Cyclophosphamide,5512,2-(3-(Di(propan-2-yl)amino)-1-phenylpropyl)-4-methylphenol,CYP3A4,P08684,inhibition,Unknown
5035,Raloxifene,93860,"Bortezomib, (1S,2R)-",CYP3A4,P08684,inhibition,Unknown
123631,Gefitinib,176870,Erlotinib,CYP2D6,P10635,inhibition,Unknown
123631,Gefitinib,176870,Erlotinib,ABCG2 (BCRP),Q9UNQ0,transporter_inhibition,Unknown
2250,Atorvastatin EP Impurity B,3657,Hydroxyurea,CYP2D6,P10635,inhibition,Unknown
2662,Celecoxib,60795,Aripiprazole,CYP2D6,P10635,induction,Moderate
2662,Celecoxib,60795,Aripiprazole,CYP2D6,P10635,inhibition,Moderate
2187,Anastrozole,2806,(RS)-Clopidogrel,CYP2C9,P11712,inhibition,Unknown
60953,Capecitabine,123631,Gefitinib,CYP2C9,P11712,inhibition,Unknown
2812,Clotrimazole,5376,"(E,Z)-Tamoxifen",ABCB1 (P-gp),P08183,transporter_induction,Unknown
2812,Clotrimazole,5376,"(E,Z)-Tamoxifen",ABCB1 (P-gp),P08183,transporter_inhibition,Unknown
2812,Clotrimazole,5376,"(E,Z)-Tamoxifen",CYP3A4,P08684,induction,Unknown
2812,Clotrimazole,5376,"(E,Z)-Tamoxifen",CYP3A4,P08684,inhibition,Unknown
444,Bupropion,5291,Imatinib,CYP3A4,P08684,inhibition,Unknown
2662,Celecoxib,93860,"Bortezomib, (1S,2R)-",CYP3A4,P08684,inhibition,Unknown
2812,Clotrimazole,3385,5-Fluorouracil,CYP2C9,P11712,inhibition,Unknown
2812,Clotrimazole,3385,5-Fluorouracil,ABCC3,O15438,transporter_induction,Unknown
4829,Pioglitazone,5426,Thalidomide,CYP2C19,P33261,inhibition,Unknown
2662,Celecoxib,2756,Cimetidine,CYP3A4,P08684,inhibition,Moderate
5291,Imatinib,5978,Vincristine,CYP3A4,P08684,inhibition,Moderate
5291,Imatinib,5978,Vincristine,ABCB1 (P-gp),P08183,transporter_inhibition,Moderate
5291,Imatinib,5978,Vincristine,ABCB1 (P-gp),P08183,transporter_induction,Moderate
2662,Celecoxib,148211,"Palonosetron, (3aR)-",CYP2D6,P10635,inhibition,Unknown
2187,Anastrozole,2244,Aspirin,CYP2C9,P11712,inhibition,Unknown
4917,Prochlorperazine,216239,Sorafenib,CYP3A4,P08684,inhibition,Moderate
2244,Aspirin,93860,"Bortezomib, (1S,2R)-",CYP2C19,P33261,induction,Unknown
2244,Aspirin,93860,"Bortezomib, (1S,2R)-",CYP2C9,P11712,inhibition,Unknown
3385,5-Fluorouracil,4691,"3-(1,3-Benzodioxol-5-yloxymethyl)-4-(4-fluorophenyl)piperidine",CYP2C9,P11712,inhibition,Unknown
444,Bupropion,4212,Mitoxantrone,CYP3A4,P08684,inhibition,Unknown
2662,Celecoxib,3148,Anzemet,CYP2D6,P10635,inhibition,Unknown
942,3-(1-Methylpyrrolidin-2-yl)pyridine,3385,5-Fluorouracil,CYP2C9,P11712,inhibition,Unknown
942,3-(1-Methylpyrrolidin-2-yl)pyridine,3385,5-Fluorouracil,CYP1A2,P05177,induction,Unknown
2250,Atorvastatin EP Impurity B,5376,"(E,Z)-Tamoxifen",ABCB1 (P-gp),P08183,transporter_induction,Unknown
2250,Atorvastatin EP Impurity B,5376,"(E,Z)-Tamoxifen",ABCB1 (P-gp),P08183,transporter_inhibition,Unknown
2250,Atorvastatin EP Impurity B,5376,"(E,Z)-Tamoxifen",CYP3A4,P08684,induction,Unknown
2250,Atorvastatin EP Impurity B,5376,"(E,Z)-Tamoxifen",CYP3A4,P08684,inhibition,Unknown
3365,Fluconazole,3902,Letrozole,CYP3A4,P08684,inhibition,Unknown
2662,Celecoxib,2712,"7-Chloro-2-(methylimino)-5-phenyl-2,3-dihydro-4H-1,4-benzodiazepin-4-ol",CYP2D6,P10635,inhibition,Unknown
2662,Celecoxib,4158,Methylphenidate,CYP2D6,P10635,inhibition,Unknown
2764,Ciprofloxacin,123631,Gefitinib,ABCB1 (P-gp),P08183,transporter_inhibition,Moderate
2764,Ciprofloxacin,123631,Gefitinib,CYP3A4,P08684,inhibition,Moderate
2764,Ciprofloxacin,5394,Temozolomide,CYP3A4,P08684,inhibition,Minor
2764,Ciprofloxacin,5394,Temozolomide,CYP3A4,P08684,induction,Minor
2803,Clonidine,93860,"Bortezomib, (1S,2R)-",CYP1A2,P05177,inhibition,Unknown
2662,Celecoxib,3152,Donepezil,CYP2D6,P10635,inhibition,Minor
2478,Busulfan,4173,Metronidazole,CYP3A4,P08684,inhibition,Major
2162,Amlodipine,2662,Celecoxib,CYP2D6,P10635,inhibition,Unknown
2375,Bicalutamide,2771,Citalopram,CYP2D6,P10635,inhibition,Major
5656,Venlafaxine,216239,Sorafenib,CYP3A4,P08684,inhibition,Moderate
5656,Venlafaxine,216239,Sorafenib,ABCG2 (BCRP),Q9UNQ0,transporter_induction,Moderate
5656,Venlafaxine,216239,Sorafenib,ABCB1 (P-gp),P08183,transporter_inhibition,Moderate
2118,Alprazolam,2187,Anastrozole,CYP3A4,P08684,inhibition,Unknown
4679,Pantoprazole,123631,Gefitinib,CYP3A4,P08684,induction,Moderate
4679,Pantoprazole,123631,Gefitinib,ABCB1 (P-gp),P08183,transporter_inhibition,Moderate
4679,Pantoprazole,123631,Gefitinib,CYP2C9,P11712,inhibition,Moderate
3385,5-Fluorouracil,5732,Zolpidem,CYP2C9,P11712,inhibition,Unknown
3478,Glipizide,93860,"Bortezomib, (1S,2R)-",CYP3A4,P08684,inhibition,Moderate
3883,Lansoprazole,93860,"Bortezomib, (1S,2R)-",CYP1A2,P05177,inhibition,Unknown
3883,Lansoprazole,93860,"Bortezomib, (1S,2R)-",CYP1A2,P05177,induction,Unknown
2187,Anastrozole,5732,Zolpidem,CYP1A2,P05177,inhibition,Unknown
3883,Lansoprazole,176870,Erlotinib,CYP2C8,P10632,inhibition,Major
3883,Lansoprazole,176870,Erlotinib,ABCG2 (BCRP),Q9UNQ0,transporter_inhibition,Major
3883,Lansoprazole,176870,Erlotinib,CYP1A2,P05177,induction,Major
2662,Celecoxib,2812,Clotrimazole,CYP3A4,P08684,induction,Unknown
2662,Celecoxib,2812,Clotrimazole,CYP3A4,P08684,inhibition,Unknown
2907,Cyclophosphamide,150311,Ezetimibe,ABCB1 (P-gp),P08183,transporter_inhibition,Unknown
2907,Cyclophosphamide,150311,Ezetimibe,CYP3A4,P08684,induction,Unknown
2907,Cyclophosphamide,150311,Ezetimibe,CYP3A4,P08684,inhibition,Unknown
3899,Leflunomide,5732,Zolpidem,CYP2C9,P11712,inhibition,Unknown
4595,Ondansetron,216239,Sorafenib,CYP1A2,P05177,inhibition,Moderate
27661,Isosorbide Mononitrate,216239,Sorafenib,CYP3A4,P08684,inhibition,Unknown
2907,Cyclophosphamide,4171,Metoprolol,ABCB1 (P-gp),P08183,transporter_inhibition,Unknown
2907,Cyclophosphamide,4171,Metoprolol,CYP2D6,P10635,inhibition,Unknown
3957,Loratadine,123631,Gefitinib,ABCB1 (P-gp),P08183,transporter_inhibition,Unknown
3957,Loratadine,123631,Gefitinib,CYP3A4,P08684,induction,Unknown
3957,Loratadine,123631,Gefitinib,CYP2C9,P11712,inhibition,Unknown
2907,Cyclophosphamide,4691,"3-(1,3-Benzodioxol-5-yloxymethyl)-4-(4-fluorophenyl)piperidine",ABCB1 (P-gp),P08183,transporter_inhibition,Unknown
2907,Cyclophosphamide,4691,"3-(1,3-Benzodioxol-5-yloxymethyl)-4-(4-fluorophenyl)piperidine",CYP2C9,P11712,induction,Unknown
2907,Cyclophosphamide,4691,"3-(1,3-Benzodioxol-5-yloxymethyl)-4-(4-fluorophenyl)piperidine",CYP2C9,P11712,inhibition,Unknown
2662,Celecoxib,5090,Rofecoxib,CYP3A4,P08684,induction,Unknown
2662,Celecoxib,5090,Rofecoxib,PTGS2,P35354,inhibition,Unknown
2662,Celecoxib,5090,Rofecoxib,ABCC4 (MRP4),O15439,transporter_inhibition,Unknown
2812,Clotrimazole,10631,Medroxyprogesterone,CYP3A4,P08684,induction,Moderate
2812,Clotrimazole,10631,Medroxyprogesterone,CYP2C9,P11712,inhibition,Moderate
4583,Ofloxacin,3062316,Dasatinib,CYP1A2,P05177,inhibition,Moderate
2244,Aspirin,2662,Celecoxib,PTGS2,P35354,inhibition,Moderate
2764,Ciprofloxacin,2907,Cyclophosphamide,ABCB1 (P-gp),P08183,transporter_inhibition,Minor
2764,Ciprofloxacin,2907,Cyclophosphamide,CYP3A4,P08684,induction,Minor
2764,Ciprofloxacin,2907,Cyclophosphamide,CYP3A4,P08684,inhibition,Minor
3690,Ifosfamide,5426,Thalidomide,CYP3A5,P20815,induction,Major
3690,Ifosfamide,5426,Thalidomide,CYP2C19,P33261,inhibition,Major
3348,Fexofenadine,3657,Hydroxyurea,CYP2D6,P10635,inhibition,Unknown
3883,Lansoprazole,3902,Letrozole,CYP3A4,P08684,induction,Unknown
3883,Lansoprazole,3902,Letrozole,CYP3A4,P08684,inhibition,Unknown
3478,Glipizide,123631,Gefitinib,CYP2C9,P11712,inhibition,Unknown
3657,Hydroxyurea,5512,2-(3-(Di(propan-2-yl)amino)-1-phenylpropyl)-4-methylphenol,CYP2D6,P10635,inhibition,Unknown
5732,Zolpidem,123631,Gefitinib,CYP2C9,P11712,inhibition,Unknown
2907,Cyclophosphamide,27661,Isosorbide Mononitrate,CYP3A4,P08684,induction,Unknown
2907,Cyclophosphamide,27661,Isosorbide Mononitrate,CYP3A4,P08684,inhibition,Unknown
3899,Leflunomide,5095,Ropinirole,CYP1A2,P05177,inhibition,Unknown
3657,Hydroxyurea,5732,Zolpidem,CYP2D6,P10635,inhibition,Unknown
5426,Thalidomide,71616,Voriconazole,CYP3A5,P20815,induction,Moderate
5426,Thalidomide,71616,Voriconazole,CYP2C9,P11712,inhibition,Moderate
3365,Fluconazole,5453,Thiotepa,CYP3A4,P08684,inhibition,Unknown
3365,Fluconazole,216239,Sorafenib,CYP3A4,P08684,inhibition,Moderate
3365,Fluconazole,216239,Sorafenib,ABCB1 (P-gp),P08183,transporter_inhibition,Moderate
3385,5-Fluorouracil,3488,Glibenclamide,ABCC3,O15438,transporter_inhibition,Unknown
3385,5-Fluorouracil,3488,Glibenclamide,CYP2C9,P11712,inhibition,Unknown
2250,Atorvastatin EP Impurity B,82146,Bexarotene,CYP3A4,P08684,induction,Moderate
2250,Atorvastatin EP Impurity B,82146,Bexarotene,CYP3A4,P08684,inhibition,Moderate
3510,(3H)granisetron,4212,Mitoxantrone,CYP3A4,P08684,inhibition,Unknown
2375,Bicalutamide,4594,Prilosec,CYP2C19,P33261,inhibition,Unknown
10631,Medroxyprogesterone,104865,Bosentan,CYP3A4,P08684,induction,Major
10631,Medroxyprogesterone,104865,Bosentan,CYP2C9,P11712,inhibition,Major
3899,Leflunomide,4614,Oxaprozin,CYP2C9,P11712,inhibition,Major
2187,Anastrozole,3032,Arthrotec,CYP1A2,P05177,inhibition,Unknown
2907,Cyclophosphamide,4927,Promethazine,ABCB1 (P-gp),P08183,transporter_inhibition,Unknown
2907,Cyclophosphamide,4927,Promethazine,CYP2C9,P11712,inhibition,Unknown
2907,Cyclophosphamide,4927,Promethazine,CYP2C9,P11712,induction,Unknown
3345,Fentanyl,123631,Gefitinib,CYP3A4,P08684,inhibition,Unknown
3345,Fentanyl,123631,Gefitinib,ABCB1 (P-gp),P08183,transporter_inhibition,Unknown
2662,Celecoxib,5376,"(E,Z)-Tamoxifen",CYP3A4,P08684,induction,Major
2662,Celecoxib,5376,"(E,Z)-Tamoxifen",CYP3A4,P08684,inhibition,Major
2187,Anastrozole,3386,Fluoxetine,CYP1A2,P05177,inhibition,Unknown
3749,Irbesartan,216239,Sorafenib,CYP1A2,P05177,inhibition,Unknown
4425,"4a,9-dihydroxy-3-prop-2-enyl-2,4,5,6,7a,13-hexahydro-1H-4,12-methanobenzofuro(3,2-e)isoquinoline-7-one",93860,"Bortezomib, (1S,2R)-",CYP3A4,P08684,inhibition,Unknown
2375,Bicalutamide,3823,"1-(4-(4-((2-(2,4-Dichlorophenyl)-2-(1H-imidazol-1-ylmethyl)-1,3-dioxolan-4-yl)methoxy)phenyl)piperazin-1-yl)ethanone",CYP3A4,P08684,inhibition,Moderate
2250,Atorvastatin EP Impurity B,5394,Temozolomide,CYP3A4,P08684,induction,Unknown
2250,Atorvastatin EP Impurity B,5394,Temozolomide,CYP3A4,P08684,inhibition,Unknown
2907,Cyclophosphamide,3823,"1-(4-(4-((2-(2,4-Dichlorophenyl)-2-(1H-imidazol-1-ylmethyl)-1,3-dioxolan-4-yl)methoxy)phenyl)piperazin-1-yl)ethanone",CYP3A4,P08684,inhibition,Unknown
2907,Cyclophosphamide,3823,"1-(4-(4-((2-(2,4-Dichlorophenyl)-2-(1H-imidazol-1-ylmethyl)-1,3-dioxolan-4-yl)methoxy)phenyl)piperazin-1-yl)ethanone",CYP3A4,P08684,induction,Unknown
2907,Cyclophosphamide,3823,"1-(4-(4-((2-(2,4-Dichlorophenyl)-2-(1H-imidazol-1-ylmethyl)-1,3-dioxolan-4-yl)methoxy)phenyl)piperazin-1-yl)ethanone",ABCB1 (P-gp),P08183,transporter_inhibition,Unknown
3749,Irbesartan,5291,Imatinib,CYP3A4,P08684,inhibition,Unknown
3672,"Ibuprofen, (+-)-",5291,Imatinib,CYP2C9,P11712,inhibition,Moderate
3672,"Ibuprofen, (+-)-",5291,Imatinib,ABCB1 (P-gp),P08183,transporter_inhibition,Moderate
14888,Arsenic Trioxide,148211,"Palonosetron, (3aR)-",CYP3A4,P08684,inhibition,Major
2187,Anastrozole,3749,Irbesartan,CYP1A2,P05177,inhibition,Unknown
2907,Cyclophosphamide,3148,Anzemet,CYP3A4,P08684,induction,Unknown
2907,Cyclophosphamide,3148,Anzemet,CYP3A4,P08684,inhibition,Unknown
2662,Celecoxib,3339,Fenofibrate,CYP2C9,P11712,inhibition,Moderate
3657,Hydroxyurea,3957,Loratadine,CYP2D6,P10635,inhibition,Unknown
3657,Hydroxyurea,3957,Loratadine,CYP2D6,P10635,induction,Unknown
2187,Anastrozole,4594,Prilosec,CYP3A4,P08684,inhibition,Unknown
2187,Anastrozole,2520,Verapamil,CYP3A4,P08684,inhibition,Unknown
4168,Metoclopramide,13342,Vinblastine,CYP2D6,P10635,inhibition,Unknown
4168,Metoclopramide,5291,Imatinib,CYP2D6,P10635,inhibition,Unknown
3339,Fenofibrate,5291,Imatinib,CYP3A4,P08684,inhibition,Unknown
3902,Letrozole,3961,Losartan,CYP3A4,P08684,inhibition,Unknown
4634,Oxybutynin,93860,"Bortezomib, (1S,2R)-",CYP3A4,P08684,inhibition,Unknown
3345,Fentanyl,5978,Vincristine,CYP3A4,P08684,inhibition,Unknown
3345,Fentanyl,5978,Vincristine,ABCB1 (P-gp),P08183,transporter_inhibition,Unknown
3345,Fentanyl,5978,Vincristine,ABCB1 (P-gp),P08183,transporter_induction,Unknown
2764,Ciprofloxacin,216239,Sorafenib,ABCB1 (P-gp),P08183,transporter_inhibition,Moderate
2764,Ciprofloxacin,216239,Sorafenib,CYP1A2,P05177,inhibition,Moderate
3032,Arthrotec,123631,Gefitinib,ABCB1 (P-gp),P08183,transporter_inhibition,Unknown
3032,Arthrotec,123631,Gefitinib,CYP2C9,P11712,inhibition,Unknown
2160,Amitriptyline,3385,5-Fluorouracil,CYP2C9,P11712,inhibition,Unknown
3690,Ifosfamide,13342,Vinblastine,CYP3A4,P08684,inhibition,Moderate
3690,Ifosfamide,13342,Vinblastine,CYP3A4,P08684,induction,Moderate
4168,Metoclopramide,5376,"(E,Z)-Tamoxifen",CYP2D6,P10635,inhibition,Unknown
2662,Celecoxib,5717,Zafirlukast,CYP3A4,P08684,inhibition,Moderate
4212,Mitoxantrone,4634,Oxybutynin,CYP3A4,P08684,inhibition,Unknown
3883,Lansoprazole,123631,Gefitinib,CYP3A4,P08684,induction,Moderate
3883,Lansoprazole,123631,Gefitinib,ABCB1 (P-gp),P08183,transporter_inhibition,Moderate
3883,Lansoprazole,123631,Gefitinib,CYP2C9,P11712,inhibition,Moderate
2083,Salbutamol,60198,Exemestane,CYP3A4,P08684,inhibition,Unknown
3902,Letrozole,5035,Raloxifene,CYP3A4,P08684,inhibition,Unknown
3385,5-Fluorouracil,3902,Letrozole,CYP2A6,P11509,inhibition,Unknown
3333,Felodipine,93860,"Bortezomib, (1S,2R)-",CYP3A4,P08684,inhibition,Unknown
4173,Metronidazole,176870,Erlotinib,CYP2C8,P10632,inhibition,Unknown
3883,Lansoprazole,60953,Capecitabine,CYP2C9,P11712,induction,Unknown
3883,Lansoprazole,60953,Capecitabine,CYP2C9,P11712,inhibition,Unknown
3121,Valproic Acid,5376,"(E,Z)-Tamoxifen",CYP3A4,P08684,induction,Unknown
3121,Valproic Acid,5376,"(E,Z)-Tamoxifen",CYP3A4,P08684,inhibition,Unknown
444,Bupropion,2907,Cyclophosphamide,CYP3A4,P08684,induction,Moderate
444,Bupropion,2907,Cyclophosphamide,CYP3A4,P08684,inhibition,Moderate
2118,Alprazolam,3899,Leflunomide,CYP2C9,P11712,inhibition,Unknown
2907,Cyclophosphamide,3658,Hydroxyzine,CYP2D6,P10635,inhibition,Unknown
3657,Hydroxyurea,4168,Metoclopramide,CYP2D6,P10635,inhibition,Unknown
2907,Cyclophosphamide,3957,Loratadine,ABCB1 (P-gp),P08183,transporter_inhibition,Unknown
2907,Cyclophosphamide,3957,Loratadine,CYP3A4,P08684,induction,Unknown
2907,Cyclophosphamide,3957,Loratadine,CYP3A4,P08684,inhibition,Unknown
5391,Temazepam,93860,"Bortezomib, (1S,2R)-",CYP3A4,P08684,inhibition,Unknown
4679,Pantoprazole,14888,Arsenic Trioxide,CYP3A4,P08684,inhibition,Unknown
4679,Pantoprazole,14888,Arsenic Trioxide,ABCB1 (P-gp),P08183,transporter_inhibition,Unknown
4679,Pantoprazole,14888,Arsenic Trioxide,CYP3A4,P08684,induction,Unknown
3488,Glibenclamide,93860,"Bortezomib, (1S,2R)-",CYP3A4,P08684,inhibition,Moderate
3016,Diazepam,5394,Temozolomide,CYP3A4,P08684,inhibition,Unknown
3016,Diazepam,5394,Temozolomide,CYP3A4,P08684,induction,Unknown
2250,Atorvastatin EP Impurity B,5978,Vincristine,CYP3A4,P08684,inhibition,Moderate
2250,Atorvastatin EP Impurity B,5978,Vincristine,CYP3A4,P08684,induction,Moderate
2250,Atorvastatin EP Impurity B,5978,Vincristine,ABCB1 (P-gp),P08183,transporter_inhibition,Moderate
2250,Atorvastatin EP Impurity B,5978,Vincristine,ABCB1 (P-gp),P08183,transporter_induction,Moderate
2812,Clotrimazole,5978,Vincristine,CYP3A4,P08684,inhibition,Unknown
2812,Clotrimazole,5978,Vincristine,CYP3A4,P08684,induction,Unknown
2812,Clotrimazole,5978,Vincristine,ABCB1 (P-gp),P08183,transporter_inhibition,Unknown
2812,Clotrimazole,5978,Vincristine,ABCB1 (P-gp),P08183,transporter_induction,Unknown
3696,Imipramine,5376,"(E,Z)-Tamoxifen",ABCB1 (P-gp),P08183,transporter_induction,Moderate
3696,Imipramine,5376,"(E,Z)-Tamoxifen",ABCB1 (P-gp),P08183,transporter_inhibition,Moderate
3696,Imipramine,5376,"(E,Z)-Tamoxifen",CYP3A4,P08684,induction,Moderate
3696,Imipramine,5376,"(E,Z)-Tamoxifen",CYP3A4,P08684,inhibition,Moderate
3883,Lansoprazole,5978,Vincristine,CYP3A4,P08684,induction,Unknown
3883,Lansoprazole,5978,Vincristine,CYP3A4,P08684,inhibition,Unknown
3883,Lansoprazole,5978,Vincristine,ABCB1 (P-gp),P08183,transporter_inhibition,Unknown
3883,Lansoprazole,5978,Vincristine,ABCB1 (P-gp),P08183,transporter_induction,Unknown
3690,Ifosfamide,54454,Simvastatin,CYP3A4,P08684,induction,Unknown
3690,Ifosfamide,54454,Simvastatin,CYP3A4,P08684,inhibition,Unknown
2160,Amitriptyline,2187,Anastrozole,CYP1A2,P05177,inhibition,Unknown
5376,"(E,Z)-Tamoxifen",124087,Desloratadine,ABCB1 (P-gp),P08183,transporter_inhibition,Unknown
5376,"(E,Z)-Tamoxifen",124087,Desloratadine,CYP1A2,P05177,inhibition,Unknown
5376,"(E,Z)-Tamoxifen",124087,Desloratadine,ABCB1 (P-gp),P08183,transporter_induction,Unknown
3345,Fentanyl,14888,Arsenic Trioxide,CYP3A4,P08684,inhibition,Unknown
3345,Fentanyl,14888,Arsenic Trioxide,ABCB1 (P-gp),P08183,transporter_inhibition,Unknown
2662,Celecoxib,3658,Hydroxyzine,CYP2D6,P10635,inhibition,Unknown
3899,Leflunomide,5426,Thalidomide,CYP2C9,P11712,inhibition,Major
2907,Cyclophosphamide,60953,Capecitabine,CYP2C9,P11712,inhibition,Unknown
2907,Cyclophosphamide,60953,Capecitabine,CYP2C9,P11712,induction,Unknown
3899,Leflunomide,4543,Nortriptyline,CYP2C9,P11712,inhibition,Unknown
4946,Propranolol,5426,Thalidomide,CYP3A5,P20815,induction,Moderate
4946,Propranolol,5426,Thalidomide,CYP2C19,P33261,inhibition,Moderate
3385,5-Fluorouracil,3749,Irbesartan,CYP1A2,P05177,inhibition,Unknown
4485,Nifedipine,5376,"(E,Z)-Tamoxifen",ABCB1 (P-gp),P08183,transporter_induction,Unknown
4485,Nifedipine,5376,"(E,Z)-Tamoxifen",ABCB1 (P-gp),P08183,transporter_inhibition,Unknown
4485,Nifedipine,5376,"(E,Z)-Tamoxifen",CYP3A4,P08684,induction,Unknown
4485,Nifedipine,5376,"(E,Z)-Tamoxifen",CYP3A4,P08684,inhibition,Unknown
2375,Bicalutamide,54454,Simvastatin,CYP3A4,P08684,induction,Moderate
2375,Bicalutamide,54454,Simvastatin,CYP3A4,P08684,inhibition,Moderate
2585,Carvedilol,14888,Arsenic Trioxide,ABCB1 (P-gp),P08183,transporter_inhibition,Unknown
2585,Carvedilol,14888,Arsenic Trioxide,CYP3A4,P08684,inhibition,Unknown
3121,Valproic Acid,3902,Letrozole,CYP2A6,P11509,induction,Unknown
3121,Valproic Acid,3902,Letrozole,CYP2A6,P11509,inhibition,Unknown
1983,Acetaminophen,5376,"(E,Z)-Tamoxifen",ABCB1 (P-gp),P08183,transporter_induction,Unknown
1983,Acetaminophen,5376,"(E,Z)-Tamoxifen",ABCB1 (P-gp),P08183,transporter_inhibition,Unknown
1983,Acetaminophen,5376,"(E,Z)-Tamoxifen",CYP3A4,P08684,induction,Unknown
1983,Acetaminophen,5376,"(E,Z)-Tamoxifen",CYP3A4,P08684,inhibition,Unknown
5978,Vincristine,13342,Vinblastine,CYP3A4,P08684,inhibition,Minor
5978,Vincristine,13342,Vinblastine,ABCB1 (P-gp),P08183,transporter_inhibition,Minor
5978,Vincristine,13342,Vinblastine,ABCB1 (P-gp),P08183,transporter_induction,Minor
3962,"8-(2-(4-Hydroxy-6-oxooxan-2-yl)ethyl)-3,7-dimethyl-1,2,3,7,8,8a-hexahydronaphthalen-1-yl 2-methylbutanoate",4212,Mitoxantrone,CYP3A4,P08684,inhibition,Moderate
3962,"8-(2-(4-Hydroxy-6-oxooxan-2-yl)ethyl)-3,7-dimethyl-1,2,3,7,8,8a-hexahydronaphthalen-1-yl 2-methylbutanoate",4212,Mitoxantrone,ABCB1 (P-gp),P08183,transporter_induction,Moderate
3962,"8-(2-(4-Hydroxy-6-oxooxan-2-yl)ethyl)-3,7-dimethyl-1,2,3,7,8,8a-hexahydronaphthalen-1-yl 2-methylbutanoate",4212,Mitoxantrone,ABCB1 (P-gp),P08183,transporter_inhibition,Moderate
3658,Hydroxyzine,216239,Sorafenib,CYP2D6,P10635,inhibition,Moderate
5426,Thalidomide,34312,Oxcarbazepine,CYP3A5,P20815,induction,Moderate
5426,Thalidomide,34312,Oxcarbazepine,CYP2C19,P33261,inhibition,Moderate
3690,Ifosfamide,4212,Mitoxantrone,CYP3A4,P08684,inhibition,Moderate
3690,Ifosfamide,4212,Mitoxantrone,CYP3A4,P08684,induction,Moderate
3203,Rac-Efavirenz,5978,Vincristine,CYP3A4,P08684,inhibition,Moderate
3203,Rac-Efavirenz,5978,Vincristine,CYP3A4,P08684,induction,Moderate
2662,Celecoxib,5291,Imatinib,CYP3A4,P08684,inhibition,Moderate
2250,Atorvastatin EP Impurity B,2662,Celecoxib,ABCC4 (MRP4),O15439,transporter_inhibition,Unknown
2250,Atorvastatin EP Impurity B,2662,Celecoxib,CYP2D6,P10635,inhibition,Unknown
2250,Atorvastatin EP Impurity B,2662,Celecoxib,CYP3A4,P08684,induction,Unknown
2118,Alprazolam,5291,Imatinib,CYP3A4,P08684,inhibition,Moderate
2171,"6-(2-Amino(4-hydroxyphenyl)acetamido)-3,3-dimethyl-7-oxo-4-thia-1-azabicyclo(3.2.0)heptane-2-carboxylic acid",5426,Thalidomide,CYP2C19,P33261,inhibition,Unknown
3488,Glibenclamide,5426,Thalidomide,CYP2C19,P33261,inhibition,Unknown
2895,Cyclobenzaprine,93860,"Bortezomib, (1S,2R)-",CYP1A2,P05177,inhibition,Unknown
3690,Ifosfamide,4917,Prochlorperazine,CYP3A4,P08684,inhibition,Moderate
3690,Ifosfamide,4917,Prochlorperazine,CYP3A4,P08684,induction,Moderate
4595,Ondansetron,13342,Vinblastine,CYP3A4,P08684,inhibition,Unknown
2478,Busulfan,3016,Diazepam,CYP3A4,P08684,inhibition,Unknown
2187,Anastrozole,2895,Cyclobenzaprine,CYP1A2,P05177,inhibition,Unknown
2662,Celecoxib,3793,Itrizole,CYP3A4,P08684,inhibition,Unknown
4691,"3-(1,3-Benzodioxol-5-yloxymethyl)-4-(4-fluorophenyl)piperidine",5291,Imatinib,CYP2C9,P11712,inhibition,Moderate
4691,"3-(1,3-Benzodioxol-5-yloxymethyl)-4-(4-fluorophenyl)piperidine",5291,Imatinib,ABCB1 (P-gp),P08183,transporter_inhibition,Moderate
2585,Carvedilol,5376,"(E,Z)-Tamoxifen",ABCB1 (P-gp),P08183,transporter_induction,Unknown
2585,Carvedilol,5376,"(E,Z)-Tamoxifen",ABCB1 (P-gp),P08183,transporter_inhibition,Unknown
2585,Carvedilol,5376,"(E,Z)-Tamoxifen",CYP3A4,P08684,induction,Unknown
2585,Carvedilol,5376,"(E,Z)-Tamoxifen",CYP3A4,P08684,inhibition,Unknown
5376,"(E,Z)-Tamoxifen",27661,Isosorbide Mononitrate,CYP3A4,P08684,induction,Unknown
5376,"(E,Z)-Tamoxifen",27661,Isosorbide Mononitrate,CYP3A4,P08684,inhibition,Unknown
4173,Metronidazole,5376,"(E,Z)-Tamoxifen",CYP3A4,P08684,induction,Minor
4173,Metronidazole,5376,"(E,Z)-Tamoxifen",CYP3A4,P08684,inhibition,Minor
4212,Mitoxantrone,5291,Imatinib,ABCB1 (P-gp),P08183,transporter_inhibition,Moderate
4212,Mitoxantrone,5291,Imatinib,CYP3A4,P08684,inhibition,Moderate
4212,Mitoxantrone,5291,Imatinib,ABCB1 (P-gp),P08183,transporter_induction,Moderate
2520,Verapamil,5978,Vincristine,CYP3A4,P08684,inhibition,Minor
2520,Verapamil,5978,Vincristine,ABCB1 (P-gp),P08183,transporter_inhibition,Minor
2520,Verapamil,5978,Vincristine,ABCB1 (P-gp),P08183,transporter_induction,Minor
2187,Anastrozole,4595,Ondansetron,CYP1A2,P05177,inhibition,Unknown
3148,Anzemet,5978,Vincristine,CYP3A4,P08684,inhibition,Unknown
3883,Lansoprazole,14888,Arsenic Trioxide,CYP3A4,P08684,induction,Unknown
3883,Lansoprazole,14888,Arsenic Trioxide,CYP3A4,P08684,inhibition,Unknown
3883,Lansoprazole,14888,Arsenic Trioxide,ABCB1 (P-gp),P08183,transporter_inhibition,Unknown
2802,Clonazepam,5978,Vincristine,CYP3A4,P08684,inhibition,Unknown
2585,Carvedilol,3899,Leflunomide,CYP2C9,P11712,inhibition,Unknown
4543,Nortriptyline,93860,"Bortezomib, (1S,2R)-",CYP1A2,P05177,inhibition,Unknown
4917,Prochlorperazine,13342,Vinblastine,CYP3A4,P08684,inhibition,Unknown
2907,Cyclophosphamide,93860,"Bortezomib, (1S,2R)-",CYP3A4,P08684,induction,Unknown
2907,Cyclophosphamide,93860,"Bortezomib, (1S,2R)-",CYP3A4,P08684,inhibition,Unknown
5035,Raloxifene,176870,Erlotinib,CYP2C8,P10632,inhibition,Unknown
2250,Atorvastatin EP Impurity B,3899,Leflunomide,CYP2C9,P11712,inhibition,Major
2250,Atorvastatin EP Impurity B,3899,Leflunomide,CYP2C9,P11712,induction,Major
10631,Medroxyprogesterone,148192,Atazanavir,CYP3A4,P08684,induction,Moderate
10631,Medroxyprogesterone,148192,Atazanavir,CYP3A4,P08684,inhibition,Moderate
2187,Anastrozole,5656,Venlafaxine,CYP3A4,P08684,inhibition,Unknown
1983,Acetaminophen,176870,Erlotinib,ABCB1 (P-gp),P08183,transporter_inhibition,Unknown
1983,Acetaminophen,176870,Erlotinib,CYP3A4,P08684,induction,Unknown
1983,Acetaminophen,176870,Erlotinib,CYP2C8,P10632,inhibition,Unknown
5735,Zopiclone,60953,Capecitabine,CYP2C9,P11712,inhibition,Unknown
2083,Salbutamol,5978,Vincristine,CYP3A4,P08684,inhibition,Unknown
3883,Lansoprazole,5426,Thalidomide,CYP1A2,P05177,induction,Unknown
3883,Lansoprazole,5426,Thalidomide,CYP2C19,P33261,inhibition,Unknown
4927,Promethazine,123631,Gefitinib,ABCB1 (P-gp),P08183,transporter_inhibition,Unknown
4927,Promethazine,123631,Gefitinib,CYP2C9,P11712,inhibition,Unknown
2662,Celecoxib,5578,Trimethoprim,CYP2C9,P11712,inhibition,Unknown
3962,"8-(2-(4-Hydroxy-6-oxooxan-2-yl)ethyl)-3,7-dimethyl-1,2,3,7,8,8a-hexahydronaphthalen-1-yl 2-methylbutanoate",60198,Exemestane,CYP3A4,P08684,inhibition,Unknown
3333,Felodipine,5426,Thalidomide,CYP3A5,P20815,induction,Moderate
3333,Felodipine,5426,Thalidomide,CYP2C9,P11712,inhibition,Moderate
3672,"Ibuprofen, (+-)-",176870,Erlotinib,CYP2C8,P10632,inhibition,Unknown
5656,Venlafaxine,104741,Fulvestrant,CYP3A4,P08684,inhibition,Unknown
5002,Quetiapine,93860,"Bortezomib, (1S,2R)-",CYP3A4,P08684,inhibition,Unknown
2520,Verapamil,60198,Exemestane,CYP3A4,P08684,inhibition,Unknown
3696,Imipramine,5426,Thalidomide,CYP2C19,P33261,inhibition,Moderate
2187,Anastrozole,4946,Propranolol,CYP1A2,P05177,inhibition,Unknown
2895,Cyclobenzaprine,5376,"(E,Z)-Tamoxifen",CYP3A4,P08684,induction,Unknown
2895,Cyclobenzaprine,5376,"(E,Z)-Tamoxifen",CYP3A4,P08684,inhibition,Unknown
2554,Carbamazepine,3899,Leflunomide,CYP2C9,P11712,inhibition,Major
2554,Carbamazepine,3899,Leflunomide,CYP1A2,P05177,induction,Major
3385,5-Fluorouracil,4583,Ofloxacin,CYP1A2,P05177,inhibition,Minor
2907,Cyclophosphamide,65999,Telmisartan,ABCB1 (P-gp),P08183,transporter_inhibition,Unknown
2907,Cyclophosphamide,65999,Telmisartan,CYP2C19,P33261,inhibition,Unknown
3902,Letrozole,3962,"8-(2-(4-Hydroxy-6-oxooxan-2-yl)ethyl)-3,7-dimethyl-1,2,3,7,8,8a-hexahydronaphthalen-1-yl 2-methylbutanoate",CYP3A4,P08684,inhibition,Unknown
3152,Donepezil,216239,Sorafenib,CYP3A4,P08684,inhibition,Moderate
4917,Prochlorperazine,123631,Gefitinib,CYP2D6,P10635,inhibition,Unknown
5732,Zolpidem,5978,Vincristine,CYP3A4,P08684,inhibition,Unknown
54454,Simvastatin,3062316,Dasatinib,ABCB1 (P-gp),P08183,transporter_inhibition,Moderate
54454,Simvastatin,3062316,Dasatinib,CYP3A4,P08684,induction,Moderate
54454,Simvastatin,3062316,Dasatinib,CYP3A4,P08684,inhibition,Moderate
3690,Ifosfamide,5453,Thiotepa,CYP2B6,P20813,inhibition,Major
3690,Ifosfamide,5453,Thiotepa,CYP3A4,P08684,induction,Major
3365,Fluconazole,3690,Ifosfamide,CYP3A4,P08684,inhibition,Moderate
3365,Fluconazole,3690,Ifosfamide,CYP3A4,P08684,induction,Moderate
3883,Lansoprazole,60198,Exemestane,CYP3A4,P08684,induction,Unknown
3883,Lansoprazole,60198,Exemestane,CYP3A4,P08684,inhibition,Unknown
3032,Arthrotec,93860,"Bortezomib, (1S,2R)-",CYP1A2,P05177,inhibition,Unknown
2478,Busulfan,3121,Valproic Acid,CYP3A4,P08684,inhibition,Unknown
2250,Atorvastatin EP Impurity B,2375,Bicalutamide,CYP3A4,P08684,induction,Moderate
2250,Atorvastatin EP Impurity B,2375,Bicalutamide,CYP3A4,P08684,inhibition,Moderate
2375,Bicalutamide,5512,2-(3-(Di(propan-2-yl)amino)-1-phenylpropyl)-4-methylphenol,CYP3A4,P08684,inhibition,Moderate
2578,Carmustine,93860,"Bortezomib, (1S,2R)-",CYP1A2,P05177,inhibition,Unknown
3657,Hydroxyurea,4691,"3-(1,3-Benzodioxol-5-yloxymethyl)-4-(4-fluorophenyl)piperidine",CYP2D6,P10635,inhibition,Unknown
4212,Mitoxantrone,5656,Venlafaxine,ABCG2 (BCRP),Q9UNQ0,transporter_induction,Unknown
4212,Mitoxantrone,5656,Venlafaxine,CYP3A4,P08684,inhibition,Unknown
4212,Mitoxantrone,5656,Venlafaxine,ABCB1 (P-gp),P08183,transporter_inhibition,Unknown
2662,Celecoxib,124087,Desloratadine,CYP2C9,P11712,inhibition,Unknown
2806,(RS)-Clopidogrel,3385,5-Fluorouracil,CYP2C9,P11712,inhibition,Unknown
5394,Temozolomide,5656,Venlafaxine,CYP3A4,P08684,inhibition,Unknown
5394,Temozolomide,5656,Venlafaxine,CYP3A4,P08684,induction,Unknown
3749,Irbesartan,60198,Exemestane,CYP3A4,P08684,inhibition,Unknown
2187,Anastrozole,3961,Losartan,CYP1A2,P05177,inhibition,Unknown
2662,Celecoxib,3007,Amphetamine,CYP2D6,P10635,inhibition,Moderate
2585,Carvedilol,3385,5-Fluorouracil,CYP2C9,P11712,inhibition,Unknown
2520,Verapamil,5426,Thalidomide,CYP3A5,P20815,induction,Moderate
2520,Verapamil,5426,Thalidomide,CYP2C19,P33261,inhibition,Moderate
2250,Atorvastatin EP Impurity B,123631,Gefitinib,ABCB1 (P-gp),P08183,transporter_inhibition,Unknown
2250,Atorvastatin EP Impurity B,123631,Gefitinib,CYP3A4,P08684,induction,Unknown
2250,Atorvastatin EP Impurity B,123631,Gefitinib,CYP2C9,P11712,inhibition,Unknown
3203,Rac-Efavirenz,3657,Hydroxyurea,CYP2D6,P10635,inhibition,Unknown
3899,Leflunomide,4771,Phentermine,CYP2C9,P11712,induction,Unknown
3899,Leflunomide,4771,Phentermine,CYP1A2,P05177,inhibition,Unknown
2250,Atorvastatin EP Impurity B,176870,Erlotinib,ABCB1 (P-gp),P08183,transporter_inhibition,Unknown
2250,Atorvastatin EP Impurity B,176870,Erlotinib,CYP2C8,P10632,inhibition,Unknown
2250,Atorvastatin EP Impurity B,176870,Erlotinib,CYP3A4,P08684,induction,Unknown
5656,Venlafaxine,60198,Exemestane,CYP3A4,P08684,inhibition,Unknown
5095,Ropinirole,5426,Thalidomide,CYP1A2,P05177,inhibition,Moderate
2802,Clonazepam,5376,"(E,Z)-Tamoxifen",CYP3A4,P08684,induction,Unknown
2802,Clonazepam,5376,"(E,Z)-Tamoxifen",CYP3A4,P08684,inhibition,Unknown
3823,"1-(4-(4-((2-(2,4-Dichlorophenyl)-2-(1H-imidazol-1-ylmethyl)-1,3-dioxolan-4-yl)methoxy)phenyl)piperazin-1-yl)ethanone",10631,Medroxyprogesterone,CYP3A4,P08684,induction,Moderate
3823,"1-(4-(4-((2-(2,4-Dichlorophenyl)-2-(1H-imidazol-1-ylmethyl)-1,3-dioxolan-4-yl)methoxy)phenyl)piperazin-1-yl)ethanone",10631,Medroxyprogesterone,CYP2C9,P11712,inhibition,Moderate
3652,Hydroxychloroquine,5376,"(E,Z)-Tamoxifen",CYP2D6,P10635,inhibition,Major
5376,"(E,Z)-Tamoxifen",5512,2-(3-(Di(propan-2-yl)amino)-1-phenylpropyl)-4-methylphenol,CYP3A4,P08684,induction,Unknown
5376,"(E,Z)-Tamoxifen",5512,2-(3-(Di(propan-2-yl)amino)-1-phenylpropyl)-4-methylphenol,CYP3A4,P08684,inhibition,Unknown
4927,Promethazine,176870,Erlotinib,CYP2D6,P10635,inhibition,Unknown
4927,Promethazine,176870,Erlotinib,ABCB1 (P-gp),P08183,transporter_inhibition,Unknown
1775,Phenytoin,3385,5-Fluorouracil,CYP2C9,P11712,inhibition,Moderate
1775,Phenytoin,3385,5-Fluorouracil,CYP2C9,P11712,induction,Moderate
4449,Nefazodone,5426,Thalidomide,CYP3A5,P20815,inhibition,Moderate
4449,Nefazodone,5426,Thalidomide,CYP3A5,P20815,induction,Moderate
2462,Respules,5291,Imatinib,CYP3A4,P08684,inhibition,Moderate
2907,Cyclophosphamide,3676,Lidocaine,ABCB1 (P-gp),P08183,transporter_inhibition,Unknown
2907,Cyclophosphamide,3676,Lidocaine,CYP3A4,P08684,induction,Unknown
2907,Cyclophosphamide,3676,Lidocaine,CYP3A4,P08684,inhibition,Unknown
2160,Amitriptyline,5376,"(E,Z)-Tamoxifen",ABCB1 (P-gp),P08183,transporter_induction,Moderate
2160,Amitriptyline,5376,"(E,Z)-Tamoxifen",ABCB1 (P-gp),P08183,transporter_inhibition,Moderate
2160,Amitriptyline,5376,"(E,Z)-Tamoxifen",CYP3A4,P08684,induction,Moderate
2160,Amitriptyline,5376,"(E,Z)-Tamoxifen",CYP3A4,P08684,inhibition,Moderate
3657,Hydroxyurea,123631,Gefitinib,CYP2D6,P10635,inhibition,Unknown
3957,Loratadine,93860,"Bortezomib, (1S,2R)-",CYP3A4,P08684,induction,Unknown
3957,Loratadine,93860,"Bortezomib, (1S,2R)-",CYP3A4,P08684,inhibition,Unknown
3749,Irbesartan,14888,Arsenic Trioxide,CYP3A4,P08684,inhibition,Unknown
5394,Temozolomide,93860,"Bortezomib, (1S,2R)-",CYP3A4,P08684,induction,Unknown
5394,Temozolomide,93860,"Bortezomib, (1S,2R)-",CYP3A4,P08684,inhibition,Unknown
2662,Celecoxib,2801,Clomipramine,CYP2D6,P10635,inhibition,Moderate
3957,Loratadine,3062316,Dasatinib,ABCB1 (P-gp),P08183,transporter_inhibition,Moderate
3957,Loratadine,3062316,Dasatinib,CYP3A4,P08684,induction,Moderate
3957,Loratadine,3062316,Dasatinib,CYP3A4,P08684,inhibition,Moderate
3348,Fexofenadine,123631,Gefitinib,ABCB1 (P-gp),P08183,transporter_inhibition,Unknown
3348,Fexofenadine,123631,Gefitinib,CYP2D6,P10635,inhibition,Unknown
3749,Irbesartan,60953,Capecitabine,CYP2C9,P11712,inhibition,Unknown
3690,Ifosfamide,4594,Prilosec,CYP2C19,P33261,inhibition,Unknown
3690,Ifosfamide,4594,Prilosec,CYP3A4,P08684,induction,Unknown
5523,2-((Dimethylamino)methyl)-1-(3-methoxyphenyl)cyclohexanol,216239,Sorafenib,CYP3A4,P08684,inhibition,Moderate
3365,Fluconazole,123631,Gefitinib,ABCB1 (P-gp),P08183,transporter_inhibition,Moderate
3365,Fluconazole,123631,Gefitinib,CYP2C9,P11712,inhibition,Moderate
5376,"(E,Z)-Tamoxifen",123631,Gefitinib,ABCB1 (P-gp),P08183,transporter_inhibition,Unknown
5376,"(E,Z)-Tamoxifen",123631,Gefitinib,ABCB1 (P-gp),P08183,transporter_induction,Unknown
5376,"(E,Z)-Tamoxifen",123631,Gefitinib,CYP3A4,P08684,induction,Unknown
5376,"(E,Z)-Tamoxifen",123631,Gefitinib,CYP2C9,P11712,inhibition,Unknown
4485,Nifedipine,5978,Vincristine,CYP3A4,P08684,inhibition,Moderate
4485,Nifedipine,5978,Vincristine,CYP3A4,P08684,induction,Moderate
4485,Nifedipine,5978,Vincristine,ABCB1 (P-gp),P08183,transporter_inhibition,Moderate
4485,Nifedipine,5978,Vincristine,ABCB1 (P-gp),P08183,transporter_induction,Moderate
2265,Azathioprine,667490,6-Mercaptopurine,HPRT1,P00492,inhibition,Major
3510,(3H)granisetron,3690,Ifosfamide,CYP3A4,P08684,inhibition,Unknown
3510,(3H)granisetron,3690,Ifosfamide,CYP3A4,P08684,induction,Unknown
3749,Irbesartan,5426,Thalidomide,CYP1A2,P05177,inhibition,Unknown
2907,Cyclophosphamide,3339,Fenofibrate,CYP3A4,P08684,induction,Moderate
2907,Cyclophosphamide,3339,Fenofibrate,CYP2C9,P11712,inhibition,Moderate
2478,Busulfan,2907,Cyclophosphamide,CYP3A4,P08684,induction,Moderate
2478,Busulfan,2907,Cyclophosphamide,CYP3A4,P08684,inhibition,Moderate
3308,Etodolac,5376,"(E,Z)-Tamoxifen",CYP2C9,P11712,inhibition,Unknown
2375,Bicalutamide,3157,Doxazosin,CYP2C19,P33261,inhibition,Unknown
5291,Imatinib,5556,Triazolam,CYP2C9,P11712,inhibition,Moderate
2554,Carbamazepine,5978,Vincristine,CYP3A4,P08684,induction,Moderate
2554,Carbamazepine,5978,Vincristine,CYP3A4,P08684,inhibition,Moderate
2554,Carbamazepine,5978,Vincristine,ABCB1 (P-gp),P08183,transporter_inhibition,Moderate
2554,Carbamazepine,5978,Vincristine,ABCB1 (P-gp),P08183,transporter_induction,Moderate
2187,Anastrozole,4917,Prochlorperazine,CYP3A4,P08684,inhibition,Unknown
5376,"(E,Z)-Tamoxifen",1349907,Methimazole,CYP3A4,P08684,induction,Unknown
5376,"(E,Z)-Tamoxifen",1349907,Methimazole,CYP1A2,P05177,inhibition,Unknown
3032,Arthrotec,3397,Flutamide,CYP1A2,P05177,inhibition,Unknown
1983,Acetaminophen,3062316,Dasatinib,ABCB1 (P-gp),P08183,transporter_inhibition,Unknown
1983,Acetaminophen,3062316,Dasatinib,CYP3A4,P08684,induction,Unknown
1983,Acetaminophen,3062316,Dasatinib,CYP3A4,P08684,inhibition,Unknown
3348,Fexofenadine,216239,Sorafenib,ABCB1 (P-gp),P08183,transporter_inhibition,Moderate
3348,Fexofenadine,216239,Sorafenib,CYP2D6,P10635,inhibition,Moderate
5426,Thalidomide,119607,Valdecoxib,PTGS2,P35354,inhibition,Unknown
4691,"3-(1,3-Benzodioxol-5-yloxymethyl)-4-(4-fluorophenyl)piperidine",93860,"Bortezomib, (1S,2R)-",CYP2C9,P11712,inhibition,Unknown
3793,Itrizole,5453,Thiotepa,CYP2B6,P20813,inhibition,Unknown
3961,Losartan,60198,Exemestane,CYP3A4,P08684,inhibition,Unknown
2375,Bicalutamide,152945,CID 152945,CYP3A4,P08684,inhibition,Moderate
3899,Leflunomide,104865,Bosentan,CYP2C9,P11712,induction,Major
3899,Leflunomide,104865,Bosentan,CYP2C9,P11712,inhibition,Major
2477,Buspirone,5376,"(E,Z)-Tamoxifen",ABCB1 (P-gp),P08183,transporter_induction,Unknown
2477,Buspirone,5376,"(E,Z)-Tamoxifen",ABCB1 (P-gp),P08183,transporter_inhibition,Unknown
2477,Buspirone,5376,"(E,Z)-Tamoxifen",CYP3A4,P08684,induction,Unknown
2477,Buspirone,5376,"(E,Z)-Tamoxifen",CYP3A4,P08684,inhibition,Unknown
3157,Doxazosin,93860,"Bortezomib, (1S,2R)-",CYP2C19,P33261,inhibition,Unknown
3386,Fluoxetine,60198,Exemestane,CYP3A4,P08684,inhibition,Unknown
2662,Celecoxib,4236,Modafinil,CYP3A4,P08684,inhibition,Unknown
2662,Celecoxib,4236,Modafinil,CYP3A4,P08684,induction,Unknown
3121,Valproic Acid,3899,Leflunomide,CYP2C9,P11712,inhibition,Major
3152,Donepezil,123631,Gefitinib,CYP2C9,P11712,inhibition,Minor
2662,Celecoxib,5556,Triazolam,CYP2C9,P11712,inhibition,Unknown
2462,Respules,5376,"(E,Z)-Tamoxifen",CYP3A4,P08684,induction,Unknown
2462,Respules,5376,"(E,Z)-Tamoxifen",CYP3A4,P08684,inhibition,Unknown
3148,Anzemet,4212,Mitoxantrone,CYP3A4,P08684,inhibition,Major
3385,5-Fluorouracil,3825,Ketoprofen,ABCC4 (MRP4),O15439,transporter_inhibition,Unknown
3385,5-Fluorouracil,3825,Ketoprofen,CYP2C9,P11712,inhibition,Unknown
2550,1-(2-Methyl-3-sulfanylpropanoyl)proline,5376,"(E,Z)-Tamoxifen",ABCB1 (P-gp),P08183,transporter_inhibition,Unknown
2550,1-(2-Methyl-3-sulfanylpropanoyl)proline,5376,"(E,Z)-Tamoxifen",CYP2D6,P10635,inhibition,Unknown
2550,1-(2-Methyl-3-sulfanylpropanoyl)proline,5376,"(E,Z)-Tamoxifen",ABCB1 (P-gp),P08183,transporter_induction,Unknown
3657,Hydroxyurea,3658,Hydroxyzine,CYP2D6,P10635,inhibition,Unknown
5556,Triazolam,93860,"Bortezomib, (1S,2R)-",CYP3A4,P08684,inhibition,Unknown
3902,Letrozole,5523,2-((Dimethylamino)methyl)-1-(3-methoxyphenyl)cyclohexanol,CYP3A4,P08684,inhibition,Unknown
3488,Glibenclamide,60953,Capecitabine,CYP2C9,P11712,inhibition,Unknown
3016,Diazepam,3902,Letrozole,CYP3A4,P08684,inhibition,Unknown
3385,5-Fluorouracil,3957,Loratadine,CYP2C9,P11712,inhibition,Unknown
2375,Bicalutamide,3397,Flutamide,CYP3A4,P08684,inhibition,Unknown
2250,Atorvastatin EP Impurity B,3385,5-Fluorouracil,CYP2C9,P11712,inhibition,Unknown
2250,Atorvastatin EP Impurity B,3385,5-Fluorouracil,CYP2C9,P11712,induction,Unknown
3386,Fluoxetine,216239,Sorafenib,ABCB1 (P-gp),P08183,transporter_inhibition,Moderate
3386,Fluoxetine,216239,Sorafenib,CYP1A2,P05177,inhibition,Moderate
5426,Thalidomide,65999,Telmisartan,CYP2C19,P33261,inhibition,Unknown
3899,Leflunomide,5472,Ticlopidine,CYP1A2,P05177,inhibition,Unknown
2756,Cimetidine,5376,"(E,Z)-Tamoxifen",ABCB1 (P-gp),P08183,transporter_induction,Major
2756,Cimetidine,5376,"(E,Z)-Tamoxifen",ABCB1 (P-gp),P08183,transporter_inhibition,Major
2756,Cimetidine,5376,"(E,Z)-Tamoxifen",CYP3A4,P08684,induction,Major
2756,Cimetidine,5376,"(E,Z)-Tamoxifen",CYP3A4,P08684,inhibition,Major
3345,Fentanyl,5291,Imatinib,ABCB1 (P-gp),P08183,transporter_inhibition,Major
3345,Fentanyl,5291,Imatinib,CYP3A4,P08684,inhibition,Major
5073,Risperidone,5291,Imatinib,ABCB1 (P-gp),P08183,transporter_inhibition,Moderate
5073,Risperidone,5291,Imatinib,CYP3A4,P08684,inhibition,Moderate
4679,Pantoprazole,216239,Sorafenib,CYP1A2,P05177,induction,Unknown
4679,Pantoprazole,216239,Sorafenib,ABCB1 (P-gp),P08183,transporter_inhibition,Unknown
4679,Pantoprazole,216239,Sorafenib,CYP1A2,P05177,inhibition,Unknown
2375,Bicalutamide,3345,Fentanyl,CYP3A4,P08684,inhibition,Unknown
5426,Thalidomide,124087,Desloratadine,CYP1A2,P05177,inhibition,Unknown
2520,Verapamil,2907,Cyclophosphamide,ABCB1 (P-gp),P08183,transporter_inhibition,Unknown
2520,Verapamil,2907,Cyclophosphamide,CYP3A4,P08684,induction,Unknown
2520,Verapamil,2907,Cyclophosphamide,ABCB1 (P-gp),P08183,transporter_induction,Unknown
2520,Verapamil,2907,Cyclophosphamide,CYP3A4,P08684,inhibition,Unknown
2907,Cyclophosphamide,3690,Ifosfamide,CYP3A4,P08684,inhibition,Moderate
2907,Cyclophosphamide,3690,Ifosfamide,CYP3A4,P08684,induction,Moderate
4485,Nifedipine,123631,Gefitinib,ABCB1 (P-gp),P08183,transporter_inhibition,Moderate
4485,Nifedipine,123631,Gefitinib,ABCB1 (P-gp),P08183,transporter_induction,Moderate
4485,Nifedipine,123631,Gefitinib,CYP3A4,P08684,induction,Moderate
4485,Nifedipine,123631,Gefitinib,CYP2C9,P11712,inhibition,Moderate
5291,Imatinib,5394,Temozolomide,CYP3A4,P08684,inhibition,Moderate
5291,Imatinib,5394,Temozolomide,CYP3A4,P08684,induction,Moderate
2803,Clonidine,5291,Imatinib,ABCB1 (P-gp),P08183,transporter_inhibition,Unknown
2803,Clonidine,5291,Imatinib,CYP3A4,P08684,inhibition,Unknown
60953,Capecitabine,119607,Valdecoxib,CYP2C9,P11712,inhibition,Unknown
5090,Rofecoxib,60953,Capecitabine,CYP2C9,P11712,inhibition,Unknown
5978,Vincristine,54454,Simvastatin,ABCB1 (P-gp),P08183,transporter_inhibition,Moderate
5978,Vincristine,54454,Simvastatin,CYP3A4,P08684,induction,Moderate
5978,Vincristine,54454,Simvastatin,ABCB1 (P-gp),P08183,transporter_induction,Moderate
5978,Vincristine,54454,Simvastatin,CYP3A4,P08684,inhibition,Moderate
2550,1-(2-Methyl-3-sulfanylpropanoyl)proline,3657,Hydroxyurea,CYP2D6,P10635,inhibition,Unknown
2662,Celecoxib,5076,"N-[3-hydroxy-5-[[3-methyl-2-[[[methyl-[(2-propan-2-yl-4-thiazolyl)methyl]amino]-oxomethyl]amino]-1-oxobutyl]amino]-1,6-diphenylhexan-2-yl]carbamic acid 5-thiazolylmethyl ester",CYP3A4,P08684,induction,Moderate
2662,Celecoxib,5076,"N-[3-hydroxy-5-[[3-methyl-2-[[[methyl-[(2-propan-2-yl-4-thiazolyl)methyl]amino]-oxomethyl]amino]-1-oxobutyl]amino]-1,6-diphenylhexan-2-yl]carbamic acid 5-thiazolylmethyl ester",CYP3A4,P08684,inhibition,Moderate
2662,Celecoxib,4195,Midodrine,CYP2D6,P10635,inhibition,Unknown
5291,Imatinib,5478,(+-)-Timolol,CYP2D6,P10635,inhibition,Moderate
5291,Imatinib,5478,(+-)-Timolol,ABCB1 (P-gp),P08183,transporter_inhibition,Moderate
4829,Pioglitazone,60953,Capecitabine,CYP2C9,P11712,inhibition,Unknown
3825,Ketoprofen,93860,"Bortezomib, (1S,2R)-",CYP2C9,P11712,inhibition,Unknown
2907,Cyclophosphamide,4425,"4a,9-dihydroxy-3-prop-2-enyl-2,4,5,6,7a,13-hexahydro-1H-4,12-methanobenzofuro(3,2-e)isoquinoline-7-one",ABCB1 (P-gp),P08183,transporter_inhibition,Unknown
2907,Cyclophosphamide,4425,"4a,9-dihydroxy-3-prop-2-enyl-2,4,5,6,7a,13-hexahydro-1H-4,12-methanobenzofuro(3,2-e)isoquinoline-7-one",CYP3A4,P08684,induction,Unknown
2907,Cyclophosphamide,4425,"4a,9-dihydroxy-3-prop-2-enyl-2,4,5,6,7a,13-hexahydro-1H-4,12-methanobenzofuro(3,2-e)isoquinoline-7-one",CYP3A4,P08684,inhibition,Unknown
1983,Acetaminophen,2187,Anastrozole,CYP3A4,P08684,induction,Unknown
1983,Acetaminophen,2187,Anastrozole,CYP1A2,P05177,inhibition,Unknown
2662,Celecoxib,3690,Ifosfamide,CYP3A4,P08684,inhibition,Unknown
2662,Celecoxib,3690,Ifosfamide,CYP3A4,P08684,induction,Unknown
2375,Bicalutamide,3478,Glipizide,CYP3A4,P08684,inhibition,Unknown
3333,Felodipine,3899,Leflunomide,CYP2C9,P11712,inhibition,Unknown
2662,Celecoxib,56959,Ranolazine,CYP3A4,P08684,inhibition,Minor
2662,Celecoxib,3203,Rac-Efavirenz,CYP3A4,P08684,induction,Moderate
2662,Celecoxib,3203,Rac-Efavirenz,CYP3A4,P08684,inhibition,Moderate
3386,Fluoxetine,123631,Gefitinib,ABCB1 (P-gp),P08183,transporter_inhibition,Unknown
3386,Fluoxetine,123631,Gefitinib,CYP2C9,P11712,inhibition,Unknown
4829,Pioglitazone,5978,Vincristine,CYP3A4,P08684,inhibition,Unknown
4829,Pioglitazone,5978,Vincristine,CYP3A4,P08684,induction,Unknown
3899,Leflunomide,119607,Valdecoxib,CYP2C9,P11712,inhibition,Major
5291,Imatinib,5735,Zopiclone,CYP3A4,P08684,inhibition,Unknown
1775,Phenytoin,10631,Medroxyprogesterone,CYP3A4,P08684,induction,Moderate
1775,Phenytoin,10631,Medroxyprogesterone,CYP2C9,P11712,inhibition,Moderate
4171,Metoprolol,123631,Gefitinib,ABCB1 (P-gp),P08183,transporter_inhibition,Unknown
4171,Metoprolol,123631,Gefitinib,CYP2C19,P33261,inhibition,Unknown
2083,Salbutamol,4212,Mitoxantrone,CYP3A4,P08684,inhibition,Unknown
3385,5-Fluorouracil,3463,Gemfibrozil,CYP2C8,P10632,induction,Unknown
3385,5-Fluorouracil,3463,Gemfibrozil,CYP1A2,P05177,inhibition,Unknown
2375,Bicalutamide,3476,"1H-Pyrrole-1-carboxamide, 3-ethyl-2,5-dihydro-4-methyl-N-2-4-(trans-4-methylcyclohexyl)aminocarbonylaminosulfonylphenylethyl-2-oxo-",CYP2C9,P11712,inhibition,Unknown
3386,Fluoxetine,60953,Capecitabine,CYP2C9,P11712,inhibition,Unknown
3749,Irbesartan,3899,Leflunomide,CYP2C9,P11712,inhibition,Unknown
4943,Propofol,93860,"Bortezomib, (1S,2R)-",CYP1A2,P05177,inhibition,Unknown
3016,Diazepam,5978,Vincristine,CYP3A4,P08684,inhibition,Unknown
3016,Diazepam,5978,Vincristine,ABCB1 (P-gp),P08183,transporter_inhibition,Unknown
3016,Diazepam,5978,Vincristine,ABCB1 (P-gp),P08183,transporter_induction,Unknown
2083,Salbutamol,3062316,Dasatinib,CYP3A4,P08684,inhibition,Moderate
2162,Amlodipine,2187,Anastrozole,CYP1A2,P05177,inhibition,Unknown
2662,Celecoxib,60953,Capecitabine,CYP2C9,P11712,inhibition,Unknown
3657,Hydroxyurea,5002,Quetiapine,CYP2D6,P10635,inhibition,Unknown
5556,Triazolam,216239,Sorafenib,CYP3A4,P08684,inhibition,Unknown
4634,Oxybutynin,5376,"(E,Z)-Tamoxifen",CYP3A4,P08684,induction,Unknown
4634,Oxybutynin,5376,"(E,Z)-Tamoxifen",CYP3A4,P08684,inhibition,Unknown
3957,Loratadine,5376,"(E,Z)-Tamoxifen",ABCB1 (P-gp),P08183,transporter_induction,Unknown
3957,Loratadine,5376,"(E,Z)-Tamoxifen",ABCB1 (P-gp),P08183,transporter_inhibition,Unknown
3957,Loratadine,5376,"(E,Z)-Tamoxifen",CYP3A4,P08684,induction,Unknown
3957,Loratadine,5376,"(E,Z)-Tamoxifen",CYP3A4,P08684,inhibition,Unknown
4212,Mitoxantrone,4236,Modafinil,CYP3A4,P08684,inhibition,Unknown
4212,Mitoxantrone,4236,Modafinil,CYP3A4,P08684,induction,Unknown
4946,Propranolol,93860,"Bortezomib, (1S,2R)-",CYP1A2,P05177,inhibition,Minor
3365,Fluconazole,60953,Capecitabine,CYP2C9,P11712,inhibition,Unknown
2375,Bicalutamide,4679,Pantoprazole,CYP2C9,P11712,inhibition,Unknown
2375,Bicalutamide,4679,Pantoprazole,CYP3A4,P08684,induction,Unknown
4178,Mexiletine,123631,Gefitinib,CYP2D6,P10635,inhibition,Unknown
4946,Propranolol,5291,Imatinib,ABCB1 (P-gp),P08183,transporter_inhibition,Moderate
4946,Propranolol,5291,Imatinib,CYP3A4,P08684,inhibition,Moderate
2802,Clonazepam,2907,Cyclophosphamide,CYP3A4,P08684,induction,Unknown
2802,Clonazepam,2907,Cyclophosphamide,CYP3A4,P08684,inhibition,Unknown
3510,(3H)granisetron,5978,Vincristine,CYP3A4,P08684,inhibition,Unknown
54454,Simvastatin,82146,Bexarotene,CYP3A4,P08684,induction,Moderate
54454,Simvastatin,82146,Bexarotene,CYP3A4,P08684,inhibition,Moderate
3121,Valproic Acid,3690,Ifosfamide,CYP3A4,P08684,inhibition,Unknown
3121,Valproic Acid,3690,Ifosfamide,CYP3A4,P08684,induction,Unknown
3883,Lansoprazole,4212,Mitoxantrone,CYP3A4,P08684,induction,Unknown
3883,Lansoprazole,4212,Mitoxantrone,CYP3A4,P08684,inhibition,Unknown
3883,Lansoprazole,4212,Mitoxantrone,ABCB1 (P-gp),P08183,transporter_induction,Unknown
3883,Lansoprazole,4212,Mitoxantrone,ABCB1 (P-gp),P08183,transporter_inhibition,Unknown
4595,Ondansetron,176870,Erlotinib,CYP1A2,P05177,inhibition,Unknown
3348,Fexofenadine,5376,"(E,Z)-Tamoxifen",ABCB1 (P-gp),P08183,transporter_inhibition,Unknown
3348,Fexofenadine,5376,"(E,Z)-Tamoxifen",CYP2D6,P10635,inhibition,Unknown
3348,Fexofenadine,5376,"(E,Z)-Tamoxifen",ABCB1 (P-gp),P08183,transporter_induction,Unknown
3690,Ifosfamide,4679,Pantoprazole,CYP2C9,P11712,inhibition,Unknown
3690,Ifosfamide,4679,Pantoprazole,CYP3A4,P08684,induction,Unknown
1983,Acetaminophen,3385,5-Fluorouracil,CYP2C9,P11712,inhibition,Unknown
2806,(RS)-Clopidogrel,123631,Gefitinib,ABCB1 (P-gp),P08183,transporter_inhibition,Unknown
2806,(RS)-Clopidogrel,123631,Gefitinib,CYP2C9,P11712,inhibition,Unknown
54454,Simvastatin,176870,Erlotinib,CYP2C8,P10632,inhibition,Unknown
54454,Simvastatin,176870,Erlotinib,CYP3A4,P08684,induction,Unknown
54454,Simvastatin,176870,Erlotinib,ABCB1 (P-gp),P08183,transporter_inhibition,Unknown
5291,Imatinib,41781,Torasemide,CYP2C19,P33261,inhibition,Moderate
3961,Losartan,5394,Temozolomide,CYP3A4,P08684,inhibition,Unknown
3961,Losartan,5394,Temozolomide,CYP3A4,P08684,induction,Unknown
5426,Thalidomide,60953,Capecitabine,CYP2C9,P11712,inhibition,Major
1983,Acetaminophen,104741,Fulvestrant,CYP3A4,P08684,induction,Unknown
1983,Acetaminophen,104741,Fulvestrant,CYP3A4,P08684,inhibition,Unknown
4168,Metoclopramide,216239,Sorafenib,CYP2D6,P10635,inhibition,Unknown
2244,Aspirin,3385,5-Fluorouracil,CYP2C9,P11712,inhibition,Unknown
2585,Carvedilol,4212,Mitoxantrone,CYP3A4,P08684,inhibition,Unknown
2585,Carvedilol,4212,Mitoxantrone,ABCB1 (P-gp),P08183,transporter_induction,Unknown
2585,Carvedilol,4212,Mitoxantrone,ABCB1 (P-gp),P08183,transporter_inhibition,Unknown
2250,Atorvastatin EP Impurity B,4212,Mitoxantrone,CYP3A4,P08684,inhibition,Moderate
2250,Atorvastatin EP Impurity B,4212,Mitoxantrone,ABCB1 (P-gp),P08183,transporter_induction,Moderate
2250,Atorvastatin EP Impurity B,4212,Mitoxantrone,CYP3A4,P08684,induction,Moderate
2250,Atorvastatin EP Impurity B,4212,Mitoxantrone,ABCB1 (P-gp),P08183,transporter_inhibition,Moderate
2662,Celecoxib,5978,Vincristine,CYP3A4,P08684,inhibition,Unknown
5523,2-((Dimethylamino)methyl)-1-(3-methoxyphenyl)cyclohexanol,93860,"Bortezomib, (1S,2R)-",CYP3A4,P08684,inhibition,Unknown
3899,Leflunomide,54454,Simvastatin,CYP2C9,P11712,inhibition,Major
3899,Leflunomide,54454,Simvastatin,CYP2C9,P11712,induction,Major
2907,Cyclophosphamide,4911,Probenecid,CYP2C9,P11712,inhibition,Unknown
2907,Cyclophosphamide,4911,Probenecid,ABCB1 (P-gp),P08183,transporter_inhibition,Unknown
2907,Cyclophosphamide,4911,Probenecid,CYP3A4,P08684,induction,Unknown
2802,Clonazepam,216239,Sorafenib,CYP3A4,P08684,inhibition,Unknown
3152,Donepezil,3657,Hydroxyurea,CYP2D6,P10635,inhibition,Unknown
4829,Pioglitazone,5291,Imatinib,CYP3A4,P08684,inhibition,Moderate
4829,Pioglitazone,5291,Imatinib,CYP3A4,P08684,induction,Moderate
2764,Ciprofloxacin,5291,Imatinib,ABCB1 (P-gp),P08183,transporter_inhibition,Unknown
2764,Ciprofloxacin,5291,Imatinib,CYP3A4,P08684,inhibition,Unknown
5073,Risperidone,93860,"Bortezomib, (1S,2R)-",CYP3A4,P08684,inhibition,Unknown
3385,5-Fluorouracil,5391,Temazepam,CYP2C9,P11712,inhibition,Unknown
2907,Cyclophosphamide,3478,Glipizide,CYP3A4,P08684,induction,Moderate
2907,Cyclophosphamide,3478,Glipizide,CYP3A4,P08684,inhibition,Moderate
2907,Cyclophosphamide,5391,Temazepam,CYP3A4,P08684,induction,Unknown
2907,Cyclophosphamide,5391,Temazepam,CYP3A4,P08684,inhibition,Unknown
5291,Imatinib,54454,Simvastatin,ABCB1 (P-gp),P08183,transporter_inhibition,Moderate
5291,Imatinib,54454,Simvastatin,CYP3A4,P08684,induction,Moderate
5291,Imatinib,54454,Simvastatin,CYP3A4,P08684,inhibition,Moderate
2375,Bicalutamide,3961,Losartan,CYP3A4,P08684,inhibition,Unknown
4236,Modafinil,93860,"Bortezomib, (1S,2R)-",CYP1A2,P05177,induction,Minor
4236,Modafinil,93860,"Bortezomib, (1S,2R)-",CYP1A2,P05177,inhibition,Minor
2375,Bicalutamide,2585,Carvedilol,CYP3A4,P08684,inhibition,Unknown
5291,Imatinib,150311,Ezetimibe,ABCB1 (P-gp),P08183,transporter_inhibition,Unknown
5291,Imatinib,150311,Ezetimibe,CYP3A4,P08684,inhibition,Unknown
2162,Amlodipine,3899,Leflunomide,CYP2C9,P11712,inhibition,Unknown
3345,Fentanyl,3690,Ifosfamide,CYP3A4,P08684,inhibition,Moderate
3345,Fentanyl,3690,Ifosfamide,CYP3A4,P08684,induction,Moderate
4616,Oxazepam,93860,"Bortezomib, (1S,2R)-",CYP3A4,P08684,inhibition,Unknown
4594,Prilosec,13342,Vinblastine,CYP3A4,P08684,inhibition,Unknown
2550,1-(2-Methyl-3-sulfanylpropanoyl)proline,93860,"Bortezomib, (1S,2R)-",CYP2D6,P10635,inhibition,Unknown
444,Bupropion,3902,Letrozole,CYP2A6,P11509,inhibition,Unknown
2083,Salbutamol,2375,Bicalutamide,CYP3A4,P08684,inhibition,Moderate
2907,Cyclophosphamide,3825,Ketoprofen,CYP2C9,P11712,induction,Unknown
2907,Cyclophosphamide,3825,Ketoprofen,CYP2C9,P11712,inhibition,Unknown
1978,Acebutolol,2907,Cyclophosphamide,ABCB1 (P-gp),P08183,transporter_inhibition,Unknown
1978,Acebutolol,2907,Cyclophosphamide,CYP2D6,P10635,inhibition,Unknown
5735,Zopiclone,93860,"Bortezomib, (1S,2R)-",CYP3A4,P08684,inhibition,Unknown
2405,Bisoprolol,2907,Cyclophosphamide,CYP3A4,P08684,induction,Unknown
2405,Bisoprolol,2907,Cyclophosphamide,CYP3A4,P08684,inhibition,Unknown
2907,Cyclophosphamide,4819,"2(3H)-Furanone, 3-ethyldihydro-4-((1-methyl-1H-imidazol-5-yl)methyl)-, (3S-cis)-",CYP3A4,P08684,inhibition,Unknown
2907,Cyclophosphamide,4819,"2(3H)-Furanone, 3-ethyldihydro-4-((1-methyl-1H-imidazol-5-yl)methyl)-, (3S-cis)-",CYP3A4,P08684,induction,Unknown
3899,Leflunomide,4583,Ofloxacin,CYP1A2,P05177,inhibition,Unknown
3339,Fenofibrate,5978,Vincristine,CYP3A4,P08684,inhibition,Unknown
3365,Fluconazole,60198,Exemestane,CYP3A4,P08684,inhibition,Unknown
2955,Dapsone,5978,Vincristine,CYP3A4,P08684,inhibition,Moderate
5978,Vincristine,123631,Gefitinib,ABCB1 (P-gp),P08183,transporter_inhibition,Unknown
5978,Vincristine,123631,Gefitinib,CYP3A4,P08684,inhibition,Unknown
5978,Vincristine,123631,Gefitinib,ABCB1 (P-gp),P08183,transporter_induction,Unknown
2764,Ciprofloxacin,93860,"Bortezomib, (1S,2R)-",CYP1A2,P05177,inhibition,Unknown
2907,Cyclophosphamide,4539,Norfloxacin,CYP3A4,P08684,induction,Minor
2907,Cyclophosphamide,4539,Norfloxacin,CYP3A4,P08684,inhibition,Minor
4927,Promethazine,216239,Sorafenib,CYP2C9,P11712,inhibition,Moderate
4927,Promethazine,216239,Sorafenib,ABCB1 (P-gp),P08183,transporter_inhibition,Moderate
5090,Rofecoxib,14888,Arsenic Trioxide,CYP3A4,P08684,induction,Unknown
5090,Rofecoxib,14888,Arsenic Trioxide,CYP3A4,P08684,inhibition,Unknown
2187,Anastrozole,5376,"(E,Z)-Tamoxifen",CYP3A4,P08684,induction,Moderate
2187,Anastrozole,5376,"(E,Z)-Tamoxifen",CYP3A4,P08684,inhibition,Moderate
4212,Mitoxantrone,5376,"(E,Z)-Tamoxifen",ABCB1 (P-gp),P08183,transporter_induction,Moderate
4212,Mitoxantrone,5376,"(E,Z)-Tamoxifen",ABCB1 (P-gp),P08183,transporter_inhibition,Moderate
4212,Mitoxantrone,5376,"(E,Z)-Tamoxifen",CYP3A4,P08684,induction,Moderate
4212,Mitoxantrone,5376,"(E,Z)-Tamoxifen",CYP3A4,P08684,inhibition,Moderate
2662,Celecoxib,4911,Probenecid,ABCC4 (MRP4),O15439,transporter_inhibition,Unknown
2662,Celecoxib,4911,Probenecid,CYP2C9,P11712,inhibition,Unknown
2662,Celecoxib,4911,Probenecid,CYP3A4,P08684,induction,Unknown
3767,Isoniazid,3899,Leflunomide,CYP2C9,P11712,inhibition,Major
2806,(RS)-Clopidogrel,60953,Capecitabine,CYP2C9,P11712,inhibition,Unknown
2187,Anastrozole,2250,Atorvastatin EP Impurity B,CYP3A4,P08684,induction,Unknown
2187,Anastrozole,2250,Atorvastatin EP Impurity B,CYP3A4,P08684,inhibition,Unknown
2803,Clonidine,4212,Mitoxantrone,CYP3A4,P08684,inhibition,Unknown
2803,Clonidine,4212,Mitoxantrone,ABCB1 (P-gp),P08183,transporter_induction,Unknown
2803,Clonidine,4212,Mitoxantrone,ABCB1 (P-gp),P08183,transporter_inhibition,Unknown
4691,"3-(1,3-Benzodioxol-5-yloxymethyl)-4-(4-fluorophenyl)piperidine",216239,Sorafenib,CYP2C9,P11712,inhibition,Unknown
4691,"3-(1,3-Benzodioxol-5-yloxymethyl)-4-(4-fluorophenyl)piperidine",216239,Sorafenib,ABCB1 (P-gp),P08183,transporter_inhibition,Unknown
2585,Carvedilol,60953,Capecitabine,CYP2C9,P11712,inhibition,Unknown
54454,Simvastatin,104741,Fulvestrant,CYP3A4,P08684,induction,Unknown
54454,Simvastatin,104741,Fulvestrant,CYP3A4,P08684,inhibition,Unknown
2662,Celecoxib,3510,(3H)granisetron,CYP2D6,P10635,inhibition,Unknown
2662,Celecoxib,3510,(3H)granisetron,CYP2D6,P10635,induction,Unknown
3902,Letrozole,150311,Ezetimibe,CYP3A4,P08684,inhibition,Unknown
93860,"Bortezomib, (1S,2R)-",176870,Erlotinib,CYP2C8,P10632,inhibition,Unknown
5291,Imatinib,104865,Bosentan,CYP3A4,P08684,induction,Moderate
5291,Imatinib,104865,Bosentan,CYP3A4,P08684,inhibition,Moderate
3690,Ifosfamide,3883,Lansoprazole,CYP3A4,P08684,induction,Unknown
3690,Ifosfamide,3883,Lansoprazole,CYP3A4,P08684,inhibition,Unknown
2764,Ciprofloxacin,14888,Arsenic Trioxide,CYP3A4,P08684,inhibition,Major
2764,Ciprofloxacin,14888,Arsenic Trioxide,ABCB1 (P-gp),P08183,transporter_inhibition,Major
2907,Cyclophosphamide,5523,2-((Dimethylamino)methyl)-1-(3-methoxyphenyl)cyclohexanol,CYP3A4,P08684,induction,Unknown
2907,Cyclophosphamide,5523,2-((Dimethylamino)methyl)-1-(3-methoxyphenyl)cyclohexanol,CYP3A4,P08684,inhibition,Unknown
2662,Celecoxib,3637,Hydralazine,CYP3A4,P08684,inhibition,Unknown
2662,Celecoxib,2955,Dapsone,PTGS2,P35354,inhibition,Unknown
2662,Celecoxib,2955,Dapsone,CYP2C9,P11712,induction,Unknown
3690,Ifosfamide,4595,Ondansetron,CYP3A4,P08684,inhibition,Unknown
3690,Ifosfamide,4595,Ondansetron,CYP3A4,P08684,induction,Unknown
5394,Temozolomide,13342,Vinblastine,CYP3A4,P08684,inhibition,Moderate
5394,Temozolomide,13342,Vinblastine,CYP3A4,P08684,induction,Moderate
152945,CID 152945,216239,Sorafenib,CYP3A4,P08684,inhibition,Unknown
2478,Busulfan,3690,Ifosfamide,CYP3A4,P08684,inhibition,Moderate
2478,Busulfan,3690,Ifosfamide,CYP3A4,P08684,induction,Moderate
3899,Leflunomide,4909,Primidone,CYP1A2,P05177,induction,Unknown
3899,Leflunomide,4909,Primidone,CYP2C9,P11712,inhibition,Unknown
2662,Celecoxib,4189,Miconazole,CYP3A4,P08684,inhibition,Moderate
3324,Famciclovir,5978,Vincristine,CYP3A4,P08684,inhibition,Unknown
5394,Temozolomide,150311,Ezetimibe,CYP3A4,P08684,inhibition,Unknown
5394,Temozolomide,150311,Ezetimibe,CYP3A4,P08684,induction,Unknown
2907,Cyclophosphamide,3062316,Dasatinib,ABCB1 (P-gp),P08183,transporter_inhibition,Unknown
2907,Cyclophosphamide,3062316,Dasatinib,CYP3A4,P08684,induction,Unknown
2907,Cyclophosphamide,3062316,Dasatinib,CYP3A4,P08684,inhibition,Unknown
3148,Anzemet,60953,Capecitabine,CYP2C9,P11712,inhibition,Unknown
2375,Bicalutamide,4485,Nifedipine,CYP3A4,P08684,induction,Unknown
2375,Bicalutamide,4485,Nifedipine,CYP3A4,P08684,inhibition,Unknown
5656,Venlafaxine,5978,Vincristine,CYP3A4,P08684,inhibition,Unknown
5656,Venlafaxine,5978,Vincristine,ABCB1 (P-gp),P08183,transporter_inhibition,Unknown
5656,Venlafaxine,5978,Vincristine,ABCB1 (P-gp),P08183,transporter_induction,Unknown
2662,Celecoxib,110635,Tadalafil,CYP3A4,P08684,inhibition,Unknown
2578,Carmustine,3121,Valproic Acid,CYP1A2,P05177,inhibition,Unknown
3657,Hydroxyurea,4205,Mirtazapine,CYP2D6,P10635,induction,Unknown
3657,Hydroxyurea,4205,Mirtazapine,CYP2D6,P10635,inhibition,Unknown
3899,Leflunomide,4236,Modafinil,CYP1A2,P05177,induction,Unknown
3899,Leflunomide,4236,Modafinil,CYP1A2,P05177,inhibition,Unknown
2907,Cyclophosphamide,3255,"6-((4-(Dimethylamino)-3-hydroxy-6-methyloxan-2-yl)oxy)-14-ethyl-7,12,13-trihydroxy-4-((5-hydroxy-4-methoxy-4,6-dimethyloxan-2-yl)oxy)-3,5,7,9,11,13-hexamethyl-1-oxacyclotetradecane-2,10-dione",CYP3A4,P08684,inhibition,Unknown
2907,Cyclophosphamide,3255,"6-((4-(Dimethylamino)-3-hydroxy-6-methyloxan-2-yl)oxy)-14-ethyl-7,12,13-trihydroxy-4-((5-hydroxy-4-methoxy-4,6-dimethyloxan-2-yl)oxy)-3,5,7,9,11,13-hexamethyl-1-oxacyclotetradecane-2,10-dione",CYP3A4,P08684,induction,Unknown
2907,Cyclophosphamide,3255,"6-((4-(Dimethylamino)-3-hydroxy-6-methyloxan-2-yl)oxy)-14-ethyl-7,12,13-trihydroxy-4-((5-hydroxy-4-methoxy-4,6-dimethyloxan-2-yl)oxy)-3,5,7,9,11,13-hexamethyl-1-oxacyclotetradecane-2,10-dione",ABCB1 (P-gp),P08183,transporter_inhibition,Unknown
2907,Cyclophosphamide,3255,"6-((4-(Dimethylamino)-3-hydroxy-6-methyloxan-2-yl)oxy)-14-ethyl-7,12,13-trihydroxy-4-((5-hydroxy-4-methoxy-4,6-dimethyloxan-2-yl)oxy)-3,5,7,9,11,13-hexamethyl-1-oxacyclotetradecane-2,10-dione",ABCB1 (P-gp),P08183,transporter_induction,Unknown
3902,Letrozole,4205,Mirtazapine,CYP3A4,P08684,inhibition,Unknown
5394,Temozolomide,14888,Arsenic Trioxide,CYP3A4,P08684,inhibition,Unknown
5394,Temozolomide,14888,Arsenic Trioxide,CYP3A4,P08684,induction,Unknown
3690,Ifosfamide,4616,Oxazepam,CYP3A4,P08684,inhibition,Moderate
3690,Ifosfamide,4616,Oxazepam,CYP3A4,P08684,induction,Moderate
2083,Salbutamol,3397,Flutamide,CYP3A4,P08684,inhibition,Moderate
3657,Hydroxyurea,3749,Irbesartan,CYP2D6,P10635,inhibition,Unknown
2907,Cyclophosphamide,4058,Meperidine,CYP3A4,P08684,induction,Unknown
2907,Cyclophosphamide,4058,Meperidine,CYP3A4,P08684,inhibition,Unknown
2162,Amlodipine,3397,Flutamide,CYP1A2,P05177,inhibition,Unknown
41781,Torasemide,123631,Gefitinib,CYP2C9,P11712,inhibition,Unknown
5523,2-((Dimethylamino)methyl)-1-(3-methoxyphenyl)cyclohexanol,5978,Vincristine,CYP3A4,P08684,inhibition,Unknown
2083,Salbutamol,104741,Fulvestrant,CYP3A4,P08684,inhibition,Unknown
444,Bupropion,3385,5-Fluorouracil,CYP2C9,P11712,inhibition,Unknown
5152,Salmeterol,5376,"(E,Z)-Tamoxifen",CYP3A4,P08684,induction,Moderate
5152,Salmeterol,5376,"(E,Z)-Tamoxifen",CYP3A4,P08684,inhibition,Moderate
3385,5-Fluorouracil,3676,Lidocaine,CYP1A2,P05177,inhibition,Unknown
2662,Celecoxib,77993,Eletriptan,CYP3A4,P08684,induction,Unknown
2662,Celecoxib,77993,Eletriptan,CYP2D6,P10635,inhibition,Unknown
4205,Mirtazapine,176870,Erlotinib,CYP2C8,P10632,inhibition,Unknown
4205,Mirtazapine,176870,Erlotinib,CYP2D6,P10635,induction,Unknown
2662,Celecoxib,4212,Mitoxantrone,CYP3A4,P08684,inhibition,Unknown
3676,Lidocaine,123631,Gefitinib,ABCB1 (P-gp),P08183,transporter_inhibition,Unknown
3676,Lidocaine,123631,Gefitinib,CYP2C9,P11712,inhibition,Unknown
4158,Methylphenidate,176870,Erlotinib,CYP2D6,P10635,inhibition,Unknown
3016,Diazepam,123631,Gefitinib,ABCB1 (P-gp),P08183,transporter_inhibition,Unknown
3016,Diazepam,123631,Gefitinib,CYP2C9,P11712,inhibition,Unknown
3961,Losartan,5291,Imatinib,ABCB1 (P-gp),P08183,transporter_inhibition,Moderate
3961,Losartan,5291,Imatinib,CYP3A4,P08684,inhibition,Moderate
3954,Loperamide(1+),123631,Gefitinib,ABCB1 (P-gp),P08183,transporter_inhibition,Unknown
3954,Loperamide(1+),123631,Gefitinib,CYP2D6,P10635,inhibition,Unknown
3657,Hydroxyurea,5656,Venlafaxine,CYP2D6,P10635,inhibition,Unknown
2162,Amlodipine,3385,5-Fluorouracil,CYP2C9,P11712,inhibition,Unknown
3658,Hydroxyzine,5376,"(E,Z)-Tamoxifen",CYP2D6,P10635,inhibition,Moderate
3016,Diazepam,3899,Leflunomide,CYP2C9,P11712,inhibition,Unknown
2187,Anastrozole,3488,Glibenclamide,CYP3A4,P08684,inhibition,Unknown
3032,Arthrotec,5376,"(E,Z)-Tamoxifen",ABCB1 (P-gp),P08183,transporter_induction,Unknown
3032,Arthrotec,5376,"(E,Z)-Tamoxifen",ABCB1 (P-gp),P08183,transporter_inhibition,Unknown
3032,Arthrotec,5376,"(E,Z)-Tamoxifen",CYP3A4,P08684,induction,Unknown
3032,Arthrotec,5376,"(E,Z)-Tamoxifen",CYP3A4,P08684,inhibition,Unknown
2118,Alprazolam,2375,Bicalutamide,CYP3A4,P08684,inhibition,Unknown
5533,Trazodone,93860,"Bortezomib, (1S,2R)-",CYP3A4,P08684,inhibition,Unknown
4236,Modafinil,5394,Temozolomide,CYP3A4,P08684,inhibition,Unknown
4236,Modafinil,5394,Temozolomide,CYP3A4,P08684,induction,Unknown
2756,Cimetidine,3385,5-Fluorouracil,CYP2C9,P11712,inhibition,Minor
2756,Cimetidine,3385,5-Fluorouracil,SLC22A7,Q9Y694,transporter_inhibition,Minor
3657,Hydroxyurea,4634,Oxybutynin,CYP2D6,P10635,inhibition,Unknown
5090,Rofecoxib,123631,Gefitinib,CYP3A4,P08684,induction,Unknown
5090,Rofecoxib,123631,Gefitinib,CYP2C9,P11712,inhibition,Unknown
2764,Ciprofloxacin,104741,Fulvestrant,CYP3A4,P08684,inhibition,Unknown
2520,Verapamil,14888,Arsenic Trioxide,ABCB1 (P-gp),P08183,transporter_inhibition,Unknown
2520,Verapamil,14888,Arsenic Trioxide,CYP3A4,P08684,inhibition,Unknown
2520,Verapamil,14888,Arsenic Trioxide,ABCC2 (MRP2),Q92887,transporter_induction,Unknown
2118,Alprazolam,4212,Mitoxantrone,CYP3A4,P08684,inhibition,Unknown
2554,Carbamazepine,3385,5-Fluorouracil,CYP2C9,P11712,inhibition,Unknown
2554,Carbamazepine,3385,5-Fluorouracil,CYP1A2,P05177,induction,Unknown
2578,Carmustine,4583,Ofloxacin,CYP1A2,P05177,inhibition,Minor
3672,"Ibuprofen, (+-)-",216239,Sorafenib,CYP2C9,P11712,inhibition,Unknown
3672,"Ibuprofen, (+-)-",216239,Sorafenib,ABCB1 (P-gp),P08183,transporter_inhibition,Unknown
2802,Clonazepam,5291,Imatinib,CYP3A4,P08684,inhibition,Moderate
3365,Fluconazole,5291,Imatinib,ABCB1 (P-gp),P08183,transporter_inhibition,Moderate
3365,Fluconazole,5291,Imatinib,CYP3A4,P08684,inhibition,Moderate
4212,Mitoxantrone,5578,Trimethoprim,ABCB1 (P-gp),P08183,transporter_induction,Unknown
4212,Mitoxantrone,5578,Trimethoprim,CYP3A4,P08684,inhibition,Unknown
4212,Mitoxantrone,5578,Trimethoprim,ABCB1 (P-gp),P08183,transporter_inhibition,Unknown
3957,Loratadine,60198,Exemestane,CYP3A4,P08684,induction,Unknown
3957,Loratadine,60198,Exemestane,CYP3A4,P08684,inhibition,Unknown
3345,Fentanyl,3397,Flutamide,CYP3A4,P08684,inhibition,Unknown
5426,Thalidomide,5578,Trimethoprim,CYP2C9,P11712,inhibition,Unknown
2375,Bicalutamide,3222,1-(2-{[1-(Ethoxycarbonyl)-3-phenylpropyl]amino}propanoyl)proline maleate,CYP3A4,P08684,inhibition,Unknown
5426,Thalidomide,123631,Gefitinib,CYP3A5,P20815,induction,Unknown
5426,Thalidomide,123631,Gefitinib,CYP2C9,P11712,inhibition,Unknown
3962,"8-(2-(4-Hydroxy-6-oxooxan-2-yl)ethyl)-3,7-dimethyl-1,2,3,7,8,8a-hexahydronaphthalen-1-yl 2-methylbutanoate",5978,Vincristine,CYP3A4,P08684,inhibition,Moderate
3962,"8-(2-(4-Hydroxy-6-oxooxan-2-yl)ethyl)-3,7-dimethyl-1,2,3,7,8,8a-hexahydronaphthalen-1-yl 2-methylbutanoate",5978,Vincristine,ABCB1 (P-gp),P08183,transporter_inhibition,Moderate
3962,"8-(2-(4-Hydroxy-6-oxooxan-2-yl)ethyl)-3,7-dimethyl-1,2,3,7,8,8a-hexahydronaphthalen-1-yl 2-methylbutanoate",5978,Vincristine,ABCB1 (P-gp),P08183,transporter_induction,Moderate
5291,Imatinib,27661,Isosorbide Mononitrate,CYP3A4,P08684,inhibition,Unknown
942,3-(1-Methylpyrrolidin-2-yl)pyridine,123631,Gefitinib,CYP1A1,P04798,induction,Unknown
942,3-(1-Methylpyrrolidin-2-yl)pyridine,123631,Gefitinib,CYP2C9,P11712,inhibition,Unknown
3957,Loratadine,176870,Erlotinib,ABCB1 (P-gp),P08183,transporter_inhibition,Unknown
3957,Loratadine,176870,Erlotinib,CYP3A4,P08684,induction,Unknown
3957,Loratadine,176870,Erlotinib,CYP2C8,P10632,inhibition,Unknown
5073,Risperidone,123631,Gefitinib,ABCB1 (P-gp),P08183,transporter_inhibition,Unknown
5073,Risperidone,123631,Gefitinib,CYP2D6,P10635,inhibition,Unknown
2375,Bicalutamide,5656,Venlafaxine,CYP3A4,P08684,inhibition,Moderate
3255,"6-((4-(Dimethylamino)-3-hydroxy-6-methyloxan-2-yl)oxy)-14-ethyl-7,12,13-trihydroxy-4-((5-hydroxy-4-methoxy-4,6-dimethyloxan-2-yl)oxy)-3,5,7,9,11,13-hexamethyl-1-oxacyclotetradecane-2,10-dione",5291,Imatinib,ABCB1 (P-gp),P08183,transporter_inhibition,Moderate
3255,"6-((4-(Dimethylamino)-3-hydroxy-6-methyloxan-2-yl)oxy)-14-ethyl-7,12,13-trihydroxy-4-((5-hydroxy-4-methoxy-4,6-dimethyloxan-2-yl)oxy)-3,5,7,9,11,13-hexamethyl-1-oxacyclotetradecane-2,10-dione",5291,Imatinib,CYP3A4,P08684,inhibition,Moderate
3255,"6-((4-(Dimethylamino)-3-hydroxy-6-methyloxan-2-yl)oxy)-14-ethyl-7,12,13-trihydroxy-4-((5-hydroxy-4-methoxy-4,6-dimethyloxan-2-yl)oxy)-3,5,7,9,11,13-hexamethyl-1-oxacyclotetradecane-2,10-dione",5291,Imatinib,ABCB1 (P-gp),P08183,transporter_induction,Moderate
1775,Phenytoin,4212,Mitoxantrone,CYP3A4,P08684,inhibition,Unknown
1775,Phenytoin,4212,Mitoxantrone,ABCB1 (P-gp),P08183,transporter_induction,Unknown
1775,Phenytoin,4212,Mitoxantrone,CYP3A4,P08684,induction,Unknown
1775,Phenytoin,4212,Mitoxantrone,ABCB1 (P-gp),P08183,transporter_inhibition,Unknown
3715,Indomethacin,5376,"(E,Z)-Tamoxifen",CYP2C9,P11712,inhibition,Unknown
3715,Indomethacin,5376,"(E,Z)-Tamoxifen",ABCB1 (P-gp),P08183,transporter_inhibition,Unknown
3715,Indomethacin,5376,"(E,Z)-Tamoxifen",ABCB1 (P-gp),P08183,transporter_induction,Unknown
3365,Fluconazole,5376,"(E,Z)-Tamoxifen",ABCB1 (P-gp),P08183,transporter_induction,Moderate
3365,Fluconazole,5376,"(E,Z)-Tamoxifen",ABCB1 (P-gp),P08183,transporter_inhibition,Moderate
3365,Fluconazole,5376,"(E,Z)-Tamoxifen",CYP3A4,P08684,induction,Moderate
3365,Fluconazole,5376,"(E,Z)-Tamoxifen",CYP3A4,P08684,inhibition,Moderate
4205,Mirtazapine,60953,Capecitabine,CYP2C9,P11712,inhibition,Unknown
2662,Celecoxib,176870,Erlotinib,CYP2D6,P10635,inhibition,Unknown
3121,Valproic Acid,5426,Thalidomide,CYP3A5,P20815,induction,Moderate
3121,Valproic Acid,5426,Thalidomide,CYP2C19,P33261,inhibition,Moderate
3676,Lidocaine,60198,Exemestane,CYP3A4,P08684,inhibition,Unknown
4616,Oxazepam,5978,Vincristine,CYP3A4,P08684,inhibition,Unknown
444,Bupropion,93860,"Bortezomib, (1S,2R)-",CYP1A2,P05177,inhibition,Unknown
4634,Oxybutynin,5291,Imatinib,CYP3A4,P08684,inhibition,Unknown
5391,Temazepam,60953,Capecitabine,CYP2C9,P11712,inhibition,Unknown
3899,Leflunomide,4943,Propofol,CYP1A2,P05177,inhibition,Unknown
3158,Doxepin,3899,Leflunomide,CYP2C9,P11712,inhibition,Unknown
3825,Ketoprofen,5376,"(E,Z)-Tamoxifen",CYP2C9,P11712,inhibition,Unknown
4917,Prochlorperazine,14888,Arsenic Trioxide,CYP3A4,P08684,inhibition,Major
3385,5-Fluorouracil,3559,Haloperidol,CYP2C9,P11712,inhibition,Unknown
3308,Etodolac,93860,"Bortezomib, (1S,2R)-",CYP2C9,P11712,inhibition,Unknown
2812,Clotrimazole,2907,Cyclophosphamide,ABCB1 (P-gp),P08183,transporter_induction,Unknown
2812,Clotrimazole,2907,Cyclophosphamide,ABCB1 (P-gp),P08183,transporter_inhibition,Unknown
2812,Clotrimazole,2907,Cyclophosphamide,CYP3A4,P08684,induction,Unknown
2812,Clotrimazole,2907,Cyclophosphamide,CYP3A4,P08684,inhibition,Unknown
4205,Mirtazapine,5291,Imatinib,CYP2D6,P10635,induction,Moderate
4205,Mirtazapine,5291,Imatinib,CYP3A4,P08684,inhibition,Moderate
2187,Anastrozole,3339,Fenofibrate,CYP2C9,P11712,inhibition,Unknown
5376,"(E,Z)-Tamoxifen",5978,Vincristine,CYP3A4,P08684,inhibition,Unknown
5376,"(E,Z)-Tamoxifen",5978,Vincristine,CYP3A4,P08684,induction,Unknown
5376,"(E,Z)-Tamoxifen",5978,Vincristine,ABCB1 (P-gp),P08183,transporter_inhibition,Unknown
5376,"(E,Z)-Tamoxifen",5978,Vincristine,ABCB1 (P-gp),P08183,transporter_induction,Unknown
3902,Letrozole,5291,Imatinib,CYP3A4,P08684,inhibition,Unknown
2955,Dapsone,5291,Imatinib,CYP3A4,P08684,inhibition,Moderate
2955,Dapsone,5291,Imatinib,CYP2C9,P11712,induction,Moderate
5376,"(E,Z)-Tamoxifen",60795,Aripiprazole,CYP2D6,P10635,induction,Moderate
5376,"(E,Z)-Tamoxifen",60795,Aripiprazole,CYP2D6,P10635,inhibition,Moderate
4212,Mitoxantrone,34312,Oxcarbazepine,CYP3A4,P08684,induction,Unknown
4212,Mitoxantrone,34312,Oxcarbazepine,CYP3A4,P08684,inhibition,Unknown
3333,Felodipine,5291,Imatinib,ABCB1 (P-gp),P08183,transporter_inhibition,Moderate
3333,Felodipine,5291,Imatinib,CYP3A4,P08684,inhibition,Moderate
2662,Celecoxib,5454,Thiothixene (USAN:USP),CYP2D6,P10635,inhibition,Unknown
3333,Felodipine,3385,5-Fluorouracil,CYP2C9,P11712,inhibition,Unknown
2812,Clotrimazole,3899,Leflunomide,CYP2C9,P11712,inhibition,Major
5394,Temozolomide,110635,Tadalafil,CYP3A4,P08684,induction,Unknown
5394,Temozolomide,110635,Tadalafil,CYP3A4,P08684,inhibition,Unknown
2907,Cyclophosphamide,124087,Desloratadine,CYP2C9,P11712,inhibition,Unknown
2907,Cyclophosphamide,124087,Desloratadine,ABCB1 (P-gp),P08183,transporter_inhibition,Unknown
2907,Cyclophosphamide,124087,Desloratadine,CYP2C9,P11712,induction,Unknown
3702,Indapamide,5291,Imatinib,CYP3A4,P08684,inhibition,Unknown
5426,Thalidomide,216239,Sorafenib,CYP3A5,P20815,induction,Moderate
5426,Thalidomide,216239,Sorafenib,CYP1A2,P05177,inhibition,Moderate
4205,Mirtazapine,123631,Gefitinib,CYP2D6,P10635,induction,Unknown
4205,Mirtazapine,123631,Gefitinib,CYP2C9,P11712,inhibition,Unknown
3749,Irbesartan,5376,"(E,Z)-Tamoxifen",CYP3A4,P08684,induction,Unknown
3749,Irbesartan,5376,"(E,Z)-Tamoxifen",CYP3A4,P08684,inhibition,Unknown
3961,Losartan,14888,Arsenic Trioxide,CYP3A4,P08684,inhibition,Unknown
3961,Losartan,14888,Arsenic Trioxide,ABCB1 (P-gp),P08183,transporter_inhibition,Unknown
5077,3-[1-(Dimethylamino)ethyl]phenyl ethyl(methyl)carbamate,176870,Erlotinib,CYP3A4,P08684,inhibition,Unknown
2662,Celecoxib,4539,Norfloxacin,CYP3A4,P08684,inhibition,Moderate
2662,Celecoxib,5215,Sulfadiazine,CYP2C9,P11712,inhibition,Moderate
4829,Pioglitazone,176870,Erlotinib,CYP2C8,P10632,inhibition,Unknown
4829,Pioglitazone,176870,Erlotinib,CYP3A4,P08684,induction,Unknown
3793,Itrizole,14888,Arsenic Trioxide,ABCB1 (P-gp),P08183,transporter_inhibition,Unknown
3793,Itrizole,14888,Arsenic Trioxide,CYP3A4,P08684,inhibition,Unknown
3793,Itrizole,14888,Arsenic Trioxide,CYP1A1,P04798,induction,Unknown
34312,Oxcarbazepine,216239,Sorafenib,CYP3A4,P08684,inhibition,Moderate
34312,Oxcarbazepine,216239,Sorafenib,CYP3A4,P08684,induction,Moderate
2662,Celecoxib,13342,Vinblastine,CYP3A4,P08684,inhibition,Unknown
2895,Cyclobenzaprine,216239,Sorafenib,CYP1A2,P05177,inhibition,Unknown
3152,Donepezil,3385,5-Fluorouracil,CYP2C9,P11712,inhibition,Unknown
5978,Vincristine,14888,Arsenic Trioxide,CYP3A4,P08684,inhibition,Unknown
5978,Vincristine,14888,Arsenic Trioxide,ABCC2 (MRP2),Q92887,transporter_induction,Unknown
5978,Vincristine,14888,Arsenic Trioxide,ABCB1 (P-gp),P08183,transporter_inhibition,Unknown
2955,Dapsone,5426,Thalidomide,CYP3A5,P20815,induction,Moderate
2955,Dapsone,5426,Thalidomide,CYP2C19,P33261,inhibition,Moderate
2662,Celecoxib,4748,Perphenazine,CYP2D6,P10635,inhibition,Moderate
3385,5-Fluorouracil,3386,Fluoxetine,CYP1A2,P05177,inhibition,Unknown
4205,Mirtazapine,216239,Sorafenib,CYP2D6,P10635,induction,Moderate
4205,Mirtazapine,216239,Sorafenib,CYP1A2,P05177,inhibition,Moderate
2806,(RS)-Clopidogrel,4212,Mitoxantrone,CYP3A4,P08684,inhibition,Unknown
2806,(RS)-Clopidogrel,4212,Mitoxantrone,ABCB1 (P-gp),P08183,transporter_induction,Unknown
2806,(RS)-Clopidogrel,4212,Mitoxantrone,ABCB1 (P-gp),P08183,transporter_inhibition,Unknown
4158,Methylphenidate,123631,Gefitinib,CYP2D6,P10635,inhibition,Unknown
3961,Losartan,60953,Capecitabine,CYP2C9,P11712,inhibition,Unknown
5376,"(E,Z)-Tamoxifen",5584,Trimipramine,ABCB1 (P-gp),P08183,transporter_induction,Moderate
5376,"(E,Z)-Tamoxifen",5584,Trimipramine,CYP3A4,P08684,induction,Moderate
5376,"(E,Z)-Tamoxifen",5584,Trimipramine,CYP3A4,P08684,inhibition,Moderate
5376,"(E,Z)-Tamoxifen",5584,Trimipramine,ABCB1 (P-gp),P08183,transporter_inhibition,Moderate
3016,Diazepam,93860,"Bortezomib, (1S,2R)-",CYP1A2,P05177,inhibition,Minor
3032,Arthrotec,5426,Thalidomide,CYP2C19,P33261,inhibition,Unknown
2801,Clomipramine,5376,"(E,Z)-Tamoxifen",ABCB1 (P-gp),P08183,transporter_induction,Moderate
2801,Clomipramine,5376,"(E,Z)-Tamoxifen",ABCB1 (P-gp),P08183,transporter_inhibition,Moderate
2801,Clomipramine,5376,"(E,Z)-Tamoxifen",CYP3A4,P08684,induction,Moderate
2801,Clomipramine,5376,"(E,Z)-Tamoxifen",CYP3A4,P08684,inhibition,Moderate
3690,Ifosfamide,93860,"Bortezomib, (1S,2R)-",CYP3A4,P08684,induction,Unknown
3690,Ifosfamide,93860,"Bortezomib, (1S,2R)-",CYP3A4,P08684,inhibition,Unknown
3676,Lidocaine,3902,Letrozole,CYP2A6,P11509,inhibition,Unknown
3657,Hydroxyurea,4485,Nifedipine,CYP2D6,P10635,inhibition,Unknown
3962,"8-(2-(4-Hydroxy-6-oxooxan-2-yl)ethyl)-3,7-dimethyl-1,2,3,7,8,8a-hexahydronaphthalen-1-yl 2-methylbutanoate",5291,Imatinib,ABCB1 (P-gp),P08183,transporter_inhibition,Moderate
3962,"8-(2-(4-Hydroxy-6-oxooxan-2-yl)ethyl)-3,7-dimethyl-1,2,3,7,8,8a-hexahydronaphthalen-1-yl 2-methylbutanoate",5291,Imatinib,CYP2C9,P11712,induction,Moderate
3962,"8-(2-(4-Hydroxy-6-oxooxan-2-yl)ethyl)-3,7-dimethyl-1,2,3,7,8,8a-hexahydronaphthalen-1-yl 2-methylbutanoate",5291,Imatinib,CYP3A4,P08684,inhibition,Moderate
2554,Carbamazepine,123631,Gefitinib,CYP3A4,P08684,induction,Moderate
2554,Carbamazepine,123631,Gefitinib,ABCB1 (P-gp),P08183,transporter_inhibition,Moderate
2554,Carbamazepine,123631,Gefitinib,ABCB1 (P-gp),P08183,transporter_induction,Moderate
2554,Carbamazepine,123631,Gefitinib,CYP2C9,P11712,inhibition,Moderate
4236,Modafinil,5291,Imatinib,CYP1A2,P05177,induction,Minor
4236,Modafinil,5291,Imatinib,CYP3A4,P08684,inhibition,Minor
4691,"3-(1,3-Benzodioxol-5-yloxymethyl)-4-(4-fluorophenyl)piperidine",176870,Erlotinib,ABCB1 (P-gp),P08183,transporter_inhibition,Unknown
4691,"3-(1,3-Benzodioxol-5-yloxymethyl)-4-(4-fluorophenyl)piperidine",176870,Erlotinib,CYP2C8,P10632,inhibition,Unknown
3152,Donepezil,5291,Imatinib,CYP3A4,P08684,inhibition,Minor
3333,Felodipine,123631,Gefitinib,ABCB1 (P-gp),P08183,transporter_inhibition,Unknown
3333,Felodipine,123631,Gefitinib,CYP2C9,P11712,inhibition,Unknown
3385,5-Fluorouracil,5426,Thalidomide,CYP2C9,P11712,inhibition,Major
2520,Verapamil,176870,Erlotinib,CYP2C8,P10632,inhibition,Moderate
2520,Verapamil,176870,Erlotinib,ABCB1 (P-gp),P08183,transporter_induction,Moderate
2520,Verapamil,176870,Erlotinib,ABCG2 (BCRP),Q9UNQ0,transporter_inhibition,Moderate
2554,Carbamazepine,5291,Imatinib,ABCB1 (P-gp),P08183,transporter_induction,Major
2554,Carbamazepine,5291,Imatinib,ABCB1 (P-gp),P08183,transporter_inhibition,Major
2554,Carbamazepine,5291,Imatinib,CYP3A4,P08684,inhibition,Major
2554,Carbamazepine,5291,Imatinib,CYP1A2,P05177,induction,Major
4212,Mitoxantrone,4829,Pioglitazone,CYP3A4,P08684,inhibition,Unknown
4212,Mitoxantrone,4829,Pioglitazone,CYP3A4,P08684,induction,Unknown
4212,Mitoxantrone,93860,"Bortezomib, (1S,2R)-",CYP3A4,P08684,inhibition,Unknown
4236,Modafinil,5426,Thalidomide,CYP3A5,P20815,induction,Unknown
4236,Modafinil,5426,Thalidomide,CYP2C19,P33261,inhibition,Unknown
2764,Ciprofloxacin,3690,Ifosfamide,CYP3A4,P08684,inhibition,Minor
2764,Ciprofloxacin,3690,Ifosfamide,CYP3A4,P08684,induction,Minor
3016,Diazepam,14888,Arsenic Trioxide,CYP3A4,P08684,inhibition,Unknown
3032,Arthrotec,5291,Imatinib,ABCB1 (P-gp),P08183,transporter_inhibition,Moderate
3032,Arthrotec,5291,Imatinib,CYP3A4,P08684,inhibition,Moderate
2907,Cyclophosphamide,3203,Rac-Efavirenz,CYP3A4,P08684,induction,Unknown
2907,Cyclophosphamide,3203,Rac-Efavirenz,CYP3A4,P08684,inhibition,Unknown
3333,Felodipine,5394,Temozolomide,CYP3A4,P08684,inhibition,Unknown
3333,Felodipine,5394,Temozolomide,CYP3A4,P08684,induction,Unknown
2083,Salbutamol,14888,Arsenic Trioxide,CYP3A4,P08684,inhibition,Moderate
2187,Anastrozole,5735,Zopiclone,CYP3A4,P08684,inhibition,Unknown
5978,Vincristine,150311,Ezetimibe,ABCB1 (P-gp),P08183,transporter_inhibition,Unknown
5978,Vincristine,150311,Ezetimibe,CYP3A4,P08684,inhibition,Unknown
5978,Vincristine,150311,Ezetimibe,ABCB1 (P-gp),P08183,transporter_induction,Unknown
2520,Verapamil,104741,Fulvestrant,CYP3A4,P08684,inhibition,Unknown
3767,Isoniazid,5426,Thalidomide,CYP2E1,P05181,induction,Moderate
3767,Isoniazid,5426,Thalidomide,CYP2C19,P33261,inhibition,Moderate
2092,Alfuzosin,2375,Bicalutamide,CYP3A4,P08684,inhibition,Moderate
5376,"(E,Z)-Tamoxifen",119607,Valdecoxib,CYP3A4,P08684,induction,Unknown
5376,"(E,Z)-Tamoxifen",119607,Valdecoxib,CYP2C9,P11712,inhibition,Unknown
5376,"(E,Z)-Tamoxifen",150311,Ezetimibe,ABCB1 (P-gp),P08183,transporter_induction,Unknown
5376,"(E,Z)-Tamoxifen",150311,Ezetimibe,ABCB1 (P-gp),P08183,transporter_inhibition,Unknown
5376,"(E,Z)-Tamoxifen",150311,Ezetimibe,CYP3A4,P08684,induction,Unknown
5376,"(E,Z)-Tamoxifen",150311,Ezetimibe,CYP3A4,P08684,inhibition,Unknown
2576,Carisoprodol,5426,Thalidomide,CYP2C19,P33261,inhibition,Moderate
3902,Letrozole,4634,Oxybutynin,CYP3A4,P08684,inhibition,Unknown
3032,Arthrotec,176870,Erlotinib,CYP2C8,P10632,inhibition,Unknown
3032,Arthrotec,176870,Erlotinib,ABCB1 (P-gp),P08183,transporter_inhibition,Unknown
2803,Clonidine,3657,Hydroxyurea,CYP2D6,P10635,inhibition,Unknown
5512,2-(3-(Di(propan-2-yl)amino)-1-phenylpropyl)-4-methylphenol,60953,Capecitabine,CYP2C9,P11712,inhibition,Unknown
2662,Celecoxib,74989,"3-(4-(4-Chlorophenyl)cyclohexyl)-4-hydroxynaphthalene-1,2-dione",CYP2C9,P11712,inhibition,Unknown
2662,Celecoxib,216239,Sorafenib,CYP3A4,P08684,inhibition,Unknown
2662,Celecoxib,216239,Sorafenib,ABCC4 (MRP4),O15439,transporter_inhibition,Unknown
3902,Letrozole,4212,Mitoxantrone,CYP3A4,P08684,inhibition,Unknown
3365,Fluconazole,3062316,Dasatinib,ABCB1 (P-gp),P08183,transporter_inhibition,Moderate
3365,Fluconazole,3062316,Dasatinib,CYP3A4,P08684,inhibition,Moderate
5978,Vincristine,3062316,Dasatinib,ABCB1 (P-gp),P08183,transporter_inhibition,Moderate
5978,Vincristine,3062316,Dasatinib,CYP3A4,P08684,inhibition,Moderate
5978,Vincristine,3062316,Dasatinib,ABCB1 (P-gp),P08183,transporter_induction,Moderate
3121,Valproic Acid,5291,Imatinib,CYP3A4,P08684,inhibition,Unknown
2118,Alprazolam,5978,Vincristine,CYP3A4,P08684,inhibition,Unknown
4539,Norfloxacin,5394,Temozolomide,CYP3A4,P08684,inhibition,Minor
4539,Norfloxacin,5394,Temozolomide,CYP3A4,P08684,induction,Minor
4819,"2(3H)-Furanone, 3-ethyldihydro-4-((1-methyl-1H-imidazol-5-yl)methyl)-, (3S-cis)-",5376,"(E,Z)-Tamoxifen",CYP3A4,P08684,induction,Unknown
4819,"2(3H)-Furanone, 3-ethyldihydro-4-((1-methyl-1H-imidazol-5-yl)methyl)-, (3S-cis)-",5376,"(E,Z)-Tamoxifen",CYP3A4,P08684,inhibition,Unknown
3658,Hydroxyzine,123631,Gefitinib,CYP2D6,P10635,inhibition,Unknown
3902,Letrozole,5073,Risperidone,CYP3A4,P08684,inhibition,Unknown
3954,Loperamide(1+),4212,Mitoxantrone,CYP3A4,P08684,inhibition,Unknown
3954,Loperamide(1+),4212,Mitoxantrone,ABCB1 (P-gp),P08183,transporter_induction,Unknown
3954,Loperamide(1+),4212,Mitoxantrone,ABCB1 (P-gp),P08183,transporter_inhibition,Unknown
2375,Bicalutamide,3883,Lansoprazole,CYP3A4,P08684,induction,Unknown
2375,Bicalutamide,3883,Lansoprazole,CYP3A4,P08684,inhibition,Unknown
5090,Rofecoxib,93860,"Bortezomib, (1S,2R)-",CYP3A4,P08684,induction,Unknown
5090,Rofecoxib,93860,"Bortezomib, (1S,2R)-",CYP1A2,P05177,inhibition,Unknown
5978,Vincristine,27661,Isosorbide Mononitrate,CYP3A4,P08684,inhibition,Unknown
4173,Metronidazole,60953,Capecitabine,CYP2C9,P11712,inhibition,Moderate
5090,Rofecoxib,5291,Imatinib,CYP3A4,P08684,induction,Unknown
5090,Rofecoxib,5291,Imatinib,CYP3A4,P08684,inhibition,Unknown
3690,Ifosfamide,4173,Metronidazole,CYP3A4,P08684,inhibition,Unknown
3690,Ifosfamide,4173,Metronidazole,CYP3A4,P08684,induction,Unknown
3222,1-(2-{[1-(Ethoxycarbonyl)-3-phenylpropyl]amino}propanoyl)proline maleate,216239,Sorafenib,CYP3A4,P08684,inhibition,Unknown
3222,1-(2-{[1-(Ethoxycarbonyl)-3-phenylpropyl]amino}propanoyl)proline maleate,216239,Sorafenib,ABCB1 (P-gp),P08183,transporter_inhibition,Unknown
3690,Ifosfamide,5656,Venlafaxine,CYP3A4,P08684,inhibition,Moderate
3690,Ifosfamide,5656,Venlafaxine,CYP3A4,P08684,induction,Moderate
3954,Loperamide(1+),176870,Erlotinib,ABCB1 (P-gp),P08183,transporter_inhibition,Unknown
3954,Loperamide(1+),176870,Erlotinib,CYP2C8,P10632,inhibition,Unknown
3488,Glibenclamide,5394,Temozolomide,CYP3A4,P08684,inhibition,Unknown
3488,Glibenclamide,5394,Temozolomide,CYP3A4,P08684,induction,Unknown
444,Bupropion,123631,Gefitinib,CYP2C9,P11712,inhibition,Unknown
4212,Mitoxantrone,4485,Nifedipine,ABCB1 (P-gp),P08183,transporter_induction,Moderate
4212,Mitoxantrone,4485,Nifedipine,ABCB1 (P-gp),P08183,transporter_inhibition,Moderate
4212,Mitoxantrone,4485,Nifedipine,CYP3A4,P08684,induction,Moderate
4212,Mitoxantrone,4485,Nifedipine,CYP3A4,P08684,inhibition,Moderate
3157,Doxazosin,5291,Imatinib,CYP2D6,P10635,inhibition,Unknown
3157,Doxazosin,5291,Imatinib,ABCB1 (P-gp),P08183,transporter_inhibition,Unknown
5090,Rofecoxib,5978,Vincristine,CYP3A4,P08684,inhibition,Unknown
5090,Rofecoxib,5978,Vincristine,CYP3A4,P08684,induction,Unknown
4212,Mitoxantrone,5391,Temazepam,CYP3A4,P08684,inhibition,Unknown
4679,Pantoprazole,13342,Vinblastine,CYP3A4,P08684,inhibition,Unknown
4679,Pantoprazole,13342,Vinblastine,ABCB1 (P-gp),P08183,transporter_induction,Unknown
4679,Pantoprazole,13342,Vinblastine,ABCB1 (P-gp),P08183,transporter_inhibition,Unknown
4679,Pantoprazole,13342,Vinblastine,CYP3A4,P08684,induction,Unknown
2771,Citalopram,14888,Arsenic Trioxide,CYP3A4,P08684,inhibition,Major
2801,Clomipramine,2907,Cyclophosphamide,ABCB1 (P-gp),P08183,transporter_inhibition,Unknown
2801,Clomipramine,2907,Cyclophosphamide,CYP3A4,P08684,induction,Unknown
2801,Clomipramine,2907,Cyclophosphamide,CYP3A4,P08684,inhibition,Unknown
2118,Alprazolam,216239,Sorafenib,CYP3A4,P08684,inhibition,Unknown
4173,Metronidazole,5453,Thiotepa,CYP3A4,P08684,inhibition,Unknown
5076,"N-[3-hydroxy-5-[[3-methyl-2-[[[methyl-[(2-propan-2-yl-4-thiazolyl)methyl]amino]-oxomethyl]amino]-1-oxobutyl]amino]-1,6-diphenylhexan-2-yl]carbamic acid 5-thiazolylmethyl ester",10631,Medroxyprogesterone,CYP3A4,P08684,induction,Moderate
5076,"N-[3-hydroxy-5-[[3-methyl-2-[[[methyl-[(2-propan-2-yl-4-thiazolyl)methyl]amino]-oxomethyl]amino]-1-oxobutyl]amino]-1,6-diphenylhexan-2-yl]carbamic acid 5-thiazolylmethyl ester",10631,Medroxyprogesterone,CYP2C9,P11712,inhibition,Moderate
3657,Hydroxyurea,4927,Promethazine,CYP2D6,P10635,inhibition,Unknown
2585,Carvedilol,123631,Gefitinib,ABCB1 (P-gp),P08183,transporter_inhibition,Unknown
2585,Carvedilol,123631,Gefitinib,CYP2C9,P11712,inhibition,Unknown
3658,Hydroxyzine,5291,Imatinib,CYP2D6,P10635,inhibition,Unknown
3957,Loratadine,60953,Capecitabine,CYP2C9,P11712,inhibition,Unknown
3255,"6-((4-(Dimethylamino)-3-hydroxy-6-methyloxan-2-yl)oxy)-14-ethyl-7,12,13-trihydroxy-4-((5-hydroxy-4-methoxy-4,6-dimethyloxan-2-yl)oxy)-3,5,7,9,11,13-hexamethyl-1-oxacyclotetradecane-2,10-dione",3385,5-Fluorouracil,SLC22A7,Q9Y694,transporter_inhibition,Unknown
3255,"6-((4-(Dimethylamino)-3-hydroxy-6-methyloxan-2-yl)oxy)-14-ethyl-7,12,13-trihydroxy-4-((5-hydroxy-4-methoxy-4,6-dimethyloxan-2-yl)oxy)-3,5,7,9,11,13-hexamethyl-1-oxacyclotetradecane-2,10-dione",3385,5-Fluorouracil,CYP1A2,P05177,inhibition,Unknown
2153,Theophylline,3899,Leflunomide,CYP2C9,P11712,inhibition,Unknown
3203,Rac-Efavirenz,3385,5-Fluorouracil,CYP2C9,P11712,inhibition,Unknown
5656,Venlafaxine,3062316,Dasatinib,ABCB1 (P-gp),P08183,transporter_inhibition,Moderate
5656,Venlafaxine,3062316,Dasatinib,CYP3A4,P08684,inhibition,Moderate
5656,Venlafaxine,3062316,Dasatinib,ABCG2 (BCRP),Q9UNQ0,transporter_induction,Moderate
3158,Doxepin,5426,Thalidomide,CYP2C19,P33261,inhibition,Moderate
119607,Valdecoxib,123631,Gefitinib,CYP2C9,P11712,inhibition,Unknown
2554,Carbamazepine,4212,Mitoxantrone,CYP3A4,P08684,induction,Unknown
2554,Carbamazepine,4212,Mitoxantrone,CYP3A4,P08684,inhibition,Unknown
2554,Carbamazepine,4212,Mitoxantrone,ABCB1 (P-gp),P08183,transporter_induction,Unknown
2554,Carbamazepine,4212,Mitoxantrone,ABCB1 (P-gp),P08183,transporter_inhibition,Unknown
2801,Clomipramine,5291,Imatinib,ABCB1 (P-gp),P08183,transporter_inhibition,Moderate
2801,Clomipramine,5291,Imatinib,CYP3A4,P08684,inhibition,Moderate
3883,Lansoprazole,3062316,Dasatinib,ABCB1 (P-gp),P08183,transporter_inhibition,Major
3883,Lansoprazole,3062316,Dasatinib,CYP3A4,P08684,inhibition,Major
3883,Lansoprazole,3062316,Dasatinib,CYP1A2,P05177,induction,Major
2756,Cimetidine,3899,Leflunomide,CYP2C9,P11712,inhibition,Unknown
4946,Propranolol,123631,Gefitinib,ABCB1 (P-gp),P08183,transporter_inhibition,Unknown
4946,Propranolol,123631,Gefitinib,CYP2C19,P33261,inhibition,Unknown
3749,Irbesartan,4212,Mitoxantrone,CYP3A4,P08684,inhibition,Unknown
2801,Clomipramine,5978,Vincristine,CYP3A4,P08684,inhibition,Unknown
2801,Clomipramine,5978,Vincristine,ABCB1 (P-gp),P08183,transporter_inhibition,Unknown
2801,Clomipramine,5978,Vincristine,ABCB1 (P-gp),P08183,transporter_induction,Unknown
3962,"8-(2-(4-Hydroxy-6-oxooxan-2-yl)ethyl)-3,7-dimethyl-1,2,3,7,8,8a-hexahydronaphthalen-1-yl 2-methylbutanoate",60953,Capecitabine,CYP2C9,P11712,inhibition,Unknown
3962,"8-(2-(4-Hydroxy-6-oxooxan-2-yl)ethyl)-3,7-dimethyl-1,2,3,7,8,8a-hexahydronaphthalen-1-yl 2-methylbutanoate",60953,Capecitabine,CYP2C9,P11712,induction,Unknown
3121,Valproic Acid,3062316,Dasatinib,CYP1A2,P05177,inhibition,Unknown
2520,Verapamil,5394,Temozolomide,CYP3A4,P08684,induction,Unknown
2520,Verapamil,5394,Temozolomide,CYP3A4,P08684,inhibition,Unknown
5291,Imatinib,34312,Oxcarbazepine,CYP3A4,P08684,induction,Moderate
5291,Imatinib,34312,Oxcarbazepine,CYP2C19,P33261,inhibition,Moderate
3339,Fenofibrate,60953,Capecitabine,CYP2C9,P11712,inhibition,Unknown
5291,Imatinib,71616,Voriconazole,CYP3A4,P08684,inhibition,Moderate
3255,"6-((4-(Dimethylamino)-3-hydroxy-6-methyloxan-2-yl)oxy)-14-ethyl-7,12,13-trihydroxy-4-((5-hydroxy-4-methoxy-4,6-dimethyloxan-2-yl)oxy)-3,5,7,9,11,13-hexamethyl-1-oxacyclotetradecane-2,10-dione",93860,"Bortezomib, (1S,2R)-",CYP1A2,P05177,inhibition,Moderate
5478,(+-)-Timolol,93860,"Bortezomib, (1S,2R)-",CYP2C19,P33261,inhibition,Unknown
3902,Letrozole,4173,Metronidazole,CYP3A4,P08684,inhibition,Unknown
4543,Nortriptyline,123631,Gefitinib,CYP2C9,P11712,inhibition,Unknown
2478,Busulfan,3883,Lansoprazole,CYP3A4,P08684,induction,Unknown
2478,Busulfan,3883,Lansoprazole,CYP3A4,P08684,inhibition,Unknown
176870,Erlotinib,216239,Sorafenib,ABCB1 (P-gp),P08183,transporter_inhibition,Moderate
176870,Erlotinib,216239,Sorafenib,CYP1A2,P05177,inhibition,Moderate
3385,5-Fluorouracil,3476,"1H-Pyrrole-1-carboxamide, 3-ethyl-2,5-dihydro-4-methyl-N-2-4-(trans-4-methylcyclohexyl)aminocarbonylaminosulfonylphenylethyl-2-oxo-",CYP2C9,P11712,inhibition,Unknown
3657,Hydroxyurea,4158,Methylphenidate,CYP2D6,P10635,inhibition,Unknown
3121,Valproic Acid,176870,Erlotinib,CYP2C8,P10632,inhibition,Unknown
3032,Arthrotec,60953,Capecitabine,CYP2C9,P11712,inhibition,Unknown
2907,Cyclophosphamide,104865,Bosentan,CYP3A4,P08684,induction,Moderate
2907,Cyclophosphamide,104865,Bosentan,CYP3A4,P08684,inhibition,Moderate
5035,Raloxifene,123631,Gefitinib,CYP3A4,P08684,inhibition,Unknown
3962,"8-(2-(4-Hydroxy-6-oxooxan-2-yl)ethyl)-3,7-dimethyl-1,2,3,7,8,8a-hexahydronaphthalen-1-yl 2-methylbutanoate",123631,Gefitinib,ABCB1 (P-gp),P08183,transporter_inhibition,Unknown
3962,"8-(2-(4-Hydroxy-6-oxooxan-2-yl)ethyl)-3,7-dimethyl-1,2,3,7,8,8a-hexahydronaphthalen-1-yl 2-methylbutanoate",123631,Gefitinib,CYP2C9,P11712,induction,Unknown
3962,"8-(2-(4-Hydroxy-6-oxooxan-2-yl)ethyl)-3,7-dimethyl-1,2,3,7,8,8a-hexahydronaphthalen-1-yl 2-methylbutanoate",123631,Gefitinib,CYP2C9,P11712,inhibition,Unknown
3148,Anzemet,14888,Arsenic Trioxide,CYP3A4,P08684,inhibition,Major
5291,Imatinib,5656,Venlafaxine,ABCG2 (BCRP),Q9UNQ0,transporter_induction,Moderate
5291,Imatinib,5656,Venlafaxine,CYP3A4,P08684,inhibition,Moderate
5291,Imatinib,5656,Venlafaxine,ABCB1 (P-gp),P08183,transporter_inhibition,Moderate
3121,Valproic Acid,3385,5-Fluorouracil,CYP2C9,P11712,inhibition,Unknown
3121,Valproic Acid,3385,5-Fluorouracil,CYP2A6,P11509,induction,Unknown
3148,Anzemet,5376,"(E,Z)-Tamoxifen",CYP3A4,P08684,induction,Major
3148,Anzemet,5376,"(E,Z)-Tamoxifen",CYP3A4,P08684,inhibition,Major
5512,2-(3-(Di(propan-2-yl)amino)-1-phenylpropyl)-4-methylphenol,123631,Gefitinib,CYP2C9,P11712,inhibition,Minor
2764,Ciprofloxacin,5453,Thiotepa,CYP3A4,P08684,inhibition,Minor
2907,Cyclophosphamide,5076,"N-[3-hydroxy-5-[[3-methyl-2-[[[methyl-[(2-propan-2-yl-4-thiazolyl)methyl]amino]-oxomethyl]amino]-1-oxobutyl]amino]-1,6-diphenylhexan-2-yl]carbamic acid 5-thiazolylmethyl ester",ABCB1 (P-gp),P08183,transporter_induction,Unknown
2907,Cyclophosphamide,5076,"N-[3-hydroxy-5-[[3-methyl-2-[[[methyl-[(2-propan-2-yl-4-thiazolyl)methyl]amino]-oxomethyl]amino]-1-oxobutyl]amino]-1,6-diphenylhexan-2-yl]carbamic acid 5-thiazolylmethyl ester",ABCB1 (P-gp),P08183,transporter_inhibition,Unknown
2907,Cyclophosphamide,5076,"N-[3-hydroxy-5-[[3-methyl-2-[[[methyl-[(2-propan-2-yl-4-thiazolyl)methyl]amino]-oxomethyl]amino]-1-oxobutyl]amino]-1,6-diphenylhexan-2-yl]carbamic acid 5-thiazolylmethyl ester",CYP3A4,P08684,induction,Unknown
2907,Cyclophosphamide,5076,"N-[3-hydroxy-5-[[3-methyl-2-[[[methyl-[(2-propan-2-yl-4-thiazolyl)methyl]amino]-oxomethyl]amino]-1-oxobutyl]amino]-1,6-diphenylhexan-2-yl]carbamic acid 5-thiazolylmethyl ester",CYP3A4,P08684,inhibition,Unknown
1983,Acetaminophen,3397,Flutamide,CYP1A2,P05177,inhibition,Unknown
1983,Acetaminophen,3397,Flutamide,CYP3A4,P08684,induction,Unknown
3827,Ketotifen,4112,"Methotrexate, (A+-)-",PGD,P52209,inhibition,Unknown
3690,Ifosfamide,4691,"3-(1,3-Benzodioxol-5-yloxymethyl)-4-(4-fluorophenyl)piperidine",CYP2C9,P11712,induction,Moderate
3690,Ifosfamide,4691,"3-(1,3-Benzodioxol-5-yloxymethyl)-4-(4-fluorophenyl)piperidine",CYP2C9,P11712,inhibition,Moderate
2806,(RS)-Clopidogrel,3690,Ifosfamide,CYP3A4,P08684,inhibition,Unknown
2806,(RS)-Clopidogrel,3690,Ifosfamide,CYP3A4,P08684,induction,Unknown
2907,Cyclophosphamide,3899,Leflunomide,CYP2C9,P11712,induction,Major
2907,Cyclophosphamide,3899,Leflunomide,CYP2C9,P11712,inhibition,Major
4158,Methylphenidate,5291,Imatinib,CYP2D6,P10635,inhibition,Unknown
3715,Indomethacin,123631,Gefitinib,ABCB1 (P-gp),P08183,transporter_inhibition,Unknown
3715,Indomethacin,123631,Gefitinib,CYP2C9,P11712,inhibition,Unknown
1046,Pyrazinamide,2907,Cyclophosphamide,CYP3A4,P08684,induction,Unknown
1046,Pyrazinamide,2907,Cyclophosphamide,CYP3A4,P08684,inhibition,Unknown
2764,Ciprofloxacin,176870,Erlotinib,CYP1A2,P05177,inhibition,Moderate
2764,Ciprofloxacin,176870,Erlotinib,ABCB1 (P-gp),P08183,transporter_inhibition,Moderate
3365,Fluconazole,104741,Fulvestrant,CYP3A4,P08684,inhibition,Unknown
2907,Cyclophosphamide,3784,Isradipine,CYP3A4,P08684,induction,Unknown
2907,Cyclophosphamide,3784,Isradipine,CYP3A4,P08684,inhibition,Unknown
93860,"Bortezomib, (1S,2R)-",119607,Valdecoxib,CYP2C9,P11712,inhibition,Unknown
5523,2-((Dimethylamino)methyl)-1-(3-methoxyphenyl)cyclohexanol,60198,Exemestane,CYP3A4,P08684,inhibition,Unknown
5578,Trimethoprim,5978,Vincristine,CYP3A4,P08684,inhibition,Unknown
5578,Trimethoprim,5978,Vincristine,ABCB1 (P-gp),P08183,transporter_inhibition,Unknown
5578,Trimethoprim,5978,Vincristine,ABCB1 (P-gp),P08183,transporter_induction,Unknown
4173,Metronidazole,104741,Fulvestrant,CYP3A4,P08684,inhibition,Unknown
5978,Vincristine,148211,"Palonosetron, (3aR)-",CYP3A4,P08684,inhibition,Unknown
4829,Pioglitazone,123631,Gefitinib,CYP2C9,P11712,inhibition,Unknown
4829,Pioglitazone,123631,Gefitinib,CYP3A4,P08684,induction,Unknown
2725,(+-)-Chlorpheniramine,2907,Cyclophosphamide,CYP3A4,P08684,induction,Unknown
2725,(+-)-Chlorpheniramine,2907,Cyclophosphamide,CYP3A4,P08684,inhibition,Unknown
2550,1-(2-Methyl-3-sulfanylpropanoyl)proline,5291,Imatinib,CYP2D6,P10635,inhibition,Unknown
2550,1-(2-Methyl-3-sulfanylpropanoyl)proline,5291,Imatinib,ABCB1 (P-gp),P08183,transporter_inhibition,Unknown
3158,Doxepin,5376,"(E,Z)-Tamoxifen",ABCB1 (P-gp),P08183,transporter_induction,Moderate
3158,Doxepin,5376,"(E,Z)-Tamoxifen",ABCB1 (P-gp),P08183,transporter_inhibition,Moderate
3158,Doxepin,5376,"(E,Z)-Tamoxifen",CYP3A4,P08684,induction,Moderate
3158,Doxepin,5376,"(E,Z)-Tamoxifen",CYP3A4,P08684,inhibition,Moderate
3016,Diazepam,176870,Erlotinib,CYP2C8,P10632,inhibition,Unknown
2907,Cyclophosphamide,3702,Indapamide,CYP3A4,P08684,induction,Moderate
2907,Cyclophosphamide,3702,Indapamide,CYP3A4,P08684,inhibition,Moderate
5291,Imatinib,5512,2-(3-(Di(propan-2-yl)amino)-1-phenylpropyl)-4-methylphenol,CYP3A4,P08684,inhibition,Moderate
5076,"N-[3-hydroxy-5-[[3-methyl-2-[[[methyl-[(2-propan-2-yl-4-thiazolyl)methyl]amino]-oxomethyl]amino]-1-oxobutyl]amino]-1,6-diphenylhexan-2-yl]carbamic acid 5-thiazolylmethyl ester",5978,Vincristine,CYP3A4,P08684,inhibition,Major
5076,"N-[3-hydroxy-5-[[3-methyl-2-[[[methyl-[(2-propan-2-yl-4-thiazolyl)methyl]amino]-oxomethyl]amino]-1-oxobutyl]amino]-1,6-diphenylhexan-2-yl]carbamic acid 5-thiazolylmethyl ester",5978,Vincristine,CYP3A4,P08684,induction,Major
5076,"N-[3-hydroxy-5-[[3-methyl-2-[[[methyl-[(2-propan-2-yl-4-thiazolyl)methyl]amino]-oxomethyl]amino]-1-oxobutyl]amino]-1,6-diphenylhexan-2-yl]carbamic acid 5-thiazolylmethyl ester",5978,Vincristine,ABCB1 (P-gp),P08183,transporter_inhibition,Major
5076,"N-[3-hydroxy-5-[[3-methyl-2-[[[methyl-[(2-propan-2-yl-4-thiazolyl)methyl]amino]-oxomethyl]amino]-1-oxobutyl]amino]-1,6-diphenylhexan-2-yl]carbamic acid 5-thiazolylmethyl ester",5978,Vincristine,ABCB1 (P-gp),P08183,transporter_induction,Major
3652,Hydroxychloroquine,5291,Imatinib,CYP2D6,P10635,inhibition,Moderate
2907,Cyclophosphamide,5735,Zopiclone,CYP3A4,P08684,induction,Unknown
2907,Cyclophosphamide,5735,Zopiclone,CYP3A4,P08684,inhibition,Unknown
4946,Propranolol,14888,Arsenic Trioxide,CYP3A4,P08684,inhibition,Unknown
4946,Propranolol,14888,Arsenic Trioxide,ABCB1 (P-gp),P08183,transporter_inhibition,Unknown
2554,Carbamazepine,216239,Sorafenib,ABCB1 (P-gp),P08183,transporter_induction,Moderate
2554,Carbamazepine,216239,Sorafenib,ABCB1 (P-gp),P08183,transporter_inhibition,Moderate
2554,Carbamazepine,216239,Sorafenib,CYP1A2,P05177,inhibition,Moderate
2554,Carbamazepine,216239,Sorafenib,CYP1A2,P05177,induction,Moderate
3690,Ifosfamide,5394,Temozolomide,CYP3A4,P08684,inhibition,Moderate
3690,Ifosfamide,5394,Temozolomide,CYP3A4,P08684,induction,Moderate
1978,Acebutolol,3657,Hydroxyurea,CYP2D6,P10635,inhibition,Unknown
2187,Anastrozole,4205,Mirtazapine,CYP3A4,P08684,inhibition,Unknown
4236,Modafinil,216239,Sorafenib,CYP1A2,P05177,induction,Moderate
4236,Modafinil,216239,Sorafenib,CYP1A2,P05177,inhibition,Moderate
2118,Alprazolam,3690,Ifosfamide,CYP3A4,P08684,inhibition,Moderate
2118,Alprazolam,3690,Ifosfamide,CYP3A4,P08684,induction,Moderate
5376,"(E,Z)-Tamoxifen",5453,Thiotepa,CYP2B6,P20813,inhibition,Unknown
5376,"(E,Z)-Tamoxifen",5453,Thiotepa,CYP3A4,P08684,induction,Unknown
4212,Mitoxantrone,5523,2-((Dimethylamino)methyl)-1-(3-methoxyphenyl)cyclohexanol,CYP3A4,P08684,inhibition,Unknown
5376,"(E,Z)-Tamoxifen",152945,CID 152945,CYP3A4,P08684,induction,Unknown
5376,"(E,Z)-Tamoxifen",152945,CID 152945,CYP3A4,P08684,inhibition,Unknown
5978,Vincristine,152945,CID 152945,CYP3A4,P08684,inhibition,Unknown
4212,Mitoxantrone,152945,CID 152945,CYP3A4,P08684,inhibition,Unknown
3365,Fluconazole,13342,Vinblastine,CYP3A4,P08684,inhibition,Moderate
3365,Fluconazole,13342,Vinblastine,ABCB1 (P-gp),P08183,transporter_inhibition,Moderate
3365,Fluconazole,13342,Vinblastine,ABCB1 (P-gp),P08183,transporter_induction,Moderate
3203,Rac-Efavirenz,10631,Medroxyprogesterone,CYP3A4,P08684,induction,Moderate
3203,Rac-Efavirenz,10631,Medroxyprogesterone,CYP2C9,P11712,inhibition,Moderate
2907,Cyclophosphamide,4158,Methylphenidate,CYP2D6,P10635,inhibition,Unknown
4543,Nortriptyline,5376,"(E,Z)-Tamoxifen",CYP3A4,P08684,induction,Moderate
4543,Nortriptyline,5376,"(E,Z)-Tamoxifen",CYP3A4,P08684,inhibition,Moderate
3152,Donepezil,4212,Mitoxantrone,CYP3A4,P08684,inhibition,Unknown
3690,Ifosfamide,4927,Promethazine,CYP2C9,P11712,induction,Moderate
3690,Ifosfamide,4927,Promethazine,CYP2C9,P11712,inhibition,Moderate
2578,Carmustine,2764,Ciprofloxacin,CYP1A2,P05177,inhibition,Minor
3961,Losartan,4212,Mitoxantrone,CYP3A4,P08684,inhibition,Unknown
3961,Losartan,4212,Mitoxantrone,ABCB1 (P-gp),P08183,transporter_induction,Unknown
3961,Losartan,4212,Mitoxantrone,ABCB1 (P-gp),P08183,transporter_inhibition,Unknown
5035,Raloxifene,3062316,Dasatinib,CYP3A4,P08684,inhibition,Unknown
3152,Donepezil,3899,Leflunomide,CYP2C9,P11712,inhibition,Unknown
3657,Hydroxyurea,5095,Ropinirole,CYP2D6,P10635,inhibition,Unknown
34312,Oxcarbazepine,123631,Gefitinib,CYP3A4,P08684,induction,Moderate
34312,Oxcarbazepine,123631,Gefitinib,CYP2C19,P33261,inhibition,Moderate
3696,Imipramine,4212,Mitoxantrone,CYP3A4,P08684,inhibition,Unknown
3696,Imipramine,4212,Mitoxantrone,ABCB1 (P-gp),P08183,transporter_induction,Unknown
3696,Imipramine,4212,Mitoxantrone,ABCB1 (P-gp),P08183,transporter_inhibition,Unknown
1775,Phenytoin,176870,Erlotinib,CYP2C8,P10632,inhibition,Moderate
1775,Phenytoin,176870,Erlotinib,CYP3A4,P08684,induction,Moderate
1775,Phenytoin,123631,Gefitinib,ABCB1 (P-gp),P08183,transporter_inhibition,Moderate
1775,Phenytoin,123631,Gefitinib,CYP3A4,P08684,induction,Moderate
1775,Phenytoin,123631,Gefitinib,CYP2C9,P11712,inhibition,Moderate
3157,Doxazosin,5376,"(E,Z)-Tamoxifen",ABCB1 (P-gp),P08183,transporter_inhibition,Unknown
3157,Doxazosin,5376,"(E,Z)-Tamoxifen",CYP2D6,P10635,inhibition,Unknown
3157,Doxazosin,5376,"(E,Z)-Tamoxifen",ABCB1 (P-gp),P08183,transporter_induction,Unknown
2477,Buspirone,2907,Cyclophosphamide,ABCB1 (P-gp),P08183,transporter_inhibition,Unknown
2477,Buspirone,2907,Cyclophosphamide,CYP3A4,P08684,induction,Unknown
2477,Buspirone,2907,Cyclophosphamide,CYP3A4,P08684,inhibition,Unknown
2477,Buspirone,5978,Vincristine,CYP3A4,P08684,inhibition,Unknown
2477,Buspirone,5978,Vincristine,ABCB1 (P-gp),P08183,transporter_inhibition,Unknown
2477,Buspirone,5978,Vincristine,ABCB1 (P-gp),P08183,transporter_induction,Unknown
2662,Celecoxib,71616,Voriconazole,CYP3A4,P08684,inhibition,Moderate
2083,Salbutamol,216239,Sorafenib,CYP3A4,P08684,inhibition,Moderate
4058,Meperidine,4212,Mitoxantrone,CYP3A4,P08684,inhibition,Unknown
4539,Norfloxacin,216239,Sorafenib,CYP1A2,P05177,inhibition,Moderate
5376,"(E,Z)-Tamoxifen",41781,Torasemide,CYP2C19,P33261,inhibition,Moderate
14888,Arsenic Trioxide,150311,Ezetimibe,ABCC2 (MRP2),Q92887,transporter_induction,Unknown
14888,Arsenic Trioxide,150311,Ezetimibe,CYP3A4,P08684,inhibition,Unknown
2477,Buspirone,4212,Mitoxantrone,CYP3A4,P08684,inhibition,Unknown
2477,Buspirone,4212,Mitoxantrone,ABCB1 (P-gp),P08183,transporter_induction,Unknown
2477,Buspirone,4212,Mitoxantrone,ABCB1 (P-gp),P08183,transporter_inhibition,Unknown
3032,Arthrotec,3062316,Dasatinib,ABCB1 (P-gp),P08183,transporter_inhibition,Major
3032,Arthrotec,3062316,Dasatinib,CYP1A2,P05177,inhibition,Major
4463,Nevirapine,13342,Vinblastine,CYP3A4,P08684,inhibition,Moderate
4463,Nevirapine,13342,Vinblastine,CYP3A4,P08684,induction,Moderate
2662,Celecoxib,4659569,Tolcapone,CYP2C9,P11712,inhibition,Unknown
5376,"(E,Z)-Tamoxifen",5478,(+-)-Timolol,ABCB1 (P-gp),P08183,transporter_inhibition,Unknown
5376,"(E,Z)-Tamoxifen",5478,(+-)-Timolol,CYP2D6,P10635,inhibition,Unknown
5376,"(E,Z)-Tamoxifen",5478,(+-)-Timolol,ABCB1 (P-gp),P08183,transporter_induction,Unknown
4158,Methylphenidate,216239,Sorafenib,CYP2D6,P10635,inhibition,Unknown
2662,Celecoxib,14888,Arsenic Trioxide,CYP3A4,P08684,inhibition,Unknown
1775,Phenytoin,3690,Ifosfamide,CYP3A4,P08684,inhibition,Unknown
1775,Phenytoin,3690,Ifosfamide,CYP3A4,P08684,induction,Unknown
4205,Mirtazapine,5394,Temozolomide,CYP3A4,P08684,inhibition,Unknown
4205,Mirtazapine,5394,Temozolomide,CYP3A4,P08684,induction,Unknown
3962,"8-(2-(4-Hydroxy-6-oxooxan-2-yl)ethyl)-3,7-dimethyl-1,2,3,7,8,8a-hexahydronaphthalen-1-yl 2-methylbutanoate",5394,Temozolomide,CYP3A4,P08684,inhibition,Unknown
3962,"8-(2-(4-Hydroxy-6-oxooxan-2-yl)ethyl)-3,7-dimethyl-1,2,3,7,8,8a-hexahydronaphthalen-1-yl 2-methylbutanoate",5394,Temozolomide,CYP3A4,P08684,induction,Unknown
4058,Meperidine,5978,Vincristine,CYP3A4,P08684,inhibition,Unknown
5376,"(E,Z)-Tamoxifen",5533,Trazodone,ABCB1 (P-gp),P08183,transporter_induction,Moderate
5376,"(E,Z)-Tamoxifen",5533,Trazodone,ABCB1 (P-gp),P08183,transporter_inhibition,Moderate
5376,"(E,Z)-Tamoxifen",5533,Trazodone,CYP3A4,P08684,induction,Moderate
5376,"(E,Z)-Tamoxifen",5533,Trazodone,CYP3A4,P08684,inhibition,Moderate
4485,Nifedipine,5394,Temozolomide,CYP3A4,P08684,inhibition,Unknown
4485,Nifedipine,5394,Temozolomide,CYP3A4,P08684,induction,Unknown
1978,Acebutolol,2375,Bicalutamide,CYP2D6,P10635,inhibition,Unknown
2907,Cyclophosphamide,5073,Risperidone,ABCB1 (P-gp),P08183,transporter_inhibition,Unknown
2907,Cyclophosphamide,5073,Risperidone,CYP3A4,P08684,induction,Unknown
2907,Cyclophosphamide,5073,Risperidone,CYP3A4,P08684,inhibition,Unknown
5076,"N-[3-hydroxy-5-[[3-methyl-2-[[[methyl-[(2-propan-2-yl-4-thiazolyl)methyl]amino]-oxomethyl]amino]-1-oxobutyl]amino]-1,6-diphenylhexan-2-yl]carbamic acid 5-thiazolylmethyl ester",13342,Vinblastine,CYP3A4,P08684,inhibition,Major
5076,"N-[3-hydroxy-5-[[3-methyl-2-[[[methyl-[(2-propan-2-yl-4-thiazolyl)methyl]amino]-oxomethyl]amino]-1-oxobutyl]amino]-1,6-diphenylhexan-2-yl]carbamic acid 5-thiazolylmethyl ester",13342,Vinblastine,CYP3A4,P08684,induction,Major
5076,"N-[3-hydroxy-5-[[3-methyl-2-[[[methyl-[(2-propan-2-yl-4-thiazolyl)methyl]amino]-oxomethyl]amino]-1-oxobutyl]amino]-1,6-diphenylhexan-2-yl]carbamic acid 5-thiazolylmethyl ester",13342,Vinblastine,ABCB1 (P-gp),P08183,transporter_inhibition,Major
5076,"N-[3-hydroxy-5-[[3-methyl-2-[[[methyl-[(2-propan-2-yl-4-thiazolyl)methyl]amino]-oxomethyl]amino]-1-oxobutyl]amino]-1,6-diphenylhexan-2-yl]carbamic acid 5-thiazolylmethyl ester",13342,Vinblastine,ABCB1 (P-gp),P08183,transporter_induction,Major
4539,Norfloxacin,5376,"(E,Z)-Tamoxifen",CYP3A4,P08684,induction,Moderate
4539,Norfloxacin,5376,"(E,Z)-Tamoxifen",CYP3A4,P08684,inhibition,Moderate
4771,Phentermine,216239,Sorafenib,CYP2C9,P11712,induction,Unknown
4771,Phentermine,216239,Sorafenib,CYP1A2,P05177,inhibition,Unknown
3345,Fentanyl,13342,Vinblastine,CYP3A4,P08684,inhibition,Unknown
3345,Fentanyl,13342,Vinblastine,ABCB1 (P-gp),P08183,transporter_inhibition,Unknown
3345,Fentanyl,13342,Vinblastine,ABCB1 (P-gp),P08183,transporter_induction,Unknown
1775,Phenytoin,2187,Anastrozole,CYP3A4,P08684,inhibition,Unknown
1775,Phenytoin,2187,Anastrozole,CYP3A4,P08684,induction,Unknown
71616,Voriconazole,176870,Erlotinib,CYP3A4,P08684,inhibition,Moderate
3676,Lidocaine,5978,Vincristine,CYP3A4,P08684,inhibition,Unknown
3676,Lidocaine,5978,Vincristine,ABCB1 (P-gp),P08183,transporter_inhibition,Unknown
3676,Lidocaine,5978,Vincristine,ABCB1 (P-gp),P08183,transporter_induction,Unknown
123631,Gefitinib,1349907,Methimazole,CYP3A4,P08684,inhibition,Unknown
5394,Temozolomide,5523,2-((Dimethylamino)methyl)-1-(3-methoxyphenyl)cyclohexanol,CYP3A4,P08684,inhibition,Unknown
5394,Temozolomide,5523,2-((Dimethylamino)methyl)-1-(3-methoxyphenyl)cyclohexanol,CYP3A4,P08684,induction,Unknown
4634,Oxybutynin,216239,Sorafenib,CYP3A4,P08684,inhibition,Unknown
2907,Cyclophosphamide,3333,Felodipine,CYP3A4,P08684,induction,Unknown
2907,Cyclophosphamide,3333,Felodipine,ABCB1 (P-gp),P08183,transporter_inhibition,Unknown
2907,Cyclophosphamide,3333,Felodipine,CYP3A4,P08684,inhibition,Unknown
4499,Nisoldipine,5376,"(E,Z)-Tamoxifen",ABCB1 (P-gp),P08183,transporter_induction,Unknown
4499,Nisoldipine,5376,"(E,Z)-Tamoxifen",ABCB1 (P-gp),P08183,transporter_inhibition,Unknown
4499,Nisoldipine,5376,"(E,Z)-Tamoxifen",CYP3A4,P08684,induction,Unknown
4499,Nisoldipine,5376,"(E,Z)-Tamoxifen",CYP3A4,P08684,inhibition,Unknown
3715,Indomethacin,216239,Sorafenib,CYP2C9,P11712,inhibition,Unknown
3715,Indomethacin,216239,Sorafenib,ABCB1 (P-gp),P08183,transporter_inhibition,Unknown
4178,Mexiletine,93860,"Bortezomib, (1S,2R)-",CYP1A2,P05177,inhibition,Unknown
3157,Doxazosin,3657,Hydroxyurea,CYP2D6,P10635,inhibition,Unknown
3954,Loperamide(1+),14888,Arsenic Trioxide,ABCB1 (P-gp),P08183,transporter_inhibition,Moderate
3954,Loperamide(1+),14888,Arsenic Trioxide,CYP3A4,P08684,inhibition,Moderate
2554,Carbamazepine,3690,Ifosfamide,CYP3A4,P08684,inhibition,Unknown
2554,Carbamazepine,3690,Ifosfamide,CYP3A4,P08684,induction,Unknown
3657,Hydroxyurea,3793,Itrizole,CYP2D6,P10635,inhibition,Unknown
3784,Isradipine,5978,Vincristine,CYP3A4,P08684,inhibition,Unknown
2719,Chloroquine,2907,Cyclophosphamide,ABCB1 (P-gp),P08183,transporter_inhibition,Unknown
2719,Chloroquine,2907,Cyclophosphamide,CYP3A4,P08684,induction,Unknown
2719,Chloroquine,2907,Cyclophosphamide,CYP3A4,P08684,inhibition,Unknown
1775,Phenytoin,60953,Capecitabine,CYP2C9,P11712,inhibition,Moderate
1775,Phenytoin,60953,Capecitabine,CYP2C9,P11712,induction,Moderate
2725,(+-)-Chlorpheniramine,5978,Vincristine,CYP3A4,P08684,inhibition,Unknown
3825,Ketoprofen,216239,Sorafenib,ABCC4 (MRP4),O15439,transporter_inhibition,Unknown
3825,Ketoprofen,216239,Sorafenib,CYP2C9,P11712,inhibition,Unknown
2907,Cyclophosphamide,4499,Nisoldipine,ABCB1 (P-gp),P08183,transporter_inhibition,Unknown
2907,Cyclophosphamide,4499,Nisoldipine,CYP3A4,P08684,induction,Unknown
2907,Cyclophosphamide,4499,Nisoldipine,CYP3A4,P08684,inhibition,Unknown
2550,1-(2-Methyl-3-sulfanylpropanoyl)proline,123631,Gefitinib,ABCB1 (P-gp),P08183,transporter_inhibition,Unknown
2550,1-(2-Methyl-3-sulfanylpropanoyl)proline,123631,Gefitinib,CYP2D6,P10635,inhibition,Unknown
4173,Metronidazole,60198,Exemestane,CYP3A4,P08684,inhibition,Unknown
4485,Nifedipine,14888,Arsenic Trioxide,ABCB1 (P-gp),P08183,transporter_inhibition,Unknown
4485,Nifedipine,14888,Arsenic Trioxide,CYP3A4,P08684,inhibition,Unknown
4485,Nifedipine,14888,Arsenic Trioxide,CYP3A4,P08684,induction,Unknown
4485,Nifedipine,14888,Arsenic Trioxide,ABCC2 (MRP2),Q92887,transporter_induction,Unknown
4058,Meperidine,5426,Thalidomide,CYP2C19,P33261,inhibition,Moderate
1978,Acebutolol,123631,Gefitinib,ABCB1 (P-gp),P08183,transporter_inhibition,Unknown
1978,Acebutolol,123631,Gefitinib,CYP2D6,P10635,inhibition,Unknown
3793,Itrizole,3062316,Dasatinib,ABCB1 (P-gp),P08183,transporter_inhibition,Major
3793,Itrizole,3062316,Dasatinib,CYP3A4,P08684,inhibition,Major
3793,Itrizole,3062316,Dasatinib,CYP1A1,P04798,induction,Major
5376,"(E,Z)-Tamoxifen",5735,Zopiclone,CYP3A4,P08684,induction,Unknown
5376,"(E,Z)-Tamoxifen",5735,Zopiclone,CYP3A4,P08684,inhibition,Unknown
4212,Mitoxantrone,4539,Norfloxacin,CYP3A4,P08684,inhibition,Minor
1978,Acebutolol,5376,"(E,Z)-Tamoxifen",ABCB1 (P-gp),P08183,transporter_inhibition,Unknown
1978,Acebutolol,5376,"(E,Z)-Tamoxifen",CYP2D6,P10635,inhibition,Unknown
1978,Acebutolol,5376,"(E,Z)-Tamoxifen",ABCB1 (P-gp),P08183,transporter_induction,Unknown
2520,Verapamil,3397,Flutamide,CYP1A2,P05177,inhibition,Unknown
444,Bupropion,2375,Bicalutamide,CYP3A4,P08684,inhibition,Unknown
4679,Pantoprazole,5394,Temozolomide,CYP3A4,P08684,induction,Unknown
4595,Ondansetron,5394,Temozolomide,CYP3A4,P08684,induction,Unknown
2771,Citalopram,5394,Temozolomide,CYP3A4,P08684,induction,Unknown
2244,Aspirin,3397,Flutamide,CYP2C19,P33261,induction,Unknown
2802,Clonazepam,5394,Temozolomide,CYP3A4,P08684,induction,Unknown
3902,Letrozole,5090,Rofecoxib,CYP3A4,P08684,induction,Unknown
3345,Fentanyl,5426,Thalidomide,CYP3A5,P20815,induction,Moderate
4679,Pantoprazole,3062316,Dasatinib,ABCB1 (P-gp),P08183,transporter_inhibition,Major
4679,Pantoprazole,3062316,Dasatinib,CYP1A2,P05177,induction,Major
3954,Loperamide(1+),5394,Temozolomide,CYP3A4,P08684,induction,Unknown
4917,Prochlorperazine,5394,Temozolomide,CYP3A4,P08684,induction,Unknown
4594,Prilosec,5394,Temozolomide,CYP3A4,P08684,induction,Unknown
4679,Pantoprazole,176870,Erlotinib,CYP1A2,P05177,induction,Major
4679,Pantoprazole,176870,Erlotinib,ABCG2 (BCRP),Q9UNQ0,transporter_inhibition,Major
2118,Alprazolam,5426,Thalidomide,CYP3A5,P20815,induction,Moderate
2662,Celecoxib,34312,Oxcarbazepine,CYP3A4,P08684,induction,Unknown
2471,Bumetanide,5426,Thalidomide,PTGS2,P35354,induction,Unknown
2585,Carvedilol,38904,"Azane;cyclobutane-1,1-dicarboxylic acid;platinum",XDH,P47989,induction,Unknown
5073,Risperidone,5426,Thalidomide,CYP3A5,P20815,induction,Moderate
2578,Carmustine,4679,Pantoprazole,CYP1A2,P05177,induction,Unknown
2895,Cyclobenzaprine,5394,Temozolomide,CYP3A4,P08684,induction,Unknown
4634,Oxybutynin,5426,Thalidomide,CYP3A5,P20815,induction,Unknown
2662,Celecoxib,104865,Bosentan,CYP3A4,P08684,induction,Moderate
5394,Temozolomide,5734,Zonisamide,CYP3A4,P08684,induction,Unknown
2554,Carbamazepine,5394,Temozolomide,CYP3A4,P08684,induction,Unknown
5426,Thalidomide,5978,Vincristine,CYP3A5,P20815,induction,Major
2554,Carbamazepine,2662,Celecoxib,CYP3A4,P08684,induction,Unknown
5090,Rofecoxib,104741,Fulvestrant,CYP3A4,P08684,induction,Unknown
444,Bupropion,5394,Temozolomide,CYP3A4,P08684,induction,Unknown
2585,Carvedilol,5394,Temozolomide,CYP3A4,P08684,induction,Unknown
5394,Temozolomide,5732,Zolpidem,CYP3A4,P08684,induction,Unknown
2244,Aspirin,2907,Cyclophosphamide,ABCB1 (P-gp),P08183,transporter_inhibition,Unknown
2244,Aspirin,2907,Cyclophosphamide,CYP2C9,P11712,induction,Unknown
5391,Temazepam,5394,Temozolomide,CYP3A4,P08684,induction,Unknown
2803,Clonidine,5426,Thalidomide,CYP3A5,P20815,induction,Moderate
4679,Pantoprazole,60198,Exemestane,CYP3A4,P08684,induction,Unknown
1775,Phenytoin,5394,Temozolomide,CYP3A4,P08684,induction,Unknown
3902,Letrozole,4679,Pantoprazole,CYP3A4,P08684,induction,Unknown
2478,Busulfan,4679,Pantoprazole,CYP3A4,P08684,induction,Unknown
3222,1-(2-{[1-(Ethoxycarbonyl)-3-phenylpropyl]amino}propanoyl)proline maleate,5394,Temozolomide,CYP3A4,P08684,induction,Unknown
4679,Pantoprazole,104741,Fulvestrant,CYP3A4,P08684,induction,Unknown
3510,(3H)granisetron,5394,Temozolomide,CYP3A4,P08684,induction,Unknown
2662,Celecoxib,5394,Temozolomide,CYP3A4,P08684,induction,Unknown
1775,Phenytoin,2478,Busulfan,CYP3A4,P08684,induction,Moderate
3339,Fenofibrate,5394,Temozolomide,CYP3A4,P08684,induction,Unknown
4201,Minoxidil,93860,"Bortezomib, (1S,2R)-",PTGS1,P23219,induction,Unknown
10631,Medroxyprogesterone,34312,Oxcarbazepine,CYP3A4,P08684,induction,Moderate
3902,Letrozole,4829,Pioglitazone,CYP3A4,P08684,induction,Unknown
2662,Celecoxib,4909,Primidone,CYP3A4,P08684,induction,Unknown
3510,(3H)granisetron,5426,Thalidomide,CYP3A5,P20815,induction,Moderate
5152,Salmeterol,5426,Thalidomide,CYP3A5,P20815,induction,Unknown
3702,Indapamide,5394,Temozolomide,CYP3A4,P08684,induction,Unknown
2907,Cyclophosphamide,3476,"1H-Pyrrole-1-carboxamide, 3-ethyl-2,5-dihydro-4-methyl-N-2-4-(trans-4-methylcyclohexyl)aminocarbonylaminosulfonylphenylethyl-2-oxo-",CYP2C9,P11712,induction,Moderate
5394,Temozolomide,176870,Erlotinib,CYP3A4,P08684,induction,Unknown
4829,Pioglitazone,60198,Exemestane,CYP3A4,P08684,induction,Unknown
2554,Carbamazepine,3902,Letrozole,CYP3A4,P08684,induction,Unknown
2471,Bumetanide,216326,Lenalidomide,PTGS2,P35354,induction,Unknown
3032,Arthrotec,5394,Temozolomide,CYP3A4,P08684,induction,Unknown
4829,Pioglitazone,5394,Temozolomide,CYP3A4,P08684,induction,Unknown
5394,Temozolomide,34312,Oxcarbazepine,CYP3A4,P08684,induction,Unknown
5002,Quetiapine,5394,Temozolomide,CYP3A4,P08684,induction,Unknown
5394,Temozolomide,5512,2-(3-(Di(propan-2-yl)amino)-1-phenylpropyl)-4-methylphenol,CYP3A4,P08684,induction,Unknown
2405,Bisoprolol,5394,Temozolomide,CYP3A4,P08684,induction,Unknown
2554,Carbamazepine,104741,Fulvestrant,CYP3A4,P08684,induction,Unknown
5394,Temozolomide,5578,Trimethoprim,CYP3A4,P08684,induction,Unknown
2662,Celecoxib,4991,Pyridostigmine,CYP3A4,P08684,induction,Unknown
5090,Rofecoxib,60198,Exemestane,CYP3A4,P08684,induction,Unknown
5152,Salmeterol,5394,Temozolomide,CYP3A4,P08684,induction,Unknown
942,3-(1-Methylpyrrolidin-2-yl)pyridine,5394,Temozolomide,CYP3A4,P08684,induction,Unknown
2554,Carbamazepine,60198,Exemestane,CYP3A4,P08684,induction,Moderate
5426,Thalidomide,152945,CID 152945,CYP3A5,P20815,induction,Unknown
3152,Donepezil,5394,Temozolomide,CYP3A4,P08684,induction,Unknown
3148,Anzemet,5394,Temozolomide,CYP3A4,P08684,induction,Unknown
2578,Carmustine,3883,Lansoprazole,CYP1A2,P05177,induction,Unknown
4616,Oxazepam,5394,Temozolomide,CYP3A4,P08684,induction,Unknown
5090,Rofecoxib,5394,Temozolomide,CYP3A4,P08684,induction,Unknown
3902,Letrozole,34312,Oxcarbazepine,CYP3A4,P08684,induction,Moderate
3440,Furosemide,667490,6-Mercaptopurine,SLCO1B3? (OATP),Q8TCC7,transporter_inhibition,Unknown
4112,"Methotrexate, (A+-)-",4485,Nifedipine,ABCB1 (P-gp),P08183,transporter_inhibition,Unknown
4112,"Methotrexate, (A+-)-",4485,Nifedipine,ABCB1 (P-gp),P08183,transporter_induction,Unknown
4112,"Methotrexate, (A+-)-",150311,Ezetimibe,ABCC2 (MRP2),Q92887,transporter_inhibition,Unknown
2160,Amitriptyline,4112,"Methotrexate, (A+-)-",ABCB1 (P-gp),P08183,transporter_inhibition,Unknown
4171,Metoprolol,5978,Vincristine,ABCB1 (P-gp),P08183,transporter_inhibition,Unknown
4171,Metoprolol,5978,Vincristine,ABCB1 (P-gp),P08183,transporter_induction,Unknown
3676,Lidocaine,216326,Lenalidomide,ABCB1 (P-gp),P08183,transporter_inhibition,Unknown
3365,Fluconazole,216326,Lenalidomide,ABCB1 (P-gp),P08183,transporter_inhibition,Unknown
3715,Indomethacin,4112,"Methotrexate, (A+-)-",ABCC2 (MRP2),Q92887,transporter_inhibition,Major
3883,Lansoprazole,4112,"Methotrexate, (A+-)-",ABCB1 (P-gp),P08183,transporter_inhibition,Major
13342,Vinblastine,38904,"Azane;cyclobutane-1,1-dicarboxylic acid;platinum",ABCC2 (MRP2),Q92887,transporter_induction,Moderate
13342,Vinblastine,38904,"Azane;cyclobutane-1,1-dicarboxylic acid;platinum",ABCC2 (MRP2),Q92887,transporter_inhibition,Moderate
2520,Verapamil,4112,"Methotrexate, (A+-)-",ABCC2 (MRP2),Q92887,transporter_inhibition,Unknown
2520,Verapamil,4112,"Methotrexate, (A+-)-",ABCB1 (P-gp),P08183,transporter_induction,Unknown
5401,Terazosin,5978,Vincristine,ABCB1 (P-gp),P08183,transporter_inhibition,Unknown
5401,Terazosin,5978,Vincristine,ABCB1 (P-gp),P08183,transporter_induction,Unknown
4112,"Methotrexate, (A+-)-",4539,Norfloxacin,SLCO1B1 (OATP1B1),Q4U2R8,transporter_inhibition,Moderate
4112,"Methotrexate, (A+-)-",667490,6-Mercaptopurine,SLCO1B3? (OATP),Q8TCC7,transporter_inhibition,Minor
3345,Fentanyl,216326,Lenalidomide,ABCB1 (P-gp),P08183,transporter_inhibition,Unknown
4112,"Methotrexate, (A+-)-",59708,alpha-ethyl-2-oxo-1-Pyrrolidineacetamide,ABCC2 (MRP2),Q92887,transporter_inhibition,Minor
2520,Verapamil,216326,Lenalidomide,ABCB1 (P-gp),P08183,transporter_inhibition,Unknown
2520,Verapamil,216326,Lenalidomide,ABCB1 (P-gp),P08183,transporter_induction,Unknown
3676,Lidocaine,4112,"Methotrexate, (A+-)-",ABCB1 (P-gp),P08183,transporter_inhibition,Unknown
3222,1-(2-{[1-(Ethoxycarbonyl)-3-phenylpropyl]amino}propanoyl)proline maleate,3385,5-Fluorouracil,SLC22A7,Q9Y694,transporter_inhibition,Unknown
3222,1-(2-{[1-(Ethoxycarbonyl)-3-phenylpropyl]amino}propanoyl)proline maleate,123631,Gefitinib,ABCB1 (P-gp),P08183,transporter_inhibition,Unknown
2907,Cyclophosphamide,4112,"Methotrexate, (A+-)-",ABCB1 (P-gp),P08183,transporter_inhibition,Unknown
4112,"Methotrexate, (A+-)-",5291,Imatinib,ABCB1 (P-gp),P08183,transporter_inhibition,Moderate
4112,"Methotrexate, (A+-)-",4171,Metoprolol,ABCB1 (P-gp),P08183,transporter_inhibition,Unknown
3121,Valproic Acid,4112,"Methotrexate, (A+-)-",SLCO1B1 (OATP1B1),Q4U2R8,transporter_inhibition,Moderate
4679,Pantoprazole,216326,Lenalidomide,ABCB1 (P-gp),P08183,transporter_inhibition,Unknown
1690,Doxorubicin (Adriamycin) HCl,4583,Ofloxacin,ABCC1,P33527,transporter_inhibition,Moderate
5978,Vincristine,59708,alpha-ethyl-2-oxo-1-Pyrrolidineacetamide,ABCB1 (P-gp),P08183,transporter_inhibition,Unknown
5978,Vincristine,59708,alpha-ethyl-2-oxo-1-Pyrrolidineacetamide,ABCB1 (P-gp),P08183,transporter_induction,Unknown
3333,Felodipine,4112,"Methotrexate, (A+-)-",ABCB1 (P-gp),P08183,transporter_inhibition,Unknown
3962,"8-(2-(4-Hydroxy-6-oxooxan-2-yl)ethyl)-3,7-dimethyl-1,2,3,7,8,8a-hexahydronaphthalen-1-yl 2-methylbutanoate",4112,"Methotrexate, (A+-)-",ABCC2 (MRP2),Q92887,transporter_inhibition,Moderate
2471,Bumetanide,4112,"Methotrexate, (A+-)-",SLCO1B1 (OATP1B1),Q4U2R8,transporter_inhibition,Unknown
1983,Acetaminophen,4112,"Methotrexate, (A+-)-",SLCO1B1 (OATP1B1),Q4U2R8,transporter_inhibition,Moderate
38904,"Azane;cyclobutane-1,1-dicarboxylic acid;platinum",123631,Gefitinib,ABCG2 (BCRP),Q9UNQ0,transporter_inhibition,Unknown
3957,Loratadine,4112,"Methotrexate, (A+-)-",ABCB1 (P-gp),P08183,transporter_inhibition,Unknown
2554,Carbamazepine,216326,Lenalidomide,ABCB1 (P-gp),P08183,transporter_induction,Unknown
2554,Carbamazepine,216326,Lenalidomide,ABCB1 (P-gp),P08183,transporter_inhibition,Unknown
4112,"Methotrexate, (A+-)-",4212,Mitoxantrone,ABCB1 (P-gp),P08183,transporter_induction,Moderate
4112,"Methotrexate, (A+-)-",4212,Mitoxantrone,ABCB1 (P-gp),P08183,transporter_inhibition,Moderate
3385,5-Fluorouracil,4212,Mitoxantrone,ABCG2 (BCRP),Q9UNQ0,transporter_inhibition,Moderate
3488,Glibenclamide,38904,"Azane;cyclobutane-1,1-dicarboxylic acid;platinum",ABCC2 (MRP2),Q92887,transporter_inhibition,Unknown
4091,Metformin,5291,Imatinib,SLC22A2,O15244,transporter_inhibition,Unknown
3348,Fexofenadine,4112,"Methotrexate, (A+-)-",ABCB1 (P-gp),P08183,transporter_inhibition,Unknown
3825,Ketoprofen,4112,"Methotrexate, (A+-)-",SLCO1B1 (OATP1B1),Q4U2R8,transporter_inhibition,Major
2585,Carvedilol,216326,Lenalidomide,ABCB1 (P-gp),P08183,transporter_inhibition,Unknown
2756,Cimetidine,4112,"Methotrexate, (A+-)-",ABCB1 (P-gp),P08183,transporter_induction,Unknown
2756,Cimetidine,4112,"Methotrexate, (A+-)-",SLCO1B1 (OATP1B1),Q4U2R8,transporter_inhibition,Unknown
1690,Doxorubicin (Adriamycin) HCl,4112,"Methotrexate, (A+-)-",ABCC1,P33527,transporter_inhibition,Moderate
2764,Ciprofloxacin,216326,Lenalidomide,ABCB1 (P-gp),P08183,transporter_inhibition,Unknown
4112,"Methotrexate, (A+-)-",4583,Ofloxacin,ABCC2 (MRP2),Q92887,transporter_inhibition,Moderate
4112,"Methotrexate, (A+-)-",54454,Simvastatin,ABCB1 (P-gp),P08183,transporter_inhibition,Moderate
3255,"6-((4-(Dimethylamino)-3-hydroxy-6-methyloxan-2-yl)oxy)-14-ethyl-7,12,13-trihydroxy-4-((5-hydroxy-4-methoxy-4,6-dimethyloxan-2-yl)oxy)-3,5,7,9,11,13-hexamethyl-1-oxacyclotetradecane-2,10-dione",4112,"Methotrexate, (A+-)-",ABCC1,P33527,transporter_inhibition,Moderate
3255,"6-((4-(Dimethylamino)-3-hydroxy-6-methyloxan-2-yl)oxy)-14-ethyl-7,12,13-trihydroxy-4-((5-hydroxy-4-methoxy-4,6-dimethyloxan-2-yl)oxy)-3,5,7,9,11,13-hexamethyl-1-oxacyclotetradecane-2,10-dione",4112,"Methotrexate, (A+-)-",ABCB1 (P-gp),P08183,transporter_induction,Moderate
3883,Lansoprazole,216326,Lenalidomide,ABCB1 (P-gp),P08183,transporter_inhibition,Unknown
3158,Doxepin,4112,"Methotrexate, (A+-)-",ABCB1 (P-gp),P08183,transporter_inhibition,Unknown
4112,"Methotrexate, (A+-)-",14888,Arsenic Trioxide,ABCC2 (MRP2),Q92887,transporter_inhibition,Unknown
4112,"Methotrexate, (A+-)-",14888,Arsenic Trioxide,ABCC2 (MRP2),Q92887,transporter_induction,Unknown
4112,"Methotrexate, (A+-)-",4927,Promethazine,ABCB1 (P-gp),P08183,transporter_inhibition,Unknown
4112,"Methotrexate, (A+-)-",5358,Sumatriptan,SLCO1A2 (OATP1A2),P46721,transporter_induction,Unknown
4112,"Methotrexate, (A+-)-",5358,Sumatriptan,ABCB1 (P-gp),P08183,transporter_inhibition,Unknown
4112,"Methotrexate, (A+-)-",65999,Telmisartan,ABCB1 (P-gp),P08183,transporter_inhibition,Unknown
4112,"Methotrexate, (A+-)-",4679,Pantoprazole,ABCB1 (P-gp),P08183,transporter_inhibition,Major
4691,"3-(1,3-Benzodioxol-5-yloxymethyl)-4-(4-fluorophenyl)piperidine",5978,Vincristine,ABCB1 (P-gp),P08183,transporter_inhibition,Unknown
4691,"3-(1,3-Benzodioxol-5-yloxymethyl)-4-(4-fluorophenyl)piperidine",5978,Vincristine,ABCB1 (P-gp),P08183,transporter_induction,Unknown
3348,Fexofenadine,4212,Mitoxantrone,ABCB1 (P-gp),P08183,transporter_induction,Unknown
3348,Fexofenadine,4212,Mitoxantrone,ABCB1 (P-gp),P08183,transporter_inhibition,Unknown
38904,"Azane;cyclobutane-1,1-dicarboxylic acid;platinum",176870,Erlotinib,ABCG2 (BCRP),Q9UNQ0,transporter_inhibition,Unknown
1690,Doxorubicin (Adriamycin) HCl,4212,Mitoxantrone,ABCC1,P33527,transporter_inhibition,Moderate
3059,Diflunisal,4112,"Methotrexate, (A+-)-",SLCO1B1 (OATP1B1),Q4U2R8,transporter_inhibition,Major
3899,Leflunomide,65999,Telmisartan,ABCG2 (BCRP),Q9UNQ0,transporter_inhibition,Unknown
5656,Venlafaxine,216326,Lenalidomide,ABCB1 (P-gp),P08183,transporter_inhibition,Unknown
3158,Doxepin,216326,Lenalidomide,ABCB1 (P-gp),P08183,transporter_inhibition,Unknown
3488,Glibenclamide,216326,Lenalidomide,ABCB1 (P-gp),P08183,transporter_inhibition,Unknown
4112,"Methotrexate, (A+-)-",4691,"3-(1,3-Benzodioxol-5-yloxymethyl)-4-(4-fluorophenyl)piperidine",ABCB1 (P-gp),P08183,transporter_inhibition,Unknown
3348,Fexofenadine,216326,Lenalidomide,ABCB1 (P-gp),P08183,transporter_inhibition,Unknown
2812,Clotrimazole,216326,Lenalidomide,ABCB1 (P-gp),P08183,transporter_inhibition,Unknown
2812,Clotrimazole,216326,Lenalidomide,ABCB1 (P-gp),P08183,transporter_induction,Unknown
4112,"Methotrexate, (A+-)-",5376,"(E,Z)-Tamoxifen",ABCB1 (P-gp),P08183,transporter_inhibition,Moderate
4112,"Methotrexate, (A+-)-",5376,"(E,Z)-Tamoxifen",ABCB1 (P-gp),P08183,transporter_induction,Moderate
4583,Ofloxacin,38904,"Azane;cyclobutane-1,1-dicarboxylic acid;platinum",ABCC2 (MRP2),Q92887,transporter_inhibition,Minor
3440,Furosemide,38904,"Azane;cyclobutane-1,1-dicarboxylic acid;platinum",ABCC2 (MRP2),Q92887,transporter_inhibition,Moderate
1690,Doxorubicin (Adriamycin) HCl,148192,Atazanavir,ABCC1,P33527,transporter_inhibition,Unknown
4583,Ofloxacin,14888,Arsenic Trioxide,ABCC2 (MRP2),Q92887,transporter_induction,Major
4583,Ofloxacin,14888,Arsenic Trioxide,ABCC2 (MRP2),Q92887,transporter_inhibition,Major
2284,Baclofen,4112,"Methotrexate, (A+-)-",SLCO1B3? (OATP),Q8TCC7,transporter_inhibition,Unknown
3793,Itrizole,4112,"Methotrexate, (A+-)-",ABCB1 (P-gp),P08183,transporter_inhibition,Moderate
2550,1-(2-Methyl-3-sulfanylpropanoyl)proline,4112,"Methotrexate, (A+-)-",SLCO1B1 (OATP1B1),Q4U2R8,transporter_inhibition,Moderate
5291,Imatinib,5401,Terazosin,ABCB1 (P-gp),P08183,transporter_inhibition,Unknown
1986,Acetazolamide,4112,"Methotrexate, (A+-)-",SLCO1B1 (OATP1B1),Q4U2R8,transporter_inhibition,Unknown
4927,Promethazine,5978,Vincristine,ABCB1 (P-gp),P08183,transporter_inhibition,Unknown
4927,Promethazine,5978,Vincristine,ABCB1 (P-gp),P08183,transporter_induction,Unknown
3639,Hydrochlorothiazide,4112,"Methotrexate, (A+-)-",SLCO1B1 (OATP1B1),Q4U2R8,transporter_inhibition,Moderate
2554,Carbamazepine,4112,"Methotrexate, (A+-)-",ABCB1 (P-gp),P08183,transporter_induction,Moderate
2554,Carbamazepine,4112,"Methotrexate, (A+-)-",ABCC2 (MRP2),Q92887,transporter_inhibition,Moderate
3414,Phosphonatoformate,4112,"Methotrexate, (A+-)-",SLCO1B1 (OATP1B1),Q4U2R8,transporter_inhibition,Unknown
4112,"Methotrexate, (A+-)-",148192,Atazanavir,ABCB1 (P-gp),P08183,transporter_inhibition,Unknown
3676,Lidocaine,5746,Mitomycin C,ABCB1 (P-gp),P08183,transporter_inhibition,Unknown
1983,Acetaminophen,5746,Mitomycin C,ABCB1 (P-gp),P08183,transporter_inhibition,Unknown
4112,"Methotrexate, (A+-)-",3062316,Dasatinib,ABCB1 (P-gp),P08183,transporter_inhibition,Unknown
3108,Dipyridamole,3385,5-Fluorouracil,ABCC4 (MRP4),O15439,transporter_inhibition,Unknown
3345,Fentanyl,4112,"Methotrexate, (A+-)-",ABCB1 (P-gp),P08183,transporter_inhibition,Unknown
2153,Theophylline,4112,"Methotrexate, (A+-)-",SLC22A7,Q9Y694,transporter_inhibition,Moderate
54454,Simvastatin,216326,Lenalidomide,ABCB1 (P-gp),P08183,transporter_inhibition,Major
4112,"Methotrexate, (A+-)-",5578,Trimethoprim,ABCB1 (P-gp),P08183,transporter_induction,Major
4112,"Methotrexate, (A+-)-",5578,Trimethoprim,ABCB1 (P-gp),P08183,transporter_inhibition,Major
4583,Ofloxacin,5978,Vincristine,ABCC2 (MRP2),Q92887,transporter_inhibition,Minor
4112,"Methotrexate, (A+-)-",5978,Vincristine,ABCB1 (P-gp),P08183,transporter_inhibition,Moderate
4112,"Methotrexate, (A+-)-",5978,Vincristine,ABCB1 (P-gp),P08183,transporter_induction,Moderate
2019,Dactinomycin (USP),2907,Cyclophosphamide,ABCB1 (P-gp),P08183,transporter_inhibition,Unknown
3715,Indomethacin,5978,Vincristine,ABCB1 (P-gp),P08183,transporter_inhibition,Unknown
3715,Indomethacin,5978,Vincristine,ABCB1 (P-gp),P08183,transporter_induction,Unknown
38904,"Azane;cyclobutane-1,1-dicarboxylic acid;platinum",93860,"Bortezomib, (1S,2R)-",SLC31A1,O15431,transporter_inhibition,Moderate
5090,Rofecoxib,667490,6-Mercaptopurine,ABCC4 (MRP4),O15439,transporter_inhibition,Unknown
5978,Vincristine,68740,Zoledronic Acid,ABCC1,P33527,transporter_inhibition,Unknown
2812,Clotrimazole,4112,"Methotrexate, (A+-)-",ABCC2 (MRP2),Q92887,transporter_inhibition,Moderate
2812,Clotrimazole,4112,"Methotrexate, (A+-)-",ABCB1 (P-gp),P08183,transporter_induction,Moderate
3222,1-(2-{[1-(Ethoxycarbonyl)-3-phenylpropyl]amino}propanoyl)proline maleate,176870,Erlotinib,ABCB1 (P-gp),P08183,transporter_inhibition,Unknown
2719,Chloroquine,4112,"Methotrexate, (A+-)-",ABCB1 (P-gp),P08183,transporter_inhibition,Minor
4112,"Methotrexate, (A+-)-",124087,Desloratadine,ABCB1 (P-gp),P08183,transporter_inhibition,Unknown
3672,"Ibuprofen, (+-)-",5978,Vincristine,ABCB1 (P-gp),P08183,transporter_inhibition,Unknown
3672,"Ibuprofen, (+-)-",5978,Vincristine,ABCB1 (P-gp),P08183,transporter_induction,Unknown
2162,Amlodipine,216326,Lenalidomide,ABCB1 (P-gp),P08183,transporter_inhibition,Unknown
2801,Clomipramine,4112,"Methotrexate, (A+-)-",ABCB1 (P-gp),P08183,transporter_inhibition,Unknown
3365,Fluconazole,4112,"Methotrexate, (A+-)-",ABCB1 (P-gp),P08183,transporter_inhibition,Moderate
1690,Doxorubicin (Adriamycin) HCl,2520,Verapamil,ABCC1,P33527,transporter_inhibition,Moderate
3385,5-Fluorouracil,65999,Telmisartan,ABCG2 (BCRP),Q9UNQ0,transporter_inhibition,Unknown
2907,Cyclophosphamide,3157,Doxazosin,ABCB1 (P-gp),P08183,transporter_inhibition,Unknown
4679,Pantoprazole,38904,"Azane;cyclobutane-1,1-dicarboxylic acid;platinum",ABCG2 (BCRP),Q9UNQ0,transporter_inhibition,Moderate
4212,Mitoxantrone,4583,Ofloxacin,ABCC1,P33527,transporter_inhibition,Minor
4112,"Methotrexate, (A+-)-",4946,Propranolol,ABCB1 (P-gp),P08183,transporter_inhibition,Unknown
2662,Celecoxib,3108,Dipyridamole,ABCC4 (MRP4),O15439,transporter_inhibition,Moderate
3440,Furosemide,5376,"(E,Z)-Tamoxifen",ABCC2 (MRP2),Q92887,transporter_inhibition,Unknown
4112,"Methotrexate, (A+-)-",5656,Venlafaxine,ABCG2 (BCRP),Q9UNQ0,transporter_induction,Unknown
4112,"Methotrexate, (A+-)-",5656,Venlafaxine,ABCB1 (P-gp),P08183,transporter_inhibition,Unknown
1775,Phenytoin,4112,"Methotrexate, (A+-)-",ABCC2 (MRP2),Q92887,transporter_inhibition,Moderate
1690,Doxorubicin (Adriamycin) HCl,5076,"N-[3-hydroxy-5-[[3-methyl-2-[[[methyl-[(2-propan-2-yl-4-thiazolyl)methyl]amino]-oxomethyl]amino]-1-oxobutyl]amino]-1,6-diphenylhexan-2-yl]carbamic acid 5-thiazolylmethyl ester",ABCC1,P33527,transporter_inhibition,Moderate
1690,Doxorubicin (Adriamycin) HCl,5076,"N-[3-hydroxy-5-[[3-methyl-2-[[[methyl-[(2-propan-2-yl-4-thiazolyl)methyl]amino]-oxomethyl]amino]-1-oxobutyl]amino]-1,6-diphenylhexan-2-yl]carbamic acid 5-thiazolylmethyl ester",ABCC1,P33527,transporter_induction,Moderate
214,8-iso Prostaglandin E1,4112,"Methotrexate, (A+-)-",ABCC4 (MRP4),O15439,transporter_inhibition,Unknown
5358,Sumatriptan,5376,"(E,Z)-Tamoxifen",ABCB1 (P-gp),P08183,transporter_inhibition,Unknown
5358,Sumatriptan,5376,"(E,Z)-Tamoxifen",ABCB1 (P-gp),P08183,transporter_induction,Unknown
4112,"Methotrexate, (A+-)-",5090,Rofecoxib,ABCC4 (MRP4),O15439,transporter_inhibition,Moderate
3672,"Ibuprofen, (+-)-",3062316,Dasatinib,ABCB1 (P-gp),P08183,transporter_inhibition,Major
3488,Glibenclamide,19090,Megestrol,ABCB1 (P-gp),P08183,transporter_inhibition,Moderate
4212,Mitoxantrone,4927,Promethazine,ABCB1 (P-gp),P08183,transporter_inhibition,Unknown
4212,Mitoxantrone,4927,Promethazine,ABCB1 (P-gp),P08183,transporter_induction,Unknown
3696,Imipramine,4112,"Methotrexate, (A+-)-",ABCB1 (P-gp),P08183,transporter_inhibition,Unknown
2550,1-(2-Methyl-3-sulfanylpropanoyl)proline,2907,Cyclophosphamide,ABCB1 (P-gp),P08183,transporter_inhibition,Unknown
2907,Cyclophosphamide,4893,Prazosin,ABCB1 (P-gp),P08183,transporter_inhibition,Unknown
5978,Vincristine,38904,"Azane;cyclobutane-1,1-dicarboxylic acid;platinum",ABCC2 (MRP2),Q92887,transporter_inhibition,Moderate
2520,Verapamil,38904,"Azane;cyclobutane-1,1-dicarboxylic acid;platinum",ABCC2 (MRP2),Q92887,transporter_inhibition,Unknown
3157,Doxazosin,216326,Lenalidomide,ABCB1 (P-gp),P08183,transporter_inhibition,Unknown
4112,"Methotrexate, (A+-)-",5184,"9-Methyl-3-oxa-9-azatricyclo(3.3.1.02,4)nonan-7-yl tropate",ABCB1 (P-gp),P08183,transporter_inhibition,Unknown
4112,"Methotrexate, (A+-)-",38904,"Azane;cyclobutane-1,1-dicarboxylic acid;platinum",ABCC2 (MRP2),Q92887,transporter_inhibition,Moderate
4212,Mitoxantrone,4691,"3-(1,3-Benzodioxol-5-yloxymethyl)-4-(4-fluorophenyl)piperidine",ABCB1 (P-gp),P08183,transporter_inhibition,Unknown
4212,Mitoxantrone,4691,"3-(1,3-Benzodioxol-5-yloxymethyl)-4-(4-fluorophenyl)piperidine",ABCB1 (P-gp),P08183,transporter_induction,Unknown
2550,1-(2-Methyl-3-sulfanylpropanoyl)proline,5978,Vincristine,ABCB1 (P-gp),P08183,transporter_inhibition,Unknown
2550,1-(2-Methyl-3-sulfanylpropanoyl)proline,5978,Vincristine,ABCB1 (P-gp),P08183,transporter_induction,Unknown
3108,Dipyridamole,216326,Lenalidomide,ABCB1 (P-gp),P08183,transporter_inhibition,Unknown
3108,Dipyridamole,123631,Gefitinib,ABCB1 (P-gp),P08183,transporter_inhibition,Unknown
3883,Lansoprazole,119182,Clofarabine,ABCG2 (BCRP),Q9UNQ0,transporter_inhibition,Unknown
3222,1-(2-{[1-(Ethoxycarbonyl)-3-phenylpropyl]amino}propanoyl)proline maleate,216326,Lenalidomide,ABCB1 (P-gp),P08183,transporter_inhibition,Unknown
3961,Losartan,216326,Lenalidomide,ABCB1 (P-gp),P08183,transporter_inhibition,Unknown
1690,Doxorubicin (Adriamycin) HCl,3672,"Ibuprofen, (+-)-",ABCC1,P33527,transporter_inhibition,Unknown
4171,Metoprolol,4212,Mitoxantrone,ABCB1 (P-gp),P08183,transporter_induction,Unknown
4171,Metoprolol,4212,Mitoxantrone,ABCB1 (P-gp),P08183,transporter_inhibition,Unknown
2477,Buspirone,216326,Lenalidomide,ABCB1 (P-gp),P08183,transporter_inhibition,Unknown
3961,Losartan,4112,"Methotrexate, (A+-)-",SLCO1B1 (OATP1B1),Q4U2R8,transporter_inhibition,Unknown
2585,Carvedilol,4112,"Methotrexate, (A+-)-",ABCB1 (P-gp),P08183,transporter_inhibition,Unknown
1690,Doxorubicin (Adriamycin) HCl,3488,Glibenclamide,ABCC1,P33527,transporter_inhibition,Unknown
4112,"Methotrexate, (A+-)-",5401,Terazosin,ABCB1 (P-gp),P08183,transporter_inhibition,Unknown
3333,Felodipine,216326,Lenalidomide,ABCB1 (P-gp),P08183,transporter_inhibition,Unknown
5401,Terazosin,216326,Lenalidomide,ABCB1 (P-gp),P08183,transporter_inhibition,Unknown
2267,Azelastine,4112,"Methotrexate, (A+-)-",ABCB1 (P-gp),P08183,transporter_inhibition,Unknown
4112,"Methotrexate, (A+-)-",4829,Pioglitazone,SLCO1B1,Q9Y6L6,transporter_inhibition,Moderate
3878,Lamotrigine,5291,Imatinib,ABCB1 (P-gp),P08183,transporter_inhibition,Unknown
3883,Lansoprazole,38904,"Azane;cyclobutane-1,1-dicarboxylic acid;platinum",ABCG2 (BCRP),Q9UNQ0,transporter_inhibition,Moderate
4679,Pantoprazole,119182,Clofarabine,ABCG2 (BCRP),Q9UNQ0,transporter_inhibition,Unknown
3222,1-(2-{[1-(Ethoxycarbonyl)-3-phenylpropyl]amino}propanoyl)proline maleate,4112,"Methotrexate, (A+-)-",SLCO1B1 (OATP1B1),Q4U2R8,transporter_inhibition,Moderate
2764,Ciprofloxacin,4112,"Methotrexate, (A+-)-",ABCB1 (P-gp),P08183,transporter_inhibition,Moderate
3032,Arthrotec,4112,"Methotrexate, (A+-)-",ABCC1,P33527,transporter_inhibition,Major
2471,Bumetanide,3385,5-Fluorouracil,SLC22A7,Q9Y694,transporter_inhibition,Unknown
2019,Dactinomycin (USP),3121,Valproic Acid,SLC22A5,O76082,transporter_inhibition,Unknown
2477,Buspirone,4112,"Methotrexate, (A+-)-",ABCB1 (P-gp),P08183,transporter_inhibition,Unknown
4679,Pantoprazole,5746,Mitomycin C,ABCB1 (P-gp),P08183,transporter_inhibition,Unknown
2554,Carbamazepine,19090,Megestrol,ABCB1 (P-gp),P08183,transporter_induction,Moderate
2554,Carbamazepine,19090,Megestrol,ABCB1 (P-gp),P08183,transporter_inhibition,Moderate
2907,Cyclophosphamide,3108,Dipyridamole,ABCB1 (P-gp),P08183,transporter_inhibition,Unknown
2019,Dactinomycin (USP),5978,Vincristine,ABCB1 (P-gp),P08183,transporter_inhibition,Unknown
2019,Dactinomycin (USP),5978,Vincristine,ABCB1 (P-gp),P08183,transporter_induction,Unknown
3308,Etodolac,4112,"Methotrexate, (A+-)-",SLCO1B1 (OATP1B1),Q4U2R8,transporter_inhibition,Major
1690,Doxorubicin (Adriamycin) HCl,13342,Vinblastine,ABCC1,P33527,transporter_inhibition,Minor
1690,Doxorubicin (Adriamycin) HCl,13342,Vinblastine,ABCC1,P33527,transporter_induction,Minor
2907,Cyclophosphamide,5184,"9-Methyl-3-oxa-9-azatricyclo(3.3.1.02,4)nonan-7-yl tropate",ABCB1 (P-gp),P08183,transporter_inhibition,Unknown
3672,"Ibuprofen, (+-)-",4112,"Methotrexate, (A+-)-",ABCC1,P33527,transporter_inhibition,Major
1775,Phenytoin,19090,Megestrol,ABCB1 (P-gp),P08183,transporter_inhibition,Moderate
3954,Loperamide(1+),216326,Lenalidomide,ABCB1 (P-gp),P08183,transporter_inhibition,Unknown
3440,Furosemide,216239,Sorafenib,ABCC2 (MRP2),Q92887,transporter_inhibition,Unknown
1690,Doxorubicin (Adriamycin) HCl,5978,Vincristine,ABCC1,P33527,transporter_inhibition,Minor
2244,Aspirin,4112,"Methotrexate, (A+-)-",SLCO1B1 (OATP1B1),Q4U2R8,transporter_inhibition,Major
4212,Mitoxantrone,68740,Zoledronic Acid,ABCC1,P33527,transporter_inhibition,Unknown
3463,Gemfibrozil,4112,"Methotrexate, (A+-)-",SLCO1B1,Q9Y6L6,transporter_inhibition,Moderate
5291,Imatinib,59708,alpha-ethyl-2-oxo-1-Pyrrolidineacetamide,ABCB1 (P-gp),P08183,transporter_inhibition,Unknown
3962,"8-(2-(4-Hydroxy-6-oxooxan-2-yl)ethyl)-3,7-dimethyl-1,2,3,7,8,8a-hexahydronaphthalen-1-yl 2-methylbutanoate",216326,Lenalidomide,ABCB1 (P-gp),P08183,transporter_inhibition,Major
4171,Metoprolol,216326,Lenalidomide,ABCB1 (P-gp),P08183,transporter_inhibition,Unknown
4691,"3-(1,3-Benzodioxol-5-yloxymethyl)-4-(4-fluorophenyl)piperidine",3062316,Dasatinib,ABCB1 (P-gp),P08183,transporter_inhibition,Moderate
5401,Terazosin,216239,Sorafenib,ABCB1 (P-gp),P08183,transporter_inhibition,Unknown
2244,Aspirin,4212,Mitoxantrone,ABCB1 (P-gp),P08183,transporter_induction,Unknown
2244,Aspirin,4212,Mitoxantrone,ABCB1 (P-gp),P08183,transporter_inhibition,Unknown
3394,Flurbiprofen,4112,"Methotrexate, (A+-)-",SLCO1B1 (OATP1B1),Q4U2R8,transporter_inhibition,Major
2244,Aspirin,3062316,Dasatinib,ABCB1 (P-gp),P08183,transporter_inhibition,Major
3672,"Ibuprofen, (+-)-",4212,Mitoxantrone,ABCB1 (P-gp),P08183,transporter_induction,Unknown
3672,"Ibuprofen, (+-)-",4212,Mitoxantrone,ABCB1 (P-gp),P08183,transporter_inhibition,Unknown
4112,"Methotrexate, (A+-)-",4499,Nisoldipine,ABCB1 (P-gp),P08183,transporter_inhibition,Unknown
2244,Aspirin,5978,Vincristine,ABCB1 (P-gp),P08183,transporter_inhibition,Unknown
2244,Aspirin,5978,Vincristine,ABCB1 (P-gp),P08183,transporter_induction,Unknown
2162,Amlodipine,4112,"Methotrexate, (A+-)-",ABCB1 (P-gp),P08183,transporter_inhibition,Unknown
4411,"5-[3-(Tert-butylamino)-2-hydroxypropoxy]-1,2,3,4-tetrahydronaphthalene-2,3-diol",216239,Sorafenib,ABCB1 (P-gp),P08183,transporter_inhibition,Unknown
4691,"3-(1,3-Benzodioxol-5-yloxymethyl)-4-(4-fluorophenyl)piperidine",216326,Lenalidomide,ABCB1 (P-gp),P08183,transporter_inhibition,Unknown
3793,Itrizole,216326,Lenalidomide,ABCB1 (P-gp),P08183,transporter_inhibition,Unknown
3222,1-(2-{[1-(Ethoxycarbonyl)-3-phenylpropyl]amino}propanoyl)proline maleate,3062316,Dasatinib,ABCB1 (P-gp),P08183,transporter_inhibition,Unknown
5291,Imatinib,38904,"Azane;cyclobutane-1,1-dicarboxylic acid;platinum",ABCG2 (BCRP),Q9UNQ0,transporter_inhibition,Moderate
3386,Fluoxetine,4112,"Methotrexate, (A+-)-",ABCB1 (P-gp),P08183,transporter_inhibition,Unknown
4927,Promethazine,216326,Lenalidomide,ABCB1 (P-gp),P08183,transporter_inhibition,Unknown
3121,Valproic Acid,667490,6-Mercaptopurine,SLCO1B3? (OATP),Q8TCC7,transporter_inhibition,Unknown
3157,Doxazosin,4112,"Methotrexate, (A+-)-",ABCB1 (P-gp),P08183,transporter_inhibition,Unknown
2250,Atorvastatin EP Impurity B,216326,Lenalidomide,ABCB1 (P-gp),P08183,transporter_inhibition,Major
3440,Furosemide,5978,Vincristine,ABCC2 (MRP2),Q92887,transporter_inhibition,Unknown
2019,Dactinomycin (USP),2162,Amlodipine,ABCB1 (P-gp),P08183,transporter_inhibition,Unknown
4112,"Methotrexate, (A+-)-",68740,Zoledronic Acid,ABCC1,P33527,transporter_inhibition,Moderate
2662,Celecoxib,4112,"Methotrexate, (A+-)-",ABCC4 (MRP4),O15439,transporter_inhibition,Moderate
5746,Mitomycin C,123631,Gefitinib,ABCB1 (P-gp),P08183,transporter_inhibition,Unknown
4112,"Methotrexate, (A+-)-",13342,Vinblastine,ABCB1 (P-gp),P08183,transporter_inhibition,Moderate
4112,"Methotrexate, (A+-)-",13342,Vinblastine,ABCB1 (P-gp),P08183,transporter_induction,Moderate
1690,Doxorubicin (Adriamycin) HCl,3032,Arthrotec,ABCC1,P33527,transporter_inhibition,Unknown
2708,Chlorambucil,54454,Simvastatin,SLCO1A2 (OATP1A2),P46721,transporter_inhibition,Unknown
2907,Cyclophosphamide,59708,alpha-ethyl-2-oxo-1-Pyrrolidineacetamide,ABCB1 (P-gp),P08183,transporter_inhibition,Unknown
2907,Cyclophosphamide,216326,Lenalidomide,ABCB1 (P-gp),P08183,transporter_inhibition,Unknown
3440,Furosemide,14888,Arsenic Trioxide,ABCC2 (MRP2),Q92887,transporter_inhibition,Major
3440,Furosemide,14888,Arsenic Trioxide,ABCC2 (MRP2),Q92887,transporter_induction,Major
3957,Loratadine,216326,Lenalidomide,ABCB1 (P-gp),P08183,transporter_inhibition,Unknown
59708,alpha-ethyl-2-oxo-1-Pyrrolidineacetamide,123631,Gefitinib,ABCB1 (P-gp),P08183,transporter_inhibition,Unknown
4212,Mitoxantrone,38904,"Azane;cyclobutane-1,1-dicarboxylic acid;platinum",ABCG2 (BCRP),Q9UNQ0,transporter_inhibition,Moderate
38904,"Azane;cyclobutane-1,1-dicarboxylic acid;platinum",216239,Sorafenib,ABCC2 (MRP2),Q92887,transporter_inhibition,Major
2585,Carvedilol,176870,Erlotinib,ABCB1 (P-gp),P08183,transporter_inhibition,Unknown
3954,Loperamide(1+),5746,Mitomycin C,ABCB1 (P-gp),P08183,transporter_inhibition,Unknown
5978,Vincristine,216326,Lenalidomide,ABCB1 (P-gp),P08183,transporter_inhibition,Unknown
5978,Vincristine,216326,Lenalidomide,ABCB1 (P-gp),P08183,transporter_induction,Unknown
4112,"Methotrexate, (A+-)-",4932,Propafenone,ABCB1 (P-gp),P08183,transporter_inhibition,Unknown
4171,Metoprolol,14888,Arsenic Trioxide,ABCB1 (P-gp),P08183,transporter_inhibition,Unknown
4212,Mitoxantrone,5358,Sumatriptan,ABCB1 (P-gp),P08183,transporter_inhibition,Unknown
4212,Mitoxantrone,5358,Sumatriptan,ABCB1 (P-gp),P08183,transporter_induction,Unknown
3823,"1-(4-(4-((2-(2,4-Dichlorophenyl)-2-(1H-imidazol-1-ylmethyl)-1,3-dioxolan-4-yl)methoxy)phenyl)piperazin-1-yl)ethanone",216326,Lenalidomide,ABCB1 (P-gp),P08183,transporter_inhibition,Unknown
3386,Fluoxetine,216326,Lenalidomide,ABCB1 (P-gp),P08183,transporter_inhibition,Unknown
13342,Vinblastine,68740,Zoledronic Acid,ABCC1,P33527,transporter_inhibition,Unknown
13342,Vinblastine,68740,Zoledronic Acid,ABCC1,P33527,transporter_induction,Unknown
4112,"Methotrexate, (A+-)-",4506,Nitrazepam,ABCB1 (P-gp),P08183,transporter_inhibition,Unknown
4112,"Methotrexate, (A+-)-",5076,"N-[3-hydroxy-5-[[3-methyl-2-[[[methyl-[(2-propan-2-yl-4-thiazolyl)methyl]amino]-oxomethyl]amino]-1-oxobutyl]amino]-1,6-diphenylhexan-2-yl]carbamic acid 5-thiazolylmethyl ester",ABCB1 (P-gp),P08183,transporter_inhibition,Moderate
4112,"Methotrexate, (A+-)-",5076,"N-[3-hydroxy-5-[[3-methyl-2-[[[methyl-[(2-propan-2-yl-4-thiazolyl)methyl]amino]-oxomethyl]amino]-1-oxobutyl]amino]-1,6-diphenylhexan-2-yl]carbamic acid 5-thiazolylmethyl ester",ABCB1 (P-gp),P08183,transporter_induction,Moderate
3954,Loperamide(1+),3062316,Dasatinib,ABCB1 (P-gp),P08183,transporter_inhibition,Moderate
1983,Acetaminophen,2019,Dactinomycin (USP),ABCB1 (P-gp),P08183,transporter_inhibition,Unknown
3385,5-Fluorouracil,4112,"Methotrexate, (A+-)-",ABCC3,O15438,transporter_inhibition,Moderate
3715,Indomethacin,38904,"Azane;cyclobutane-1,1-dicarboxylic acid;platinum",ABCC2 (MRP2),Q92887,transporter_inhibition,Unknown
4091,Metformin,5978,Vincristine,SLC22A3,O75751,transporter_inhibition,Unknown
4513,Nizatidine,5978,Vincristine,ABCB1 (P-gp),P08183,transporter_inhibition,Unknown
4513,Nizatidine,5978,Vincristine,ABCB1 (P-gp),P08183,transporter_induction,Unknown
3672,"Ibuprofen, (+-)-",667490,6-Mercaptopurine,SLCO1B3? (OATP),Q8TCC7,transporter_inhibition,Unknown
3108,Dipyridamole,4112,"Methotrexate, (A+-)-",ABCC4 (MRP4),O15439,transporter_inhibition,Unknown
3954,Loperamide(1+),4112,"Methotrexate, (A+-)-",ABCB1 (P-gp),P08183,transporter_inhibition,Unknown
4112,"Methotrexate, (A+-)-",4189,Miconazole,ABCB1 (P-gp),P08183,transporter_inhibition,Unknown
3488,Glibenclamide,4112,"Methotrexate, (A+-)-",ABCC2 (MRP2),Q92887,transporter_inhibition,Unknown
4946,Propranolol,216326,Lenalidomide,ABCB1 (P-gp),P08183,transporter_inhibition,Unknown
3157,Doxazosin,5978,Vincristine,ABCB1 (P-gp),P08183,transporter_inhibition,Unknown
3157,Doxazosin,5978,Vincristine,ABCB1 (P-gp),P08183,transporter_induction,Unknown
4171,Metoprolol,3062316,Dasatinib,ABCB1 (P-gp),P08183,transporter_inhibition,Unknown
2019,Dactinomycin (USP),2554,Carbamazepine,ABCB1 (P-gp),P08183,transporter_induction,Unknown
2019,Dactinomycin (USP),2554,Carbamazepine,ABCB1 (P-gp),P08183,transporter_inhibition,Unknown
2019,Dactinomycin (USP),4112,"Methotrexate, (A+-)-",ABCC1,P33527,transporter_inhibition,Unknown
3823,"1-(4-(4-((2-(2,4-Dichlorophenyl)-2-(1H-imidazol-1-ylmethyl)-1,3-dioxolan-4-yl)methoxy)phenyl)piperazin-1-yl)ethanone",4112,"Methotrexate, (A+-)-",ABCB1 (P-gp),P08183,transporter_inhibition,Moderate
3878,Lamotrigine,5376,"(E,Z)-Tamoxifen",ABCB1 (P-gp),P08183,transporter_inhibition,Unknown
3878,Lamotrigine,5376,"(E,Z)-Tamoxifen",ABCB1 (P-gp),P08183,transporter_induction,Unknown
65999,Telmisartan,176870,Erlotinib,ABCG2 (BCRP),Q9UNQ0,transporter_inhibition,Unknown
2171,"6-(2-Amino(4-hydroxyphenyl)acetamido)-3,3-dimethyl-7-oxo-4-thia-1-azabicyclo(3.2.0)heptane-2-carboxylic acid",4112,"Methotrexate, (A+-)-",SLCO1B1 (OATP1B1),Q4U2R8,transporter_inhibition,Major
2806,(RS)-Clopidogrel,3062316,Dasatinib,ABCB1 (P-gp),P08183,transporter_inhibition,Major
38904,"Azane;cyclobutane-1,1-dicarboxylic acid;platinum",65999,Telmisartan,ABCC2 (MRP2),Q92887,transporter_inhibition,Unknown
4485,Nifedipine,216326,Lenalidomide,ABCB1 (P-gp),P08183,transporter_inhibition,Unknown
4485,Nifedipine,216326,Lenalidomide,ABCB1 (P-gp),P08183,transporter_induction,Unknown
5076,"N-[3-hydroxy-5-[[3-methyl-2-[[[methyl-[(2-propan-2-yl-4-thiazolyl)methyl]amino]-oxomethyl]amino]-1-oxobutyl]amino]-1,6-diphenylhexan-2-yl]carbamic acid 5-thiazolylmethyl ester",38904,"Azane;cyclobutane-1,1-dicarboxylic acid;platinum",ABCG2 (BCRP),Q9UNQ0,transporter_inhibition,Unknown
5076,"N-[3-hydroxy-5-[[3-methyl-2-[[[methyl-[(2-propan-2-yl-4-thiazolyl)methyl]amino]-oxomethyl]amino]-1-oxobutyl]amino]-1,6-diphenylhexan-2-yl]carbamic acid 5-thiazolylmethyl ester",38904,"Azane;cyclobutane-1,1-dicarboxylic acid;platinum",ABCC2 (MRP2),Q92887,transporter_induction,Unknown
3108,Dipyridamole,5978,Vincristine,ABCB1 (P-gp),P08183,transporter_inhibition,Unknown
3108,Dipyridamole,5978,Vincristine,ABCB1 (P-gp),P08183,transporter_induction,Unknown
5376,"(E,Z)-Tamoxifen",5746,Mitomycin C,ABCB1 (P-gp),P08183,transporter_inhibition,Moderate
5376,"(E,Z)-Tamoxifen",5746,Mitomycin C,ABCB1 (P-gp),P08183,transporter_induction,Moderate
2907,Cyclophosphamide,5746,Mitomycin C,ABCB1 (P-gp),P08183,transporter_inhibition,Moderate
3108,Dipyridamole,5746,Mitomycin C,ABCB1 (P-gp),P08183,transporter_inhibition,Unknown
2250,Atorvastatin EP Impurity B,4112,"Methotrexate, (A+-)-",ABCC2 (MRP2),Q92887,transporter_inhibition,Moderate
2662,Celecoxib,667490,6-Mercaptopurine,ABCC4 (MRP4),O15439,transporter_inhibition,Unknown
3333,Felodipine,5746,Mitomycin C,ABCB1 (P-gp),P08183,transporter_inhibition,Unknown
3385,5-Fluorouracil,5978,Vincristine,ABCC3,O15438,transporter_inhibition,Minor
5376,"(E,Z)-Tamoxifen",216326,Lenalidomide,ABCB1 (P-gp),P08183,transporter_inhibition,Major
5376,"(E,Z)-Tamoxifen",216326,Lenalidomide,ABCB1 (P-gp),P08183,transporter_induction,Major
3032,Arthrotec,5746,Mitomycin C,ABCB1 (P-gp),P08183,transporter_inhibition,Unknown
1690,Doxorubicin (Adriamycin) HCl,3255,"6-((4-(Dimethylamino)-3-hydroxy-6-methyloxan-2-yl)oxy)-14-ethyl-7,12,13-trihydroxy-4-((5-hydroxy-4-methoxy-4,6-dimethyloxan-2-yl)oxy)-3,5,7,9,11,13-hexamethyl-1-oxacyclotetradecane-2,10-dione",ABCC1,P33527,transporter_inhibition,Moderate
2764,Ciprofloxacin,5746,Mitomycin C,ABCB1 (P-gp),P08183,transporter_inhibition,Minor
59708,alpha-ethyl-2-oxo-1-Pyrrolidineacetamide,216239,Sorafenib,ABCB1 (P-gp),P08183,transporter_inhibition,Unknown
2585,Carvedilol,3062316,Dasatinib,ABCB1 (P-gp),P08183,transporter_inhibition,Unknown
4212,Mitoxantrone,59708,alpha-ethyl-2-oxo-1-Pyrrolidineacetamide,ABCB1 (P-gp),P08183,transporter_induction,Unknown
4212,Mitoxantrone,59708,alpha-ethyl-2-oxo-1-Pyrrolidineacetamide,ABCB1 (P-gp),P08183,transporter_inhibition,Unknown
4691,"3-(1,3-Benzodioxol-5-yloxymethyl)-4-(4-fluorophenyl)piperidine",14888,Arsenic Trioxide,ABCB1 (P-gp),P08183,transporter_inhibition,Unknown
4212,Mitoxantrone,5746,Mitomycin C,ABCB1 (P-gp),P08183,transporter_inhibition,Moderate
4212,Mitoxantrone,5746,Mitomycin C,ABCB1 (P-gp),P08183,transporter_induction,Moderate
2907,Cyclophosphamide,5401,Terazosin,ABCB1 (P-gp),P08183,transporter_inhibition,Unknown
3348,Fexofenadine,5978,Vincristine,ABCB1 (P-gp),P08183,transporter_inhibition,Unknown
3348,Fexofenadine,5978,Vincristine,ABCB1 (P-gp),P08183,transporter_induction,Unknown
2520,Verapamil,667490,6-Mercaptopurine,ABCC4 (MRP4),O15439,transporter_inhibition,Unknown
4112,"Methotrexate, (A+-)-",5746,Mitomycin C,ABCB1 (P-gp),P08183,transporter_inhibition,Moderate
2019,Dactinomycin (USP),2550,1-(2-Methyl-3-sulfanylpropanoyl)proline,ABCB1 (P-gp),P08183,transporter_inhibition,Unknown
3157,Doxazosin,176870,Erlotinib,ABCB1 (P-gp),P08183,transporter_inhibition,Unknown
5746,Mitomycin C,54454,Simvastatin,ABCB1 (P-gp),P08183,transporter_inhibition,Unknown
3016,Diazepam,5746,Mitomycin C,ABCB1 (P-gp),P08183,transporter_inhibition,Unknown
38904,"Azane;cyclobutane-1,1-dicarboxylic acid;platinum",3062316,Dasatinib,ABCG2 (BCRP),Q9UNQ0,transporter_inhibition,Unknown
3878,Lamotrigine,5978,Vincristine,ABCB1 (P-gp),P08183,transporter_inhibition,Unknown
3878,Lamotrigine,5978,Vincristine,ABCB1 (P-gp),P08183,transporter_induction,Unknown
5978,Vincristine,65999,Telmisartan,ABCB1 (P-gp),P08183,transporter_inhibition,Unknown
5978,Vincristine,65999,Telmisartan,ABCB1 (P-gp),P08183,transporter_induction,Unknown
5746,Mitomycin C,5978,Vincristine,ABCB1 (P-gp),P08183,transporter_inhibition,Moderate
5746,Mitomycin C,5978,Vincristine,ABCB1 (P-gp),P08183,transporter_induction,Moderate
5578,Trimethoprim,216326,Lenalidomide,ABCB1 (P-gp),P08183,transporter_induction,Unknown
5578,Trimethoprim,216326,Lenalidomide,ABCB1 (P-gp),P08183,transporter_inhibition,Unknown
4095,Methadone,4112,"Methotrexate, (A+-)-",ABCB1 (P-gp),P08183,transporter_inhibition,Unknown
5656,Venlafaxine,38904,"Azane;cyclobutane-1,1-dicarboxylic acid;platinum",ABCG2 (BCRP),Q9UNQ0,transporter_induction,Unknown
4112,"Methotrexate, (A+-)-",5533,Trazodone,ABCB1 (P-gp),P08183,transporter_induction,Unknown
2812,Clotrimazole,38904,"Azane;cyclobutane-1,1-dicarboxylic acid;platinum",ABCC2 (MRP2),Q92887,transporter_induction,Unknown
4112,"Methotrexate, (A+-)-",4449,Nefazodone,ABCB1 (P-gp),P08183,transporter_induction,Moderate
4485,Nifedipine,38904,"Azane;cyclobutane-1,1-dicarboxylic acid;platinum",ABCC2 (MRP2),Q92887,transporter_induction,Unknown
